config,n_free,N,num_points,L,run,seed,train_data_seed,test_data_seed,test_rel_error,test_abs_error,test_loss,train_loss,epochs_run,stopping_reason,train_time
mu,1,16,5,1,0,100,200,300,0.00580757874250412,0.010073124885559082,0.00014092796482145786,0.00022217906371224672,2000,max_epochs,2.8852314350078814
mu,1,16,5,1,1,101,201,301,0.0022359076887369157,0.003817765772342682,2.5954563170671463e-05,9.959134104065015e-07,260,stopping_threshold,0.3478375519916881
mu,1,16,5,1,2,102,202,302,0.0020059328973293304,0.0034348652064800263,2.0668255863711236e-05,1.5068204675117158e-06,2000,max_epochs,2.667177893978078
mu,1,16,5,1,3,103,203,303,0.015760557770729065,0.030908589124679565,0.0010698820278048516,0.004181015305221081,2000,max_epochs,2.6088399559957907
mu,1,16,5,1,4,104,204,304,0.01787094807624817,0.022070218324661255,0.0018602186739444732,9.989224736273172e-07,855,stopping_threshold,1.136885173007613
mu,1,16,5,1,5,105,205,305,0.002134348452091217,0.0034230999648571015,2.2522746119648218e-05,9.958994269254617e-07,308,stopping_threshold,0.41146553301950917
mu,1,16,5,1,6,106,206,306,0.00768062835931778,0.009943033218383789,0.00032312122732400895,6.399206085916376e-06,2000,max_epochs,2.6190580030088313
mu,1,16,5,2,0,100,200,300,0.008892510771751403,0.01730473875999451,0.0003685774095356464,9.861023136181757e-05,2000,max_epochs,2.5259116739907768
mu,1,16,5,2,1,101,201,301,0.0020308619290590286,0.003420805871486664,2.2535130847245453e-05,9.895935590975569e-07,344,stopping_threshold,0.4353998980077449
mu,1,16,5,2,2,102,202,302,0.004301009029150009,0.006278271436691284,8.897276408970357e-05,9.993084404413821e-07,198,stopping_threshold,0.2516635379870422
mu,1,16,5,2,3,103,203,303,0.006326986491680145,0.00830880355834961,0.00027978092804551124,8.924356734496541e-06,2000,max_epochs,2.530980208015535
mu,1,16,5,2,4,104,204,304,0.017624984860420228,0.021796457529067993,0.0017910817712545395,9.849924254012876e-07,421,stopping_threshold,0.5339176889974624
mu,1,16,5,2,5,105,205,305,0.0022738949954509736,0.0036798740923404696,2.4964849231764673e-05,9.99924736788671e-07,958,stopping_threshold,1.2144653809955344
mu,1,16,5,2,6,106,206,306,0.0034628880620002746,0.005310936152935028,5.8044808451086284e-05,2.7995899927191203e-06,2000,max_epochs,2.531056694977451
mu,1,16,5,3,0,100,200,300,0.005187342703342437,0.010041250467300415,0.00017044467572122811,3.107047859884915e-06,2000,max_epochs,2.5313146090193186
mu,1,16,5,3,1,101,201,301,0.002025915861129761,0.003444747805595398,2.2392646642401814e-05,9.940393965734984e-07,252,stopping_threshold,0.3202526989916805
mu,1,16,5,3,2,102,202,302,0.0022338949143886565,0.0038222867250442506,2.4640253046527506e-05,9.969384109353996e-07,353,stopping_threshold,0.44824800599599257
mu,1,16,5,3,3,103,203,303,0.0029196107685565947,0.004425692617893219,4.439083952456713e-05,1.8839282347471453e-05,2000,max_epochs,2.5456932479864918
mu,1,16,5,3,4,104,204,304,0.018502519011497496,0.02291593337059021,0.0019548043310642243,9.987768407881958e-07,1004,stopping_threshold,1.27479473099811
mu,1,16,5,3,5,105,205,305,0.0018597865849733352,0.003195208668708801,1.810799934901297e-05,9.88489205155929e-07,216,stopping_threshold,0.27412578399525955
mu,1,16,5,3,6,106,206,306,0.0027235807478427887,0.0041792520880699156,3.396739368326962e-05,8.672056537761819e-06,2000,max_epochs,2.5399275950039737
mu,1,16,5,4,0,100,200,300,0.004709722995758056,0.008255893349647521,0.00011220076959580183,5.131358648213791e-06,2000,max_epochs,2.5811781759839505
mu,1,16,5,4,1,101,201,301,0.0022744094133377076,0.003961071133613586,2.837703307159245e-05,9.95093955680204e-07,139,stopping_threshold,0.18013237899867818
mu,1,16,5,4,2,102,202,302,0.0020348391085863115,0.0034663764238357544,2.0901680807583034e-05,9.994554375225562e-07,1515,stopping_threshold,1.9548985400178935
mu,1,16,5,4,3,103,203,303,0.003786813795566559,0.006845178365707397,6.473092781379819e-05,9.672190208220854e-05,2000,max_epochs,2.5481277039798442
mu,1,16,5,4,4,104,204,304,0.017191908955574035,0.02116003727912903,0.0017451191991567612,9.993126468543778e-07,446,stopping_threshold,0.5660618900146801
mu,1,16,5,4,5,105,205,305,0.002668802559375763,0.004016289740800857,3.5507956985384225e-05,9.929498219207744e-07,374,stopping_threshold,0.4767638510093093
mu,1,16,5,4,6,106,206,306,0.019927643775939943,0.03249311375617981,0.0013158546984195709,0.0004774181288667023,2000,max_epochs,2.544220106006833
mu,1,16,5,8,0,100,200,300,0.0036017381846904753,0.006121869087219238,6.877206731587649e-05,3.349320877532591e-06,2000,max_epochs,2.532748432015069
mu,1,16,5,8,1,101,201,301,0.002379379764199257,0.004003677189350128,2.8917253715917468e-05,9.980237791751279e-07,553,stopping_threshold,0.7002554390055593
mu,1,16,5,8,2,102,202,302,0.00238064968585968,0.003885491669178009,2.808194630779326e-05,9.983119753087522e-07,335,stopping_threshold,0.4238546259875875
mu,1,16,5,8,3,103,203,303,0.005859170436859131,0.011654851913452148,0.00016754375211894512,6.366908928612247e-05,2000,max_epochs,2.534730451996438
mu,1,16,5,8,4,104,204,304,0.01809651005268097,0.02228866243362427,0.0019217584729194642,9.978800790122477e-07,696,stopping_threshold,0.8839763510040939
mu,1,16,5,8,5,105,205,305,0.0026285460889339447,0.004237715005874634,3.296792274340987e-05,9.997468168876367e-07,1557,stopping_threshold,1.9801099660107866
mu,1,16,5,8,6,106,206,306,0.004649767071008682,0.006337236523628235,0.0001066855015233159,5.991115813230863e-06,2000,max_epochs,2.543554302013945
mu,1,16,10,1,0,100,200,300,0.004430634021759033,0.009979547023773194,0.00018828625604510308,5.095108917885227e-06,2000,max_epochs,2.572585912013892
mu,1,16,10,1,1,101,201,301,0.005138244152069092,0.009757042050361634,0.00012196067534387112,3.5575125366449356e-05,2000,max_epochs,2.5649743740214035
mu,1,16,10,1,2,102,202,302,0.0028129238188266755,0.004185883343219757,4.3829414993524554e-05,4.701233592641074e-06,2000,max_epochs,2.56667077698512
mu,1,16,10,1,3,103,203,303,0.010347164511680603,0.02196184825897217,0.0005924888774752617,0.0004294400569051504,2000,max_epochs,2.5682890200114343
mu,1,16,10,1,4,104,204,304,0.004193243533372879,0.00571979147195816,9.658200293779373e-05,1.3831457181368023e-05,2000,max_epochs,2.566843684995547
mu,1,16,10,1,5,105,205,305,0.0026639179587364197,0.004259139955043793,3.5406457725912335e-05,2.651677732501412e-06,2000,max_epochs,2.559371138981078
mu,1,16,10,1,6,106,206,306,0.0038969144225120544,0.005876033842563629,7.382732909172773e-05,3.757168542506406e-06,2000,max_epochs,2.573172111005988
mu,1,16,10,2,0,100,200,300,0.004257198125123977,0.009505251109600068,0.0001665498884394765,6.670315542578464e-06,2000,max_epochs,2.542474174988456
mu,1,16,10,2,1,101,201,301,0.002895449012517929,0.004975274860858917,4.5358856674283746e-05,2.202821633545682e-06,2000,max_epochs,2.5528298289864324
mu,1,16,10,2,2,102,202,302,0.0023873652219772337,0.0037280895709991455,3.0361569253727794e-05,3.8961193240538705e-06,2000,max_epochs,2.542853627994191
mu,1,16,10,2,3,103,203,303,0.004322207897901535,0.006254363119602204,8.822798449546099e-05,3.5381387988309143e-06,2000,max_epochs,2.5442004990181886
mu,1,16,10,2,4,104,204,304,0.013027652978897094,0.026481187105178834,0.0008174735084176064,0.0007831340772099793,2000,max_epochs,2.5810514370095916
mu,1,16,10,2,5,105,205,305,0.002848462611436844,0.004415373504161835,4.225038830190897e-05,2.9457091841322836e-06,2000,max_epochs,2.5782621930120513
mu,1,16,10,2,6,106,206,306,0.0035318803191184997,0.005623398900032044,5.750938644632697e-05,6.9971210905350745e-06,2000,max_epochs,2.5837464910000563
mu,1,16,10,3,0,100,200,300,0.004863718330860138,0.0112048077583313,0.00025063774921000004,4.477134552871576e-06,2000,max_epochs,2.5832120300037786
mu,1,16,10,3,1,101,201,301,0.0027794981598854066,0.00483191442489624,4.1855784598737954e-05,2.7857522582053207e-06,2000,max_epochs,2.595842459006235
mu,1,16,10,3,2,102,202,302,0.0033684427738189695,0.0047540546655654905,6.846862286329269e-05,4.2025621951324865e-06,2000,max_epochs,2.5873275640187785
mu,1,16,10,3,3,103,203,303,0.004040530443191528,0.005992235243320465,7.492734678089619e-05,0.0001476718607591465,2000,max_epochs,2.579069729981711
mu,1,16,10,3,4,104,204,304,0.025253931760787964,0.04757661199569702,0.0023629682064056396,0.0011752842692658305,2000,max_epochs,2.563997476012446
mu,1,16,10,3,5,105,205,305,0.002424465298652649,0.003956353485584259,2.878425712697208e-05,3.005995949934004e-06,2000,max_epochs,2.5303793659841176
mu,1,16,10,3,6,106,206,306,0.0034820921123027804,0.005587972044944763,5.509201856330037e-05,4.950526090397034e-06,2000,max_epochs,2.621793487982359
mu,1,16,10,4,0,100,200,300,0.004449922859668731,0.010034104883670807,0.0001847586017102003,4.523103598330636e-06,2000,max_epochs,2.583792073011864
mu,1,16,10,4,1,101,201,301,0.002883795827627182,0.005008768916130066,4.5402525924146176e-05,2.247012844236451e-06,2000,max_epochs,2.480886206001742
mu,1,16,10,4,2,102,202,302,0.0029588730931282043,0.004351410508155823,4.8785162158310415e-05,4.5439896894095e-06,2000,max_epochs,2.47422055300558
mu,1,16,10,4,3,103,203,303,0.003103614866733551,0.004838050544261932,4.525770619511604e-05,6.611218850594014e-06,2000,max_epochs,2.4792027999938
mu,1,16,10,4,4,104,204,304,0.014464811563491822,0.025026046991348267,0.0007091395333409309,0.002154621295630932,2000,max_epochs,2.4755520049948245
mu,1,16,10,4,5,105,205,305,0.002650631994009018,0.004134285420179367,3.534706914797425e-05,3.087311142735416e-06,2000,max_epochs,2.4759712170052808
mu,1,16,10,4,6,106,206,306,0.05790397548675537,0.11441457748413086,0.013955228686332703,0.01664588786661625,2000,max_epochs,2.4897917170019355
mu,1,16,10,8,0,100,200,300,0.00408295202255249,0.00895974063873291,0.00013415639381855727,6.573478003701894e-06,2000,max_epochs,2.487098393990891
mu,1,16,10,8,1,101,201,301,0.0030096098184585573,0.005159536063671112,4.906702972948551e-05,2.303890596522251e-06,2000,max_epochs,2.4793665379984304
mu,1,16,10,8,2,102,202,302,0.002051870495080948,0.003479640334844589,2.1559680346399546e-05,4.425413862918504e-06,2000,max_epochs,2.48029118400882
mu,1,16,10,8,3,103,203,303,0.009650590538978576,0.017327122688293457,0.00033538639545440676,0.00021510418446268886,2000,max_epochs,2.4788976660056505
mu,1,16,10,8,4,104,204,304,0.0052823079228401185,0.006990226686000824,0.00015400371327996254,1.2600398804352153e-05,2000,max_epochs,2.481294983008411
mu,1,16,10,8,5,105,205,305,0.0025608006715774536,0.004115587294101715,3.2131379703059794e-05,3.0796363716945052e-06,2000,max_epochs,2.4904198279837146
mu,1,16,10,8,6,106,206,306,0.003453884094953537,0.00536565375328064,5.5042105726897715e-05,3.3785852338041877e-06,2000,max_epochs,2.4870876299974043
mu,1,16,100,1,0,100,200,300,0.0801602258682251,0.16132515144348145,0.028289154767990113,0.024553591385483742,2000,max_epochs,2.597865207993891
mu,1,16,100,1,1,101,201,301,0.0479019455909729,0.09609832859039306,0.009952438473701477,0.008149882778525352,2000,max_epochs,2.639323234994663
mu,1,16,100,1,2,102,202,302,0.0019261560440063477,0.0032530169785022736,1.8928949953988196e-05,1.0179339369642548e-05,2000,max_epochs,2.6342325050209183
mu,1,16,100,1,3,103,203,303,0.043451831340789795,0.08682062721252441,0.008074997365474701,0.01444998662918806,2000,max_epochs,2.643385679984931
mu,1,16,100,1,4,104,204,304,0.001858239382505417,0.003147879064083099,1.760445418767631e-05,1.2918298125441652e-05,2000,max_epochs,2.6338481179845985
mu,1,16,100,1,5,105,205,305,0.002029643893241882,0.003326726287603378,1.9648767309263347e-05,1.4523216123052407e-05,2000,max_epochs,2.639112989010755
mu,1,16,100,1,6,106,206,306,0.0019205830097198486,0.0032356748282909393,1.830498001072556e-05,1.6965259419521317e-05,2000,max_epochs,2.636292806972051
mu,1,16,100,2,0,100,200,300,0.0019285160452127456,0.0032771795690059663,1.855300401803106e-05,1.8524049664847553e-05,2000,max_epochs,2.6255559409910347
mu,1,16,100,2,1,101,201,301,0.0019818832874298094,0.003370979905128479,1.987277646549046e-05,1.3808944459015038e-05,2000,max_epochs,2.633948912989581
mu,1,16,100,2,2,102,202,302,0.0018666665256023406,0.003169977903366089,1.7909158719703556e-05,1.0313027814845555e-05,2000,max_epochs,2.6283493300143164
mu,1,16,100,2,3,103,203,303,0.0018891080021858216,0.0031829235553741454,1.8547447165474296e-05,1.6572901586187072e-05,2000,max_epochs,2.625407437008107
mu,1,16,100,2,4,104,204,304,0.0018862208127975464,0.0031738133132457732,1.8167576286941765e-05,1.3208769814809784e-05,2000,max_epochs,2.6263668600004166
mu,1,16,100,2,5,105,205,305,0.0020456040054559707,0.0033271039128303526,2.0135410828515887e-05,1.438605431758333e-05,2000,max_epochs,2.632385320001049
mu,1,16,100,2,6,106,206,306,0.0018342295438051224,0.0031491238474845888,1.661967858672142e-05,1.70635903486982e-05,2000,max_epochs,2.6636679350049235
mu,1,16,100,3,0,100,200,300,0.0019261511564254762,0.003278584808111191,1.8430272350087762e-05,1.7841446606325917e-05,2000,max_epochs,2.6713925060175825
mu,1,16,100,3,1,101,201,301,0.0019912119507789613,0.003425562798976898,1.9688881235197185e-05,1.3985663827043027e-05,2000,max_epochs,2.5893695460108574
mu,1,16,100,3,2,102,202,302,0.0018805727511644363,0.003191513568162918,1.8168485956266522e-05,1.0077906154037919e-05,2000,max_epochs,2.5694500409881584
mu,1,16,100,3,3,103,203,303,0.0018108766674995423,0.0030866432785987856,1.715215970762074e-05,1.516057182016084e-05,2000,max_epochs,2.5729915289848577
mu,1,16,100,3,4,104,204,304,0.001917960152029991,0.0032378947138786314,1.9197832327336074e-05,1.3067990039417055e-05,2000,max_epochs,2.571150674019009
mu,1,16,100,3,5,105,205,305,0.044586438179016114,0.08889326095581054,0.008425990104675292,0.0049985176883637905,2000,max_epochs,2.5725535259989556
mu,1,16,100,3,6,106,206,306,0.0019329786151647567,0.003287204802036285,1.859924860764295e-05,1.6886195226106793e-05,2000,max_epochs,2.6552200079895556
mu,1,16,100,4,0,100,200,300,0.002131091833114624,0.0036918824017047884,2.09475455339998e-05,1.8045897377305664e-05,2000,max_epochs,2.663265241018962
mu,1,16,100,4,1,101,201,301,0.002015788018703461,0.0034269096553325652,2.0628059282898902e-05,1.3868599125999026e-05,2000,max_epochs,2.6600591029855423
mu,1,16,100,4,2,102,202,302,0.001912016823887825,0.0032483905851840972,1.874677394516766e-05,1.0232528438791633e-05,2000,max_epochs,2.6596854960080236
mu,1,16,100,4,3,103,203,303,0.0018998263627290725,0.003212636351585388,1.8653049133718015e-05,1.6498586774105206e-05,2000,max_epochs,2.663805632997537
mu,1,16,100,4,4,104,204,304,0.0019010003358125686,0.003211308032274246,1.8631336279213428e-05,1.3219069842307363e-05,2000,max_epochs,2.6591920309874695
mu,1,16,100,4,5,105,205,305,0.003662271797657013,0.006712868869304657,5.82931786775589e-05,3.4069431421812624e-05,2000,max_epochs,2.663630247989204
mu,1,16,100,4,6,106,206,306,0.0018717425763607025,0.0031805726885795593,1.7343412851914764e-05,1.658783367020078e-05,2000,max_epochs,2.667546312994091
mu,1,16,100,8,0,100,200,300,0.0019474094212055205,0.003316046357154846,1.8834805116057397e-05,1.9466680896584876e-05,2000,max_epochs,2.6682971679838374
mu,1,16,100,8,1,101,201,301,0.0019414742887020112,0.003354716211557388,1.8919175490736963e-05,1.3928204680269118e-05,2000,max_epochs,2.6355687559989747
mu,1,16,100,8,2,102,202,302,0.0019035267382860185,0.0032161613404750825,1.8613338936120272e-05,9.738068001752254e-06,2000,max_epochs,2.6275195560010616
mu,1,16,100,8,3,103,203,303,0.002169233933091164,0.003769568294286728,2.5576010346412658e-05,1.697106745268684e-05,2000,max_epochs,2.628641512012109
mu,1,16,100,8,4,104,204,304,0.0018618140518665313,0.0031352015137672425,1.7824318609200418e-05,1.301288193644723e-05,2000,max_epochs,2.6537713540019467
mu,1,16,100,8,5,105,205,305,0.0020473505407571794,0.0033384815156459807,1.977157243527472e-05,1.4560700037691277e-05,2000,max_epochs,2.6664641000097618
mu,1,16,100,8,6,106,206,306,0.0018586528301239014,0.003212069809436798,1.7031053313985466e-05,1.7397211195202544e-05,2000,max_epochs,2.6678283369983546
mu,1,16,1000,1,0,100,200,300,0.00194100421667099,0.003343542993068695,1.886485260911286e-05,0.00010599947080481797,2000,max_epochs,10.698683419002919
mu,1,16,1000,1,1,101,201,301,0.0031236880123615266,0.005938318610191345,4.4826912693679335e-05,2.798224170692265e-05,2000,max_epochs,10.687632008979563
mu,1,16,1000,1,2,102,202,302,0.006843568086624146,0.013686454296112061,0.00021688026376068592,0.0007122698123566806,2000,max_epochs,10.653597425000044
mu,1,16,1000,1,3,103,203,303,0.010204097270965577,0.02049158453941345,0.00047059425339102747,0.0005405654134228825,2000,max_epochs,10.690088440984255
mu,1,16,1000,1,4,104,204,304,0.0019134117215871811,0.003309065967798233,1.774741103872657e-05,1.6800636047264562e-05,2000,max_epochs,10.689905186009128
mu,1,16,1000,1,5,105,205,305,0.008885562896728516,0.01774850928783417,0.0003513303995132446,0.00048739233613014223,2000,max_epochs,10.57490438700188
mu,1,16,1000,1,6,106,206,306,0.0022376358956098558,0.0040819271504879,2.3207415360957383e-05,5.033768084831536e-05,2000,max_epochs,10.55281363998074
mu,1,16,1000,2,0,100,200,300,0.011363499760627747,0.022562873363494874,0.0005566852018237114,0.001211862526834011,2000,max_epochs,10.509117036010139
mu,1,16,1000,2,1,101,201,301,0.0018068279623985291,0.003059154033660889,1.6665928880684078e-05,1.552813358284766e-05,2000,max_epochs,10.502554009988671
mu,1,16,1000,2,2,102,202,302,0.002719667971134186,0.0050371744632720945,3.3817843301221726e-05,2.9192434187280013e-05,2000,max_epochs,10.619577612000285
mu,1,16,1000,2,3,103,203,303,0.003724503457546234,0.0071756807565689085,6.399240298196673e-05,3.067372934310697e-05,2000,max_epochs,10.50108514999738
mu,1,16,1000,2,4,104,204,304,0.002153603717684746,0.003828910380601883,2.1542490692809225e-05,8.56431370775681e-05,2000,max_epochs,10.476478581986157
mu,1,16,1000,2,5,105,205,305,0.009432273149490357,0.01876631247997284,0.00038797542825341226,0.00046035652817226947,2000,max_epochs,10.534077988006175
mu,1,16,1000,2,6,106,206,306,0.02232843828201294,0.04391874599456787,0.0020575456470251084,0.0015443880576640368,2000,max_epochs,10.577376561996061
mu,1,16,1000,3,0,100,200,300,0.00212769016623497,0.003791444480419159,2.4671999271959065e-05,2.3934470591484568e-05,2000,max_epochs,10.51986475198646
mu,1,16,1000,3,1,101,201,301,0.0036850567162036896,0.007116267323493957,6.236788025125861e-05,3.458044386934489e-05,2000,max_epochs,10.572930551017635
mu,1,16,1000,3,2,102,202,302,0.0025444744825363157,0.004648578882217407,2.9871354112401605e-05,4.5955979119753465e-05,2000,max_epochs,10.549441826005932
mu,1,16,1000,3,3,103,203,303,0.005228128373622894,0.010296334147453307,0.00012468955758959056,5.5992792651522905e-05,2000,max_epochs,10.494787902978715
mu,1,16,1000,3,4,104,204,304,0.004481471806764603,0.008851837754249572,9.48673551902175e-05,5.0952957128174605e-05,2000,max_epochs,10.51198818499688
mu,1,16,1000,3,5,105,205,305,0.005312954425811768,0.010411325216293335,0.00012616728898137808,7.13307560654357e-05,2000,max_epochs,10.485166516009485
mu,1,16,1000,3,6,106,206,306,0.001821794018149376,0.0030558555126190185,1.591236295644194e-05,1.7257196552236564e-05,2000,max_epochs,10.484424314025091
mu,1,16,1000,4,0,100,200,300,0.0011857844963669777,0.00230189123749733,8.941222447901965e-06,7.707858614594443e-06,2000,max_epochs,10.491938488994492
mu,1,16,1000,4,1,101,201,301,0.007206261754035949,0.014549007773399352,0.00024314024113118648,6.693824293324724e-05,2000,max_epochs,10.500519950990565
mu,1,16,1000,4,2,102,202,302,0.006052211344242096,0.012013862252235413,0.00016917342878878118,0.00011035437183454633,2000,max_epochs,10.493769816996064
mu,1,16,1000,4,3,103,203,303,0.01150934374332428,0.02305467367172241,0.0005896515585482121,0.0005886290804482996,2000,max_epochs,10.494458664994454
mu,1,16,1000,4,4,104,204,304,0.01757835340499878,0.035608100891113284,0.001411595955491066,0.0009044021284207701,2000,max_epochs,10.550679270003457
mu,1,16,1000,4,5,105,205,305,0.0024042309820652007,0.004708208173513412,3.3877283334732054e-05,6.76794023020193e-05,2000,max_epochs,10.639959879015805
mu,1,16,1000,4,6,106,206,306,0.001877881571650505,0.003188650608062744,1.6190887428820132e-05,1.826302563131321e-05,2000,max_epochs,10.317999670020072
mu,1,16,1000,8,0,100,200,300,0.007074469208717346,0.014222459554672242,0.00023612633906304836,0.00013860206259414554,2000,max_epochs,10.242142675007926
mu,1,16,1000,8,1,101,201,301,0.008981614589691163,0.017937308311462404,0.0003611434027552605,0.0010878150705248117,2000,max_epochs,10.244465777010191
mu,1,16,1000,8,2,102,202,302,0.0035850327610969543,0.006937016606330872,6.049562571570277e-05,6.631351649411954e-05,2000,max_epochs,10.462118216993986
mu,1,16,1000,8,3,103,203,303,0.0018728943616151809,0.00342114993929863,1.6977456863969565e-05,0.00013418598484713585,2000,max_epochs,10.486906801990699
mu,1,16,1000,8,4,104,204,304,0.0018727615177631378,0.0031842138469219206,1.6789040877483786e-05,1.6840697193401865e-05,2000,max_epochs,10.502850761986338
mu,1,16,1000,8,5,105,205,305,0.0018529374599456788,0.003126389056444168,1.6278912546113133e-05,1.6241254794294945e-05,2000,max_epochs,10.512677866994636
mu,1,16,1000,8,6,106,206,306,0.004708732724189759,0.008343667328357696,8.29000249505043e-05,0.00023761573049705477,2000,max_epochs,10.508181384007912
mu,1,32,5,1,0,100,200,300,0.0021033207327127456,0.003797558635473251,2.2320724092423916e-05,9.996350627261563e-07,1414,stopping_threshold,1.8473751260025892
mu,1,32,5,1,1,101,201,301,0.002383622348308563,0.003980933278799057,2.5706818560138346e-05,9.494996788816934e-07,119,stopping_threshold,0.1563127639819868
mu,1,32,5,1,2,102,202,302,0.00369409105181694,0.004936508893966675,7.567135104909539e-05,9.998210543926689e-07,506,stopping_threshold,0.6607938280212693
mu,1,32,5,1,3,103,203,303,0.0032675654590129852,0.00566555792093277,5.2278929855674504e-05,3.868541625706712e-06,2000,max_epochs,2.6158205699757673
mu,1,32,5,1,4,104,204,304,0.007063209056854248,0.00928107225894928,0.00023674637824296952,9.979451078834245e-07,197,stopping_threshold,0.25747824501013383
mu,1,32,5,1,5,105,205,305,0.0016742995232343675,0.002804467350244522,1.3893093564547598e-05,9.950132380254217e-07,169,stopping_threshold,0.2205668670067098
mu,1,32,5,1,6,106,206,306,0.01682382655143738,0.02087885308265686,0.0015353492796421051,8.448638254776597e-06,2000,max_epochs,2.610685100982664
mu,1,32,5,2,0,100,200,300,0.0023224310874938965,0.004397995889186859,3.0119662871584297e-05,9.997896768254577e-07,1371,stopping_threshold,1.7734217749966774
mu,1,32,5,2,1,101,201,301,0.001804253488779068,0.0030750938653945925,1.5970544423907995e-05,9.914629117702134e-07,348,stopping_threshold,0.4501679980021436
mu,1,32,5,2,2,102,202,302,0.002425342410802841,0.0040146994590759275,2.5079796090722083e-05,9.879789786282345e-07,212,stopping_threshold,0.27480585500597954
mu,1,32,5,2,3,103,203,303,0.0030582640469074248,0.004634805202484131,4.8238052520900966e-05,1.258815245819278e-06,2000,max_epochs,2.585825144982664
mu,1,32,5,2,4,104,204,304,0.00581817752122879,0.007786238491535187,0.0001561578232795,9.970723340302357e-07,232,stopping_threshold,0.30052065302152187
mu,1,32,5,2,5,105,205,305,0.0014842919260263444,0.00251254478096962,1.0276895482093096e-05,9.943004215529072e-07,154,stopping_threshold,0.19999161298619583
mu,1,32,5,2,6,106,206,306,0.022686240911483763,0.028431482076644896,0.0026400489807128905,3.970859779656166e-06,2000,max_epochs,2.519399110984523
mu,1,32,5,3,0,100,200,300,0.0022436976283788683,0.004218386739492416,2.6905414881184696e-05,1.4432777106776484e-06,2000,max_epochs,2.5158903599949554
mu,1,32,5,3,1,101,201,301,0.0018219922184944152,0.003120031952857971,1.6009106184355913e-05,9.943094028130872e-07,316,stopping_threshold,0.39779463698505424
mu,1,32,5,3,2,102,202,302,0.0018367841839790344,0.003097912311553955,1.549684617202729e-05,9.978707566915546e-07,767,stopping_threshold,0.9608019290026277
mu,1,32,5,3,3,103,203,303,0.0034772390723228457,0.005385734498500824,6.0499326325953006e-05,9.999715757658123e-07,1981,stopping_threshold,2.4808895110036246
mu,1,32,5,3,4,104,204,304,0.005394393920898437,0.007176849365234375,0.00013796601351350545,9.994186029871344e-07,648,stopping_threshold,0.8126806780055631
mu,1,32,5,3,5,105,205,305,0.003472495496273041,0.004744305849075318,7.543896231800318e-05,9.986287068386446e-07,263,stopping_threshold,0.3317192980030086
mu,1,32,5,3,6,106,206,306,0.03597516870498657,0.048803566455841066,0.0058682609796524045,0.0001611861662240699,2000,max_epochs,2.5069020749942865
mu,1,32,5,4,0,100,200,300,0.0019392760246992112,0.0032847015857696534,1.7502644448541104e-05,9.984388498196495e-07,1522,stopping_threshold,1.9041364669974428
mu,1,32,5,4,1,101,201,301,0.0016288125962018968,0.0028012661635875703,1.3031822396442293e-05,9.645475529396208e-07,126,stopping_threshold,0.15760829197824933
mu,1,32,5,4,2,102,202,302,0.0038269971311092376,0.005130926549434662,7.722252001985907e-05,9.999989742937032e-07,1235,stopping_threshold,1.5510764030041173
mu,1,32,5,4,3,103,203,303,0.00433942574262619,0.007211515486240387,8.857486117631197e-05,2.1848805772606283e-05,2000,max_epochs,2.5855694150086492
mu,1,32,5,4,4,104,204,304,0.008822889268398285,0.011102863430976868,0.00043682236969470975,9.996410881285556e-07,1362,stopping_threshold,1.793106377008371
mu,1,32,5,4,5,105,205,305,0.002361809104681015,0.0034485615789890288,3.3186786342412236e-05,9.984416919905925e-07,329,stopping_threshold,0.4259320199780632
mu,1,32,5,4,6,106,206,306,0.02477103805541992,0.03248923802375794,0.002913156628608704,8.080040424829349e-05,2000,max_epochs,2.5874781380116474
mu,1,32,5,8,0,100,200,300,0.0020748988837003706,0.003574414223432541,2.0034969202242793e-05,3.2769444260338787e-06,2000,max_epochs,2.581642520002788
mu,1,32,5,8,1,101,201,301,0.002357781082391739,0.0038731323778629302,2.486708667129278e-05,9.973009582608938e-07,357,stopping_threshold,0.46222609700635076
mu,1,32,5,8,2,102,202,302,0.0022106805741786955,0.0034309246838092806,2.4146581534296276e-05,9.99459189188201e-07,900,stopping_threshold,1.163586861017393
mu,1,32,5,8,3,103,203,303,0.003593830734491348,0.005114644706249237,7.32815507799387e-05,3.890492735081352e-06,2000,max_epochs,2.5905874650052283
mu,1,32,5,8,4,104,204,304,0.007157704710960388,0.00911642473936081,0.000279230872169137,9.997504548664438e-07,1929,stopping_threshold,2.4978323969990015
mu,1,32,5,8,5,105,205,305,0.0024318739771842955,0.0037789712250232694,2.8982600662857294e-05,9.998326504501165e-07,301,stopping_threshold,0.3912122559850104
mu,1,32,5,8,6,106,206,306,0.07126631116867066,0.08843204402923584,0.026582692384719848,9.984656799133518e-07,1633,stopping_threshold,2.115012858004775
mu,1,32,10,1,0,100,200,300,0.003055424451828003,0.005645476460456848,4.4181440956890586e-05,1.3935758033767343e-05,2000,max_epochs,2.609736576996511
mu,1,32,10,1,1,101,201,301,0.00156241936981678,0.002798571974039078,1.2036998057737946e-05,2.1442785964609357e-06,2000,max_epochs,2.6247847490012646
mu,1,32,10,1,2,102,202,302,0.0022325761020183564,0.0033257496654987336,2.6917581679299474e-05,2.2730826003680704e-06,2000,max_epochs,2.6179273599991575
mu,1,32,10,1,3,103,203,303,0.0051005096435546874,0.009137820959091186,0.00011150856874883175,3.1588479032507166e-05,2000,max_epochs,2.6161363540159073
mu,1,32,10,1,4,104,204,304,0.0014044800996780395,0.0023625175952911377,9.307981003075839e-06,8.172316483978648e-06,2000,max_epochs,2.6078739750082605
mu,1,32,10,1,5,105,205,305,0.001697365775704384,0.002885662704706192,1.3820574851706624e-05,2.915436880357447e-06,2000,max_epochs,2.604068206012016
mu,1,32,10,1,6,106,206,306,0.0019848214238882065,0.003299893945455551,1.7743197968229652e-05,2.5111733066296438e-06,2000,max_epochs,2.6083575039810967
mu,1,32,10,2,0,100,200,300,0.0090328471660614,0.01750106143951416,0.0003256777338683605,4.905241075903177e-05,2000,max_epochs,2.5938392450043466
mu,1,32,10,2,1,101,201,301,0.0015607223212718963,0.0028112914264202117,1.231654710136354e-05,1.2565767519845394e-06,2000,max_epochs,2.584521949989721
mu,1,32,10,2,2,102,202,302,0.006708217620849609,0.008500615179538727,0.00031185968220233916,1.6889647440621047e-06,2000,max_epochs,2.58926494201296
mu,1,32,10,2,3,103,203,303,0.0032771502435207365,0.004541107475757599,6.58766939304769e-05,2.665994315975695e-06,2000,max_epochs,2.581714361003833
mu,1,32,10,2,4,104,204,304,0.0017205796539783477,0.0028538894057273867,1.471929019317031e-05,1.1809015632024966e-05,2000,max_epochs,2.5869808889983688
mu,1,32,10,2,5,105,205,305,0.0015606383234262465,0.0026101923286914823,1.1764272465370596e-05,3.086483729930478e-06,2000,max_epochs,2.59253018500749
mu,1,32,10,2,6,106,206,306,0.0026110867857933044,0.005048591256141662,3.600411489605904e-05,1.765704837453086e-05,2000,max_epochs,2.5932463690114673
mu,1,32,10,3,0,100,200,300,0.002572937190532684,0.005331726014614105,4.279610980302095e-05,4.476160938793328e-06,2000,max_epochs,2.523605555994436
mu,1,32,10,3,1,101,201,301,0.0019963440150022505,0.0033738617599010467,1.875147456303239e-05,0.00013558536011260003,2000,max_epochs,2.5856481740192976
mu,1,32,10,3,2,102,202,302,0.005714140057563781,0.007373672008514404,0.0002053552269935608,1.551384571030212e-06,2000,max_epochs,2.5817362329980824
mu,1,32,10,3,3,103,203,303,0.001951232522726059,0.003091484636068344,1.897774520330131e-05,2.502145207472495e-06,2000,max_epochs,2.5916722069960088
mu,1,32,10,3,4,104,204,304,0.0017399146854877473,0.002742556482553482,1.3850333518348635e-05,7.56666622692137e-06,2000,max_epochs,2.586711067997385
mu,1,32,10,3,5,105,205,305,0.0016560259759426117,0.0026911762356758118,1.3596586068160832e-05,1.320302726526279e-05,2000,max_epochs,2.580893267004285
mu,1,32,10,3,6,106,206,306,0.014217801928520202,0.0290659339427948,0.0009781599938869477,0.0021472449880093336,2000,max_epochs,2.5898764049925376
mu,1,32,10,4,0,100,200,300,0.002999467521905899,0.006565108120441436,7.777258148416877e-05,9.298343684349675e-06,2000,max_epochs,2.542571805010084
mu,1,32,10,4,1,101,201,301,0.0015635992735624313,0.002849236011505127,1.2372580356895924e-05,9.897277095660684e-07,1900,stopping_threshold,2.3841193039843347
mu,1,32,10,4,2,102,202,302,0.004473335146903992,0.005886988937854767,0.00013162822928279637,1.950543492057477e-06,2000,max_epochs,2.520480896026129
mu,1,32,10,4,3,103,203,303,0.002732437968254089,0.00436518132686615,3.3979733940213916e-05,0.00017736606241669506,2000,max_epochs,2.515759886999149
mu,1,32,10,4,4,104,204,304,0.001672425091266632,0.0027078963220119475,1.3556801248341798e-05,7.863599421398249e-06,2000,max_epochs,2.5287909059843514
mu,1,32,10,4,5,105,205,305,0.0014805082827806474,0.0024635962843894956,1.0729322559200228e-05,3.7265087939886143e-06,2000,max_epochs,2.5206372540269513
mu,1,32,10,4,6,106,206,306,0.003485042929649353,0.006484758138656616,5.5989451240748166e-05,1.7512413251097314e-05,2000,max_epochs,2.5187286360014696
mu,1,32,10,8,0,100,200,300,0.00223776875436306,0.004379518657922745,2.9644578928127886e-05,2.0649426005547866e-05,2000,max_epochs,2.5235749169951305
mu,1,32,10,8,1,101,201,301,0.001564520388841629,0.002803785294294357,1.2204804923385381e-05,9.990994840336498e-07,1503,stopping_threshold,1.8985771010047756
mu,1,32,10,8,2,102,202,302,0.00493432629108429,0.006435433983802795,0.00016301245614886283,1.7830252545536496e-06,2000,max_epochs,2.5219091110047884
mu,1,32,10,8,3,103,203,303,0.003974674135446548,0.006251118779182434,7.140988577157259e-05,0.00013071791909169406,2000,max_epochs,2.5207800949865486
mu,1,32,10,8,4,104,204,304,0.001611356556415558,0.002613024264574051,1.2802724028006197e-05,8.208675353671424e-06,2000,max_epochs,2.5225766350049525
mu,1,32,10,8,5,105,205,305,0.014700530886650085,0.0296460382938385,0.0009605318680405617,5.719235105061671e-06,2000,max_epochs,2.51540556299733
mu,1,32,10,8,6,106,206,306,0.002174690365791321,0.003647598922252655,2.491881884634495e-05,1.9640008304122603e-06,2000,max_epochs,2.5242752410122193
mu,1,32,100,1,0,100,200,300,0.022805416345596314,0.04346162176132202,0.001927699849009514,0.0036059683188796043,2000,max_epochs,2.5713364469993394
mu,1,32,100,1,1,101,201,301,0.01888132119178772,0.03912928581237793,0.001740705594420433,0.0003226036496926099,2000,max_epochs,2.5648995239753276
mu,1,32,100,1,2,102,202,302,0.001344668671488762,0.002275088906288147,9.194725949782879e-06,6.674183168797754e-06,2000,max_epochs,2.5642000370135065
mu,1,32,100,1,3,103,203,303,0.0013261394053697586,0.0022759899497032166,8.93079792149365e-06,8.602863090345636e-06,2000,max_epochs,2.5674619390047155
mu,1,32,100,1,4,104,204,304,0.0015081682056188584,0.0024592671394348146,1.1862612096592785e-05,6.619151463382877e-06,2000,max_epochs,2.5656889129895717
mu,1,32,100,1,5,105,205,305,0.001359972059726715,0.002350567489862442,9.080946329049766e-06,8.405462722294033e-06,2000,max_epochs,2.5647356399858836
mu,1,32,100,1,6,106,206,306,0.001379373550415039,0.0023259101808071137,9.162268484942615e-06,6.717414180457126e-06,2000,max_epochs,2.555418792006094
mu,1,32,100,2,0,100,200,300,0.0014254091680049896,0.0023987345099449157,9.56153986044228e-06,1.0140369340660982e-05,2000,max_epochs,2.5540110979927704
mu,1,32,100,2,1,101,201,301,0.0013682197481393813,0.0022977656722068785,8.938879240304232e-06,7.87272074376233e-06,2000,max_epochs,2.54707821199554
mu,1,32,100,2,2,102,202,302,0.0014054085910320281,0.002373861312866211,1.0137890698388219e-05,6.963046871533152e-06,2000,max_epochs,2.54489149901201
mu,1,32,100,2,3,103,203,303,0.0013343058824539184,0.0022836152017116544,9.049114887602626e-06,8.247849109466188e-06,2000,max_epochs,2.5492138780246023
mu,1,32,100,2,4,104,204,304,0.0013734764754772186,0.00230465230345726,9.125004522502422e-06,7.308000022021588e-06,2000,max_epochs,2.598846034001326
mu,1,32,100,2,5,105,205,305,0.001355590268969536,0.002329044193029404,8.971379604190588e-06,8.197270290111192e-06,2000,max_epochs,2.5529890980105847
mu,1,32,100,2,6,106,206,306,0.0013695946633815765,0.002292665898799896,8.912218501791358e-06,6.568584922206355e-06,2000,max_epochs,2.555155512993224
mu,1,32,100,3,0,100,200,300,0.0014242315739393233,0.002386763662099838,9.544202126562595e-06,9.73694750427967e-06,2000,max_epochs,2.56669712200528
mu,1,32,100,3,1,101,201,301,0.0013639133721590042,0.0023004974126815798,8.8835769565776e-06,7.748435564280953e-06,2000,max_epochs,2.609754750999855
mu,1,32,100,3,2,102,202,302,0.0013405560106039048,0.002280423402786255,9.268459281884134e-06,6.535615284519736e-06,2000,max_epochs,2.6175183129962534
mu,1,32,100,3,3,103,203,303,0.0013950559049844742,0.0023970650732517244,1.024589198641479e-05,9.347683771920856e-06,2000,max_epochs,2.6208374929847196
mu,1,32,100,3,4,104,204,304,0.009532836437225342,0.019179542541503905,0.0004071606211364269,0.003819454461336136,2000,max_epochs,2.623594692995539
mu,1,32,100,3,5,105,205,305,0.014488604068756104,0.0289736545085907,0.0009014486968517303,0.0005162798915989697,2000,max_epochs,2.624788549001096
mu,1,32,100,3,6,106,206,306,0.0013669617772102355,0.002315296798944473,9.041917277500034e-06,6.722117177559994e-06,2000,max_epochs,2.617883800994605
mu,1,32,100,4,0,100,200,300,0.0019116369783878325,0.003571982651948929,1.8994745798408986e-05,1.023293225443922e-05,2000,max_epochs,2.620307706994936
mu,1,32,100,4,1,101,201,301,0.0013666061013936997,0.0023012477457523346,8.991666138172149e-06,7.896634087956045e-06,2000,max_epochs,2.621533719007857
mu,1,32,100,4,2,102,202,302,0.001379720538854599,0.002317992866039276,9.600769786629827e-06,6.7352093537920155e-06,2000,max_epochs,2.621030107984552
mu,1,32,100,4,3,103,203,303,0.0013343799710273743,0.0022920812964439393,9.141153714153916e-06,8.514110959367827e-06,2000,max_epochs,2.6230371679994278
mu,1,32,100,4,4,104,204,304,0.04235192346572876,0.08521814632415771,0.007879775643348694,0.0029475800693035126,2000,max_epochs,2.6178188969788607
mu,1,32,100,4,5,105,205,305,0.0014150871485471726,0.002443942874670029,9.572420502081513e-06,8.520350093021989e-06,2000,max_epochs,2.6196293650136795
mu,1,32,100,4,6,106,206,306,0.0013779625594615935,0.0023103836178779602,8.997760131023824e-06,6.352831860567676e-06,2000,max_epochs,2.6197377130156383
mu,1,32,100,8,0,100,200,300,0.0014593915492296218,0.002479103744029999,9.92632017005235e-06,1.0455452866153792e-05,2000,max_epochs,2.5690757900010794
mu,1,32,100,8,1,101,201,301,0.0013698491454124451,0.002311439245939255,8.898742962628602e-06,8.033737685764208e-06,2000,max_epochs,2.5606806940049864
mu,1,32,100,8,2,102,202,302,0.0013549860566854476,0.00229005765914917,9.277794975787401e-06,6.43192151983385e-06,2000,max_epochs,2.562579674005974
mu,1,32,100,8,3,103,203,303,0.0018228343427181245,0.0033609387874603274,1.748744142241776e-05,8.709615030966233e-06,2000,max_epochs,2.5661444189900067
mu,1,32,100,8,4,104,204,304,0.0014921081960201264,0.0024174874126911164,1.1536948964931071e-05,6.681612831016537e-06,2000,max_epochs,2.628728311014129
mu,1,32,100,8,5,105,205,305,0.0013570709973573685,0.0023359311521053312,8.925991249270737e-06,8.761226126807742e-06,2000,max_epochs,2.6289556219999213
mu,1,32,100,8,6,106,206,306,0.0013868450224399566,0.0023476692140102385,9.223440429195762e-06,6.765464604541194e-06,2000,max_epochs,2.628905315999873
mu,1,32,1000,1,0,100,200,300,0.012931936025619506,0.025810627698898317,0.0007232092544436455,0.0006256536697037518,2000,max_epochs,10.45074846202624
mu,1,32,1000,1,1,101,201,301,0.0019810988157987594,0.0037429395616054534,1.9653568509966134e-05,4.3888059044547847e-05,2000,max_epochs,10.421192919020541
mu,1,32,1000,1,2,102,202,302,0.004220400601625442,0.008514257609844207,8.567157294601202e-05,8.204506465699523e-05,2000,max_epochs,10.539544303988805
mu,1,32,1000,1,3,103,203,303,0.0016500989049673081,0.0028364658951759336,1.4088197611272335e-05,6.157928875472863e-05,2000,max_epochs,10.572408729000017
mu,1,32,1000,1,4,104,204,304,0.009264569878578186,0.01899515652656555,0.0004115832485258579,0.00029205212835222485,2000,max_epochs,10.519688625005074
mu,1,32,1000,1,5,105,205,305,0.0014807411134243012,0.0026297085881233214,1.049675140529871e-05,1.0783567253383809e-05,2000,max_epochs,10.517417520983145
mu,1,32,1000,1,6,106,206,306,0.0014495710730552673,0.0025113725662231443,1.0547343641519546e-05,1.711041149974335e-05,2000,max_epochs,10.282759695983259
mu,1,32,1000,2,0,100,200,300,0.009298664808273316,0.0182132830619812,0.0003559088036417961,0.0007029792508110404,2000,max_epochs,10.17137853699387
mu,1,32,1000,2,1,101,201,301,0.002626773327589035,0.005071535527706146,3.3464099513366816e-05,7.261595493764617e-05,2000,max_epochs,10.165109146008035
mu,1,32,1000,2,2,102,202,302,0.0013141195476055146,0.00226840415596962,8.595752762630582e-06,7.441476409439929e-06,2000,max_epochs,10.35182739800075
mu,1,32,1000,2,3,103,203,303,0.001420399233698845,0.002442650318145752,1.0639998014084995e-05,2.1853121426829602e-05,2000,max_epochs,10.433862044999842
mu,1,32,1000,2,4,104,204,304,0.0026609776616096496,0.00528089314699173,3.614006098359823e-05,1.2987768641323783e-05,2000,max_epochs,10.444006489997264
mu,1,32,1000,2,5,105,205,305,0.005060773134231567,0.01031638216972351,0.00013214559946209193,0.00014238476737227758,2000,max_epochs,10.42718603098183
mu,1,32,1000,2,6,106,206,306,0.009731062173843385,0.019387980937957763,0.0004126987233757973,0.0002753713866695762,2000,max_epochs,10.389986623980803
mu,1,32,1000,3,0,100,200,300,0.013960920333862304,0.027674901008605958,0.0008213485330343246,0.0009783568335697056,2000,max_epochs,10.402510974003235
mu,1,32,1000,3,1,101,201,301,0.004168249726295471,0.008404818654060365,8.429103065282106e-05,6.217024906072766e-05,2000,max_epochs,10.383227774989791
mu,1,32,1000,3,2,102,202,302,0.0038951141834259032,0.007844854056835174,7.360035460442304e-05,4.3831261282321063e-05,2000,max_epochs,10.391545902995858
mu,1,32,1000,3,3,103,203,303,0.0014325910806655883,0.0025102436542510987,9.992670034989714e-06,9.72547890705755e-06,2000,max_epochs,10.47956718399655
mu,1,32,1000,3,4,104,204,304,0.0037230146527290346,0.007635079026222229,7.179831806570292e-05,5.063611673540436e-05,2000,max_epochs,10.484142778994283
mu,1,32,1000,3,5,105,205,305,0.012304750919342041,0.025004276752471924,0.0006898478567600251,0.00042694079456850886,2000,max_epochs,10.499471824994544
mu,1,32,1000,3,6,106,206,306,0.001370943695306778,0.00232454189658165,8.898405998479575e-06,1.0120714592630975e-05,2000,max_epochs,10.490543478023028
mu,1,32,1000,4,0,100,200,300,0.008863373577594758,0.017634299516677856,0.00034115011990070343,0.00023063612962141632,2000,max_epochs,10.531646365998313
mu,1,32,1000,4,1,101,201,301,0.011496476769447327,0.022974704504013062,0.0005761418789625168,0.0017939658956602216,2000,max_epochs,10.532320401020115
mu,1,32,1000,4,2,102,202,302,0.0026529984772205354,0.005197064101696015,3.392080031335354e-05,1.2024319599731825e-05,2000,max_epochs,10.53047397499904
mu,1,32,1000,4,3,103,203,303,0.014839487433433532,0.029729647636413573,0.0009563354104757309,0.0009459807081148028,2000,max_epochs,10.553448777005542
mu,1,32,1000,4,4,104,204,304,0.0016867332607507705,0.0030405384600162505,1.3238123268820345e-05,1.3908032706240192e-05,2000,max_epochs,10.56693959099357
mu,1,32,1000,4,5,105,205,305,0.003624984532594681,0.007341735601425171,7.149983942508698e-05,6.228243511577602e-05,2000,max_epochs,10.560262732993579
mu,1,32,1000,4,6,106,206,306,0.0037044888734817506,0.007228471934795379,6.223363988101482e-05,5.5038799298927186e-05,2000,max_epochs,10.49757190400851
mu,1,32,1000,8,0,100,200,300,0.0017918766438961029,0.003306192994117737,1.5165744349360465e-05,2.0177673664875328e-05,2000,max_epochs,10.545331472996622
mu,1,32,1000,8,1,101,201,301,0.0013543386608362198,0.002280605345964432,8.92625021515414e-06,9.041914810950401e-06,2000,max_epochs,10.571418637991883
mu,1,32,1000,8,2,102,202,302,0.001348599150776863,0.0023187372982501984,8.957446902059019e-06,7.859483033826108e-06,2000,max_epochs,10.523059455008479
mu,1,32,1000,8,3,103,203,303,0.01733272933959961,0.029394423484802246,0.0011753696203231812,0.1341971925497055,2000,max_epochs,10.513757376000285
mu,1,32,1000,8,4,104,204,304,0.0016458113342523574,0.0029829026460647585,1.2750712339766324e-05,1.0488450185221155e-05,2000,max_epochs,10.48535617699963
mu,1,32,1000,8,5,105,205,305,0.003400499314069748,0.0068307721614837644,5.833997065201402e-05,4.79871004645247e-05,2000,max_epochs,10.480891821993282
mu,1,32,1000,8,6,106,206,306,0.0013497482240200044,0.00227619144320488,8.96430405555293e-06,9.968469232262578e-06,2000,max_epochs,10.492157058994053
mu,1,64,5,1,0,100,200,300,0.0025455160439014435,0.005856846570968628,6.454363046213985e-05,9.980140021070838e-07,826,stopping_threshold,1.0770682860165834
mu,1,64,5,1,1,101,201,301,0.001049451433122158,0.0018620314300060272,5.597980809397995e-06,9.99440430859977e-07,1069,stopping_threshold,1.397594082984142
mu,1,64,5,1,2,102,202,302,0.004106220155954361,0.0052613791227340695,0.00010422728955745697,7.297263096006645e-07,150,stopping_threshold,0.19704319298034534
mu,1,64,5,1,3,103,203,303,0.027547927379608154,0.055000834465026856,0.003246390700340271,0.0016197748482227325,2000,max_epochs,2.6119080549979117
mu,1,64,5,1,4,104,204,304,0.0035132791101932528,0.004686455130577087,6.795686949044466e-05,9.996026619774057e-07,865,stopping_threshold,1.1346195040096063
mu,1,64,5,1,5,105,205,305,0.001243908926844597,0.0020029873847961428,7.519397884607315e-06,9.957022939488525e-07,231,stopping_threshold,0.30429995799204335
mu,1,64,5,1,6,106,206,306,0.008119151711463928,0.010147411167621613,0.0003734073862433434,4.198891929263482e-06,2000,max_epochs,2.619052451016614
mu,1,64,5,2,0,100,200,300,0.002022201970219612,0.004417776703834534,3.199205873534083e-05,9.997010010920349e-07,961,stopping_threshold,1.2506007110059727
mu,1,64,5,2,1,101,201,301,0.0011121122390031816,0.002012347161769867,6.241337570827454e-06,9.994539595936658e-07,532,stopping_threshold,0.6930910540104378
mu,1,64,5,2,2,102,202,302,0.0032163753509521485,0.00480561637878418,4.247635183855891e-05,9.915980854202644e-07,302,stopping_threshold,0.39336952700978145
mu,1,64,5,2,3,103,203,303,0.0012268951684236526,0.0021360304653644563,7.3993508704006675e-06,1.1568275795070804e-06,2000,max_epochs,2.5813545109995175
mu,1,64,5,2,4,104,204,304,0.0015511424988508223,0.002455943614244461,1.1120321112684906e-05,9.983167501559365e-07,223,stopping_threshold,0.289659298985498
mu,1,64,5,2,5,105,205,305,0.0019171235710382462,0.003243242084980011,1.681944006122649e-05,4.1098743963630113e-07,120,stopping_threshold,0.15600200998596847
mu,1,64,5,2,6,106,206,306,0.008972922801971435,0.011447170615196229,0.00042506438121199606,2.540531340855523e-06,2000,max_epochs,2.58906694399775
mu,1,64,5,3,0,100,200,300,0.0033287660479545595,0.007995254456996918,0.00014029100351035595,9.985913038690342e-07,550,stopping_threshold,0.713332265993813
mu,1,64,5,3,1,101,201,301,0.0011680156886577607,0.0021160330176353452,6.798804213758558e-06,9.98991595224652e-07,785,stopping_threshold,1.0193604750093073
mu,1,64,5,3,2,102,202,302,0.002099225789308548,0.0034516626596450806,1.8197552068158985e-05,9.92370473795745e-07,654,stopping_threshold,0.8488168329931796
mu,1,64,5,3,3,103,203,303,0.0012597953528165817,0.0022312200069427492,7.975815969984979e-06,1.1111944786534877e-06,2000,max_epochs,2.5852906070067547
mu,1,64,5,3,4,104,204,304,0.006763180434703827,0.008576347827911376,0.0002608486581593752,9.861328180704731e-07,268,stopping_threshold,0.3484871640102938
mu,1,64,5,3,5,105,205,305,0.001543810173869133,0.0023974741697311403,1.2226626509800554e-05,9.989471436711028e-07,553,stopping_threshold,0.718081686005462
mu,1,64,5,3,6,106,206,306,0.00528635036945343,0.010098093867301941,0.00012176073249429464,1.6869616956682876e-05,2000,max_epochs,2.5949816259962972
mu,1,64,5,4,0,100,200,300,0.0021124642938375473,0.004660404920578003,3.530475008301437e-05,9.996479093388189e-07,260,stopping_threshold,0.33720481299678795
mu,1,64,5,4,1,101,201,301,0.001120529793202877,0.0020235328674316406,6.4640049822628495e-06,9.998906307373545e-07,1186,stopping_threshold,1.5332820839830674
mu,1,64,5,4,2,102,202,302,0.004890761911869049,0.006365321934223175,0.000132859380915761,9.943966006176197e-07,172,stopping_threshold,0.22287943100673147
mu,1,64,5,4,3,103,203,303,0.0013869840651750565,0.002454557865858078,9.386883233673871e-06,9.997746701628785e-07,1294,stopping_threshold,1.6741902470239438
mu,1,64,5,4,4,104,204,304,0.004376657843589783,0.0057430312633514405,0.00010671662352979183,5.14351484071085e-07,113,stopping_threshold,0.14693272399017587
mu,1,64,5,4,5,105,205,305,0.0011941517144441604,0.0019943494498729708,7.198988809250295e-06,9.852197990767309e-07,222,stopping_threshold,0.2874057699809782
mu,1,64,5,4,6,106,206,306,0.0014512457996606826,0.0023927551209926607,9.71588701941073e-06,4.369939688331215e-06,2000,max_epochs,2.582229190011276
mu,1,64,5,8,0,100,200,300,0.0023460506200790403,0.005294868290424347,4.897100571542978e-05,9.987708153857966e-07,660,stopping_threshold,0.8586825859965757
mu,1,64,5,8,1,101,201,301,0.001099453255534172,0.001988548219203949,6.185387668665498e-06,9.996747394325212e-07,1648,stopping_threshold,2.1412131380056962
mu,1,64,5,8,2,102,202,302,0.003977401077747345,0.005490603983402252,7.317913137376309e-05,9.975824468710925e-07,786,stopping_threshold,1.0177279539930169
mu,1,64,5,8,3,103,203,303,0.0013806950151920318,0.0023056814968585968,8.882152731530369e-06,9.999138228522497e-07,680,stopping_threshold,0.8818971439904999
mu,1,64,5,8,4,104,204,304,0.00264448881149292,0.003587642312049866,3.700432530604303e-05,9.998610721595469e-07,1102,stopping_threshold,1.4249063049792312
mu,1,64,5,8,5,105,205,305,0.002420617461204529,0.003555201321840286,3.2612066715955736e-05,6.251534045986773e-07,119,stopping_threshold,0.15739197400398552
mu,1,64,5,8,6,106,206,306,0.007329182147979736,0.009872092247009277,0.0002508398909121752,2.5204290068359114e-06,2000,max_epochs,2.597783765027998
mu,1,64,10,1,0,100,200,300,0.0015832012742757798,0.0024417940676212313,1.2344536487944424e-05,9.995176242227899e-07,812,stopping_threshold,1.0430553519981913
mu,1,64,10,1,1,101,201,301,0.0012611270919442178,0.0020285213589668273,7.695465465076268e-06,1.2704514347205986e-06,2000,max_epochs,2.541629491985077
mu,1,64,10,1,2,102,202,302,0.0025418557226657866,0.00344999885559082,3.8222754606977105e-05,9.999915846492513e-07,1358,stopping_threshold,1.7312384940159973
mu,1,64,10,1,3,103,203,303,0.0011737059056758882,0.001953378438949585,6.788278871681541e-06,1.485408120061038e-06,2000,max_epochs,2.5485012760036625
mu,1,64,10,1,4,104,204,304,0.0035752690434455872,0.004737329304218292,7.462512515485287e-05,2.1485482193384087e-06,2000,max_epochs,2.545530011993833
mu,1,64,10,1,5,105,205,305,0.0013578321933746338,0.0022070832550525666,8.791252854280173e-06,1.5930560266497196e-06,2000,max_epochs,2.5472698579833377
mu,1,64,10,1,6,106,206,306,0.00153052319586277,0.0025034537613391875,1.0374818462878466e-05,2.106051852024393e-06,2000,max_epochs,2.540476407011738
mu,1,64,10,2,0,100,200,300,0.001635703146457672,0.002589620441198349,1.325410173740238e-05,1.2929309605169692e-06,2000,max_epochs,2.526248445996316
mu,1,64,10,2,1,101,201,301,0.0011639910340309142,0.001888938009738922,6.426136591471732e-06,1.1034064755222062e-06,2000,max_epochs,2.580964771012077
mu,1,64,10,2,2,102,202,302,0.0009908520951867103,0.0016794772744178773,4.9251119489781556e-06,9.996016387958662e-07,746,stopping_threshold,0.9732518660021015
mu,1,64,10,2,3,103,203,303,0.0012178002595901489,0.002009759098291397,7.293924514669925e-06,1.5637015167158097e-06,2000,max_epochs,2.6145691020064987
mu,1,64,10,2,4,104,204,304,0.004566701114177704,0.005882583141326904,0.00013481349404901265,4.7219841690093745e-06,2000,max_epochs,2.6145508869958576
mu,1,64,10,2,5,105,205,305,0.0018911847472190856,0.0028090800344944,1.9035064149647952e-05,1.4716365512867924e-06,2000,max_epochs,2.5370329350116663
mu,1,64,10,2,6,106,206,306,0.0013663121461868287,0.002249467670917511,8.227416314184665e-06,2.198861011493136e-06,2000,max_epochs,2.519656608987134
mu,1,64,10,3,0,100,200,300,0.0016994357407093049,0.002683023601770401,1.4391275006346405e-05,9.99303210846847e-07,575,stopping_threshold,0.7216944319952745
mu,1,64,10,3,1,101,201,301,0.0017729426771402358,0.003441131770610809,1.6093226498924196e-05,2.6551850169198588e-05,2000,max_epochs,2.523043464985676
mu,1,64,10,3,2,102,202,302,0.0014888137727975845,0.002193877875804901,1.2161161866970361e-05,9.993615321945981e-07,610,stopping_threshold,0.7681020409800112
mu,1,64,10,3,3,103,203,303,0.0019790630787611006,0.003002688616514206,2.028377098031342e-05,1.8964785795105854e-06,2000,max_epochs,2.501744831010001
mu,1,64,10,3,4,104,204,304,0.003457586050033569,0.004646619141101837,6.766555178910494e-05,2.1899145394854713e-06,2000,max_epochs,2.5233064419880975
mu,1,64,10,3,5,105,205,305,0.0027973071336746215,0.004043575763702393,4.764203680679202e-05,9.99876988316828e-07,1042,stopping_threshold,1.3174445369804744
mu,1,64,10,3,6,106,206,306,0.0027362285852432252,0.005455841422080994,3.678645961917937e-05,3.0074437745497562e-05,2000,max_epochs,2.5191366689978167
mu,1,64,10,4,0,100,200,300,0.0018231634050607682,0.0031197133362293244,1.6335181775502862e-05,9.998049108617124e-07,1846,stopping_threshold,2.3317235139838886
mu,1,64,10,4,1,101,201,301,0.0012034760490059852,0.0019699354469776154,6.839220295660198e-06,1.0304331681254553e-06,2000,max_epochs,2.5263092200038955
mu,1,64,10,4,2,102,202,302,0.0018443338572978973,0.0026436506509780883,1.8357723602093755e-05,9.999972689911374e-07,1240,stopping_threshold,1.5478104109934065
mu,1,64,10,4,3,103,203,303,0.001777365744113922,0.0025869203507900237,1.9712239038199188e-05,1.0652492164808791e-05,2000,max_epochs,2.5026433839811943
mu,1,64,10,4,4,104,204,304,0.00718977040052414,0.010974599719047547,0.00024116840399801732,9.875770047074184e-05,2000,max_epochs,2.500712695007678
mu,1,64,10,4,5,105,205,305,0.0017175613045692444,0.0025190956890583037,1.526244345586747e-05,2.1108551209181314e-06,2000,max_epochs,2.513680445001228
mu,1,64,10,4,6,106,206,306,0.0013869782835245132,0.0022992561161518095,8.51409905590117e-06,2.1967225620755926e-06,2000,max_epochs,2.5251345220021904
mu,1,64,10,8,0,100,200,300,0.0018260083198547363,0.0029901691377162932,1.6480181249789894e-05,9.851734148469404e-07,1829,stopping_threshold,2.312980940012494
mu,1,64,10,8,1,101,201,301,0.0012469069808721542,0.002032570421695709,7.428027864079923e-06,1.2894207657154766e-06,2000,max_epochs,2.524234370008344
mu,1,64,10,8,2,102,202,302,0.0024032224118709566,0.0032884685397148133,3.5934303421527146e-05,1.4667052710137796e-06,2000,max_epochs,2.5227108510152902
mu,1,64,10,8,3,103,203,303,0.0017404247373342513,0.00254505056142807,1.902517571579665e-05,1.2218960137033719e-06,2000,max_epochs,2.5249889740080107
mu,1,64,10,8,4,104,204,304,0.006138537704944611,0.007754160165786743,0.0002577978260815144,1.9723595414689044e-06,2000,max_epochs,2.5193747869925573
mu,1,64,10,8,5,105,205,305,0.004501910418272018,0.009504975199699402,0.00011039429903030395,8.57693376019597e-05,2000,max_epochs,2.51994998002192
mu,1,64,10,8,6,106,206,306,0.0014845079034566879,0.002663316994905472,1.028831209987402e-05,0.00015773996710777283,2000,max_epochs,2.528757426975062
mu,1,64,100,1,0,100,200,300,0.04848396587371826,0.09732866382598877,0.010208402931690216,0.005190311931073666,2000,max_epochs,2.5635418729798403
mu,1,64,100,1,1,101,201,301,0.000999795250594616,0.001717332661151886,4.878230858594179e-06,3.2568623282713816e-06,2000,max_epochs,2.5667217719892506
mu,1,64,100,1,2,102,202,302,0.0009383967891335487,0.0016045114696025848,4.329590097768233e-06,4.572911166178528e-06,2000,max_epochs,2.566473488986958
mu,1,64,100,1,3,103,203,303,0.0009890572279691696,0.0016794908940792083,4.8001487739384174e-06,3.6190406262903707e-06,2000,max_epochs,2.5627159259747714
mu,1,64,100,1,4,104,204,304,0.0009847293794155122,0.0016522614061832428,4.856131039559841e-06,3.2811569781188155e-06,2000,max_epochs,2.5541749759868253
mu,1,64,100,1,5,105,205,305,0.0010396821200847626,0.0017196744084358214,5.235203716438264e-06,4.479840754356701e-06,2000,max_epochs,2.5694903100084048
mu,1,64,100,1,6,106,206,306,0.001033495455980301,0.0017043175995349884,5.01427159179002e-06,3.3391988836228848e-06,2000,max_epochs,2.577295974973822
mu,1,64,100,2,0,100,200,300,0.0009636961668729782,0.001638512074947357,4.554866172838956e-06,3.579915983209503e-06,2000,max_epochs,2.569792646012502
mu,1,64,100,2,1,101,201,301,0.0009762030467391014,0.0016805520057678223,4.682661383412778e-06,3.0198659715097165e-06,2000,max_epochs,2.5675814209971577
mu,1,64,100,2,2,102,202,302,0.009025572061538697,0.018198248386383058,0.0003634212613105774,0.0005142401205375791,2000,max_epochs,2.574011688993778
mu,1,64,100,2,3,103,203,303,0.0009849395379424096,0.0016760000884532928,4.7988506266847255e-06,3.672734464998939e-06,2000,max_epochs,2.5700975809886586
mu,1,64,100,2,4,104,204,304,0.022970550775527954,0.04602990579605103,0.0022859777808189393,0.0013479808112606406,2000,max_epochs,2.5685598959971685
mu,1,64,100,2,5,105,205,305,0.0010471178367733956,0.0017258622646331788,5.31681184656918e-06,4.575540515361354e-06,2000,max_epochs,2.5683919949806295
mu,1,64,100,2,6,106,206,306,0.0010215511098504066,0.0017126125395298005,5.022824509069323e-06,3.063411440962227e-06,2000,max_epochs,2.5717663319956046
mu,1,64,100,3,0,100,200,300,0.000961819663643837,0.0016414343118667603,4.5946813188493255e-06,3.4549170777609106e-06,2000,max_epochs,2.5685999849811196
mu,1,64,100,3,1,101,201,301,0.0009677550122141838,0.0016693654656410217,4.5989946811459955e-06,3.062878931814339e-06,2000,max_epochs,2.5667522279836703
mu,1,64,100,3,2,102,202,302,0.0009418047294020653,0.0016041129529476166,4.306731483666226e-06,4.362863819551421e-06,2000,max_epochs,2.5682763360091485
mu,1,64,100,3,3,103,203,303,0.0009983213990926742,0.0016984426379203796,4.911489319056273e-06,3.8835864870634396e-06,2000,max_epochs,2.568332905997522
mu,1,64,100,3,4,104,204,304,0.0009460181519389153,0.0015913123190402984,4.486026969971135e-06,3.352376779730548e-06,2000,max_epochs,2.569573262007907
mu,1,64,100,3,5,105,205,305,0.010369886994361878,0.020852858781814577,0.000469282329082489,0.0010700366692617536,2000,max_epochs,2.5689783740090206
mu,1,64,100,3,6,106,206,306,0.001102432668209076,0.0019413849115371704,6.1705330153927205e-06,9.938643415807746e-06,2000,max_epochs,2.5695446130121127
mu,1,64,100,4,0,100,200,300,0.00629762852191925,0.012763880491256714,0.0001819030921906233,0.003305962076410651,2000,max_epochs,2.5571080099907704
mu,1,64,100,4,1,101,201,301,0.0009834959432482718,0.0016991854906082153,4.7961118980310856e-06,3.021021484528319e-06,2000,max_epochs,2.555326695990516
mu,1,64,100,4,2,102,202,302,0.000949387863278389,0.0016155688762664795,4.382502404041588e-06,4.526282282313332e-06,2000,max_epochs,2.558024220983498
mu,1,64,100,4,3,103,203,303,0.030883108139038086,0.062035367965698245,0.004146843433380127,0.0029012556187808514,2000,max_epochs,2.550209616019856
mu,1,64,100,4,4,104,204,304,0.0015835612118244172,0.0030035528540611266,1.2094973819330335e-05,6.57082409816212e-06,2000,max_epochs,2.5500766330223996
mu,1,64,100,4,5,105,205,305,0.0010207918062806129,0.0016968396604061127,5.04207715857774e-06,4.5991691877134144e-06,2000,max_epochs,2.553313865995733
mu,1,64,100,4,6,106,206,306,0.0010163240432739258,0.001704511821269989,4.957749741151929e-06,3.1734448384668212e-06,2000,max_epochs,2.547840173006989
mu,1,64,100,8,0,100,200,300,0.0009796772748231887,0.0016823682188987733,4.75725979777053e-06,3.716147830346017e-06,2000,max_epochs,2.54939118999755
mu,1,64,100,8,1,101,201,301,0.0009627354592084884,0.0016668235659599304,4.517062159720808e-06,3.2309274047293e-06,2000,max_epochs,2.5511143599869683
mu,1,64,100,8,2,102,202,302,0.0009660787880420684,0.0016279570162296296,4.4751614914275705e-06,4.314857960707741e-06,2000,max_epochs,2.5940518799761776
mu,1,64,100,8,3,103,203,303,0.002149133697152138,0.0038453927636146546,1.8768567126244306e-05,0.0025198401417583227,2000,max_epochs,2.561461679986678
mu,1,64,100,8,4,104,204,304,0.0047597593665122985,0.009478371500968932,9.986149519681931e-05,6.434128590626642e-05,2000,max_epochs,2.5522224319865927
mu,1,64,100,8,5,105,205,305,0.027701040506362917,0.05600812101364136,0.0033937970101833343,0.0027409354224801064,2000,max_epochs,2.555319190985756
mu,1,64,100,8,6,106,206,306,0.0010179302990436553,0.0016966053247451781,4.971181275323034e-06,3.1252623102773214e-06,2000,max_epochs,2.552941893984098
mu,1,64,1000,1,0,100,200,300,0.001978538513183594,0.0038384863138198853,1.8283603712916373e-05,9.817797734285704e-06,2000,max_epochs,10.271602135995636
mu,1,64,1000,1,1,101,201,301,0.0010738393068313598,0.0019272741377353668,6.012590019963681e-06,8.80712122307159e-06,2000,max_epochs,10.238773157005198
mu,1,64,1000,1,2,102,202,302,0.0027987799644470213,0.00551075804233551,3.552144789136946e-05,1.9803236122243106e-05,2000,max_epochs,10.231653770024423
mu,1,64,1000,1,3,103,203,303,0.001008308432996273,0.0017332444489002229,5.075836728792637e-06,5.170913162146462e-06,2000,max_epochs,10.228209210006753
mu,1,64,1000,1,4,104,204,304,0.0017466923147439956,0.0032037531435489654,1.3770686229690909e-05,8.792911284035654e-05,2000,max_epochs,10.235282526002266
mu,1,64,1000,1,5,105,205,305,0.0034778187572956083,0.006936052918434143,5.480390787124634e-05,0.00025893977389205246,2000,max_epochs,10.419007489981595
mu,1,64,1000,1,6,106,206,306,0.00189311121404171,0.003885697901248932,1.987304794602096e-05,1.4282754396845121e-05,2000,max_epochs,10.2322884509922
mu,1,64,1000,2,0,100,200,300,0.0011704935282468795,0.0021472555994987486,7.180329354014248e-06,7.226186135085299e-06,2000,max_epochs,10.159013644995866
mu,1,64,1000,2,1,101,201,301,0.002553170531988144,0.005176176190376282,3.2985850935801867e-05,4.650539347858285e-05,2000,max_epochs,10.417666580004152
mu,1,64,1000,2,2,102,202,302,0.000983274184167385,0.00167667418718338,4.5449635072145615e-06,4.371559716673801e-06,2000,max_epochs,10.412857279006857
mu,1,64,1000,2,3,103,203,303,0.00814608210325241,0.016177562952041626,0.00028503411635756495,0.00046220547752454875,2000,max_epochs,10.236051921994658
mu,1,64,1000,2,4,104,204,304,0.0009946599677205085,0.001690099596977234,4.6030240482650694e-06,5.658900292473845e-06,2000,max_epochs,10.160145541012753
mu,1,64,1000,2,5,105,205,305,0.007041525900363922,0.014565225839614868,0.00024308358505368232,7.008303760085255e-05,2000,max_epochs,10.195058774988865
mu,1,64,1000,2,6,106,206,306,0.0012179500013589858,0.0022496874332427978,7.735397201031446e-06,1.6315448578097856e-05,2000,max_epochs,10.160870135005098
mu,1,64,1000,3,0,100,200,300,0.0031471785604953767,0.00631367689371109,4.6878808178007604e-05,2.320290627540089e-05,2000,max_epochs,10.164582910016179
mu,1,64,1000,3,1,101,201,301,0.0009626920223236084,0.0016570706367492675,4.479425493627787e-06,4.722488945844816e-06,2000,max_epochs,10.19490133097861
mu,1,64,1000,3,2,102,202,302,0.0017906924784183503,0.0034033570289611816,1.4617853448726237e-05,9.766510454937816e-06,2000,max_epochs,10.35469977298635
mu,1,64,1000,3,3,103,203,303,0.004448203921318054,0.008790539741516114,8.526173606514931e-05,0.0002919877329841256,2000,max_epochs,10.389995517994976
mu,1,64,1000,3,4,104,204,304,0.0009595445170998573,0.0016296717822551728,4.293864476494491e-06,5.101659709907836e-06,2000,max_epochs,10.421644183021272
mu,1,64,1000,3,5,105,205,305,0.010898276448249818,0.021910783767700195,0.0005191250517964363,0.0004299333281815052,2000,max_epochs,10.37066332399263
mu,1,64,1000,3,6,106,206,306,0.007392548203468323,0.014518491625785827,0.0002282460667192936,0.00026218619872815906,2000,max_epochs,10.279246774996864
mu,1,64,1000,4,0,100,200,300,0.002004654735326767,0.004005832135677337,2.0782932871952655e-05,1.299266138812527e-05,2000,max_epochs,10.498560437001288
mu,1,64,1000,4,1,101,201,301,0.0047331276535987855,0.009507582128047943,0.00010187312960624695,5.699280730914325e-05,2000,max_epochs,10.733226279990049
mu,1,64,1000,4,2,102,202,302,0.0010560432821512223,0.0019009934961795806,5.755964666604996e-06,5.530947095394368e-06,2000,max_epochs,10.692443384003127
mu,1,64,1000,4,3,103,203,303,0.003988436579704284,0.007862203240394593,6.936694867908955e-05,5.7970361958723514e-05,2000,max_epochs,10.397702958987793
mu,1,64,1000,4,4,104,204,304,0.0009514202624559402,0.0016110177040100098,4.3365106685087086e-06,7.3144317793776284e-06,2000,max_epochs,10.258351639000466
mu,1,64,1000,4,5,105,205,305,0.0009558940306305886,0.001625467300415039,4.528027173364535e-06,4.331359512434574e-06,2000,max_epochs,10.63264702699962
mu,1,64,1000,4,6,106,206,306,0.010262294411659241,0.021604621171951294,0.0005582518875598908,0.000282523937523365,2000,max_epochs,10.36363348501618
mu,1,64,1000,8,0,100,200,300,0.006445657789707184,0.012924123287200927,0.00018373745307326316,0.00017989105742890387,2000,max_epochs,10.672159195994027
mu,1,64,1000,8,1,101,201,301,0.00942053771018982,0.01904572057723999,0.0003965629898011684,0.00028403470944613217,2000,max_epochs,10.754894867015537
mu,1,64,1000,8,2,102,202,302,0.007562897443771362,0.015253276348114013,0.0002574737500399351,0.00023882523027714343,2000,max_epochs,10.78460047498811
mu,1,64,1000,8,3,103,203,303,0.0012094790786504747,0.002266522288322449,7.495932630263269e-06,6.694314404739998e-06,2000,max_epochs,10.759575951989973
mu,1,64,1000,8,4,104,204,304,0.006844081401824951,0.014007848858833313,0.0002216324396431446,4.631181218428537e-05,2000,max_epochs,10.767407515988452
mu,1,64,1000,8,5,105,205,305,0.0012721395641565323,0.00235790079832077,8.425040694419295e-06,5.381611819757381e-06,2000,max_epochs,10.76353998799459
mu,1,64,1000,8,6,106,206,306,0.0011047604829072953,0.002012754499912262,6.572993122972548e-06,1.006663666703389e-05,2000,max_epochs,10.760003820993006
mu,1,128,5,1,0,100,200,300,0.0008635151982307434,0.001458892732858658,3.516628552461043e-06,9.9319254331931e-07,179,stopping_threshold,0.23929210001369938
mu,1,128,5,1,1,101,201,301,0.0010903073772788048,0.0019063902199268341,5.523695726878941e-06,9.491177479503676e-07,132,stopping_threshold,0.1781715180259198
mu,1,128,5,1,2,102,202,302,0.0035927554070949554,0.0046572452783584595,7.886863779276609e-05,6.216775432221766e-07,153,stopping_threshold,0.20656345202587545
mu,1,128,5,1,3,103,203,303,0.04405842924118042,0.08660706043243409,0.007876407146453858,0.0025065778754651546,2000,max_epochs,2.6687824880064
mu,1,128,5,1,4,104,204,304,0.0025450316667556764,0.0033543956279754638,4.0681038983166215e-05,9.046205491358705e-07,305,stopping_threshold,0.4069350519857835
mu,1,128,5,1,5,105,205,305,0.0014104425013065339,0.002700776368379593,1.0096210171468556e-05,9.55353584686236e-07,171,stopping_threshold,0.22892908999347128
mu,1,128,5,1,6,106,206,306,0.005439456701278687,0.006996767044067383,0.00016564574092626573,1.3255117892185808e-06,2000,max_epochs,2.6719869340013247
mu,1,128,5,2,0,100,200,300,0.0010605797171592713,0.001974499821662903,5.473291384987533e-06,9.763011803443078e-07,204,stopping_threshold,0.2710733720159624
mu,1,128,5,2,1,101,201,301,0.0008672065883874894,0.0015055442452430725,3.7482269399333744e-06,9.960803026842768e-07,339,stopping_threshold,0.44994577701436356
mu,1,128,5,2,2,102,202,302,0.0012104669511318208,0.0020663757026195525,6.549187004566193e-06,9.920075854097377e-07,280,stopping_threshold,0.37007955397712067
mu,1,128,5,2,3,103,203,303,0.00204314760863781,0.002933335512876511,2.3488624952733518e-05,9.999091616919031e-07,1054,stopping_threshold,1.3778263159911148
mu,1,128,5,2,4,104,204,304,0.0013870314955711364,0.0025689507722854612,9.5073675038293e-06,8.490064260513464e-07,130,stopping_threshold,0.16722004301846027
mu,1,128,5,2,5,105,205,305,0.0016951773166656494,0.0032322180569171904,1.3081595301628112e-05,9.177439324048464e-07,118,stopping_threshold,0.15248506399802864
mu,1,128,5,2,6,106,206,306,0.007172051072120667,0.009125846862792969,0.00029152538627386093,9.992726290874998e-07,545,stopping_threshold,0.701753480010666
mu,1,128,5,3,0,100,200,300,0.0018343496173620225,0.004053715467453003,3.193126735277474e-05,9.81304992819787e-07,174,stopping_threshold,0.2236741590022575
mu,1,128,5,3,1,101,201,301,0.0009226914122700691,0.0016869653463363647,4.340601473813877e-06,9.927128985509626e-07,236,stopping_threshold,0.30635130498558283
mu,1,128,5,3,2,102,202,302,0.00476244580745697,0.006507839620113373,0.00010517166927456856,9.9988187685085e-07,345,stopping_threshold,0.44537920400034636
mu,1,128,5,3,3,103,203,303,0.00204892235994339,0.002986791342496872,2.3378790356218815e-05,9.993905223382171e-07,1623,stopping_threshold,2.086056391010061
mu,1,128,5,3,4,104,204,304,0.00552861350774765,0.007032713234424591,0.00017461655661463738,9.857329814622062e-07,350,stopping_threshold,0.4515123620221857
mu,1,128,5,3,5,105,205,305,0.0038936742842197417,0.005861210405826569,7.777546718716621e-05,8.850969948070997e-07,131,stopping_threshold,0.16922839701874182
mu,1,128,5,3,6,106,206,306,0.005603825628757476,0.007307752251625061,0.0001684641297906637,9.996056178351864e-07,1436,stopping_threshold,1.846370933984872
mu,1,128,5,4,0,100,200,300,0.0009203341677784919,0.0016443819403648377,4.099489655345678e-06,9.554204325468163e-07,226,stopping_threshold,0.29191119098686613
mu,1,128,5,4,1,101,201,301,0.0010089142322540284,0.001807080179452896,5.1493677310645584e-06,9.562484137859428e-07,170,stopping_threshold,0.21919015698949806
mu,1,128,5,4,2,102,202,302,0.004720202594995499,0.005999349474906921,0.00012953341659158467,9.963940783563885e-07,190,stopping_threshold,0.24472784000681713
mu,1,128,5,4,3,103,203,303,0.0020455254465341567,0.0030350830256938932,2.1801886381581425e-05,9.982561550714308e-07,709,stopping_threshold,0.9092484109860379
mu,1,128,5,4,4,104,204,304,0.005420053660869598,0.006920590281486511,0.00016662622615695,9.994279253078275e-07,359,stopping_threshold,0.4627160390082281
mu,1,128,5,4,5,105,205,305,0.001582264244556427,0.002642663359642029,1.153855922166258e-05,9.386816941514553e-07,148,stopping_threshold,0.19006198001443408
mu,1,128,5,4,6,106,206,306,0.0074736691117286685,0.009511950016021729,0.0003139539323747158,9.9866736036347e-07,1045,stopping_threshold,1.3451839839981403
mu,1,128,5,8,0,100,200,300,0.0012094395458698273,0.0023429968953132627,7.850466994568706e-06,9.885154668154428e-07,233,stopping_threshold,0.3000251090270467
mu,1,128,5,8,1,101,201,301,0.0011327908188104628,0.0018888263404369355,5.849599605426192e-06,9.979588639907888e-07,701,stopping_threshold,0.9017439600138459
mu,1,128,5,8,2,102,202,302,0.0022251133769750596,0.003125429302453995,2.3462163051590323e-05,9.81567154667573e-07,258,stopping_threshold,0.3314238039893098
mu,1,128,5,8,3,103,203,303,0.0021078263819217682,0.0029337704479694368,2.616021316498518e-05,9.984596545109525e-07,361,stopping_threshold,0.4652781159966253
mu,1,128,5,8,4,104,204,304,0.002016971096396446,0.002755426824092865,2.0453846780583263e-05,9.97217171061493e-07,688,stopping_threshold,0.8835230569820851
mu,1,128,5,8,5,105,205,305,0.0017103523164987565,0.002500886708498001,1.616413181181997e-05,9.990170610763016e-07,923,stopping_threshold,1.1856315780023579
mu,1,128,5,8,6,106,206,306,0.003015850156545639,0.004329236030578614,4.2685685446485875e-05,9.976273531719926e-07,214,stopping_threshold,0.27504210101324134
mu,1,128,10,1,0,100,200,300,0.0009637786895036698,0.0018185903429985047,5.248983681667596e-06,9.999783969760756e-07,1264,stopping_threshold,1.7044598009961192
mu,1,128,10,1,1,101,201,301,0.0011491273641586303,0.0017963683307170868,6.7707629059441385e-06,1.8308024891666719e-06,2000,max_epochs,2.6883223179902416
mu,1,128,10,1,2,102,202,302,0.0009695608541369439,0.0015800578594207765,4.536919237580151e-06,9.964871878764825e-07,176,stopping_threshold,0.23662735198740847
mu,1,128,10,1,3,103,203,303,0.0010810773968696595,0.001974394649267197,5.739543412346393e-06,9.984432836063206e-07,786,stopping_threshold,1.0288826680043712
mu,1,128,10,1,4,104,204,304,0.0014063390046358108,0.0021209091544151307,9.599469136446715e-06,1.174007934423571e-06,2000,max_epochs,2.6080695709970314
mu,1,128,10,1,5,105,205,305,0.0015640674531459807,0.0022635476887226105,1.2751115486025811e-05,9.996521157518146e-07,1179,stopping_threshold,1.5175490959954914
mu,1,128,10,1,6,106,206,306,0.001036412626504898,0.001843805730342865,5.213495227508247e-06,9.994814718083944e-07,949,stopping_threshold,1.2195108130108565
mu,1,128,10,2,0,100,200,300,0.007606288194656372,0.015223704934120178,0.00025499189645051954,0.0002712368150241673,2000,max_epochs,2.5614038149942644
mu,1,128,10,2,1,101,201,301,0.000905014954507351,0.001562774211168289,3.806500229984522e-06,1.4074038290345925e-06,2000,max_epochs,2.5598196939972695
mu,1,128,10,2,2,102,202,302,0.003794828087091446,0.004981997013092041,8.45115827396512e-05,9.989072395910625e-07,261,stopping_threshold,0.33406738701160066
mu,1,128,10,2,3,103,203,303,0.0011097096651792526,0.0020305694937705994,6.032222532667219e-06,9.97922029455367e-07,260,stopping_threshold,0.33324858199921437
mu,1,128,10,2,4,104,204,304,0.0017402587682008744,0.0024840511083602905,1.6663662856444717e-05,9.997444294640445e-07,1642,stopping_threshold,2.101462585007539
mu,1,128,10,2,5,105,205,305,0.0018841359615325928,0.002603125661611557,2.1531869657337667e-05,1.2297905414015986e-06,2000,max_epochs,2.5548683110100683
mu,1,128,10,2,6,106,206,306,0.0009057249426841736,0.001529501587152481,3.834534727502614e-06,9.983701829696656e-07,344,stopping_threshold,0.44213503200444393
mu,1,128,10,3,0,100,200,300,0.0012643770277500153,0.0026340530812740326,1.2716562603600324e-05,9.99268877421855e-07,1055,stopping_threshold,1.350503601017408
mu,1,128,10,3,1,101,201,301,0.014206897377967834,0.02842270350456238,0.0008622642979025841,9.820808190852404e-05,2000,max_epochs,2.562505482987035
mu,1,128,10,3,2,102,202,302,0.0018066878467798233,0.0027724132239818574,1.3602163409814239e-05,9.991420029109577e-07,494,stopping_threshold,0.6348067839862779
mu,1,128,10,3,3,103,203,303,0.0017702843099832535,0.002755988150835037,1.4252218650653959e-05,9.98587665890227e-07,693,stopping_threshold,0.8901486879913136
mu,1,128,10,3,4,104,204,304,0.001737574279308319,0.0026293099224567414,1.4168657711707055e-05,9.998872201322229e-07,1124,stopping_threshold,1.4417493609944358
mu,1,128,10,3,5,105,205,305,0.00196386644244194,0.002738460063934326,2.189571433700621e-05,9.995969776355196e-07,944,stopping_threshold,1.2110348209971562
mu,1,128,10,3,6,106,206,306,0.001192860335111618,0.001951641023159027,6.502293224912137e-06,9.979016795114148e-07,383,stopping_threshold,0.48992475599516183
mu,1,128,10,4,0,100,200,300,0.0009197136759757996,0.001678658366203308,4.375312390038744e-06,9.992810419134912e-07,1107,stopping_threshold,1.4184078079997562
mu,1,128,10,4,1,101,201,301,0.000984690949320793,0.0016521634459495545,4.5899090764578435e-06,1.253225377695344e-06,2000,max_epochs,2.5622567440150306
mu,1,128,10,4,2,102,202,302,0.0007838528305292129,0.0013819961547851562,3.1160370854195207e-06,9.957244628822082e-07,196,stopping_threshold,0.2521087870118208
mu,1,128,10,4,3,103,203,303,0.0015249425172805787,0.0025422043800354004,1.0259946342557668e-05,9.986772511183517e-07,332,stopping_threshold,0.426293363008881
mu,1,128,10,4,4,104,204,304,0.0016417593508958816,0.0023655674755573273,1.4273605775088071e-05,9.998011591960676e-07,1044,stopping_threshold,1.3361208780261222
mu,1,128,10,4,5,105,205,305,0.0025537776052951813,0.0033956030905246733,4.4156242161989214e-05,9.999031362895039e-07,1432,stopping_threshold,1.832638523017522
mu,1,128,10,4,6,106,206,306,0.0011536675989627838,0.001858108639717102,6.006323208566755e-06,9.963631555365282e-07,618,stopping_threshold,0.7942908380064182
mu,1,128,10,8,0,100,200,300,0.0008084325343370438,0.0013687820732593537,3.1342842266894877e-06,9.993398180085933e-07,1314,stopping_threshold,1.6778001970087644
mu,1,128,10,8,1,101,201,301,0.0010084886997938157,0.001633173942565918,4.85983700491488e-06,1.3168212262826273e-06,2000,max_epochs,2.556895141984569
mu,1,128,10,8,2,102,202,302,0.0027443585991859436,0.003586627960205078,4.823319101706147e-05,9.99737721940619e-07,248,stopping_threshold,0.32508644097833894
mu,1,128,10,8,3,103,203,303,0.0011563006415963174,0.001986079752445221,6.15654984721914e-06,9.784508847587858e-07,145,stopping_threshold,0.1910661710135173
mu,1,128,10,8,4,104,204,304,0.0018701580315828323,0.0027575021386146547,1.8427043105475605e-05,1.0712841458371258e-06,2000,max_epochs,2.6335221110202838
mu,1,128,10,8,5,105,205,305,0.0013797714561223984,0.0020320296585559844,9.670430910773576e-06,1.2579174608617905e-06,2000,max_epochs,2.63047582298168
mu,1,128,10,8,6,106,206,306,0.001184080995619297,0.0019984601736068724,6.1665872926823795e-06,9.986662234950927e-07,458,stopping_threshold,0.6013842940155882
mu,1,128,100,1,0,100,200,300,0.009569013178348542,0.019195764541625977,0.0003992881178855896,0.00020411670266184956,2000,max_epochs,2.66124120799941
mu,1,128,100,1,1,101,201,301,0.0007284268960356712,0.0012229633331298827,2.545579627621919e-06,1.7924099893207313e-06,2000,max_epochs,2.663966725987848
mu,1,128,100,1,2,102,202,302,0.0007033331543207169,0.001179955691099167,2.377137396251783e-06,1.9887531834683614e-06,2000,max_epochs,2.6981496609805617
mu,1,128,100,1,3,103,203,303,0.0007361941561102867,0.001234839826822281,2.576488419435918e-06,2.0099535049666883e-06,2000,max_epochs,2.6935121830028947
mu,1,128,100,1,4,104,204,304,0.0006800543814897538,0.0011633163988590241,2.2931124112801624e-06,1.6683979993104003e-06,2000,max_epochs,2.6922188629978336
mu,1,128,100,1,5,105,205,305,0.0007083966657519341,0.001226495385169983,2.4562223989050835e-06,2.4002754344110144e-06,2000,max_epochs,2.6967229370202404
mu,1,128,100,1,6,106,206,306,0.0007118485942482948,0.0012081423103809357,2.4752609024289994e-06,1.8754212760541122e-06,2000,max_epochs,2.7001618839858565
mu,1,128,100,2,0,100,200,300,0.0007392315492033959,0.0012495990097522735,2.649340109201148e-06,1.8521883475841605e-06,2000,max_epochs,2.688011452992214
mu,1,128,100,2,1,101,201,301,0.000712064802646637,0.0011939359307289123,2.434357476886362e-06,1.7611882867640816e-06,2000,max_epochs,2.6801432740176097
mu,1,128,100,2,2,102,202,302,0.0007028390318155289,0.0011799123287200928,2.3779398761689665e-06,1.895762011372426e-06,2000,max_epochs,2.683366928016767
mu,1,128,100,2,3,103,203,303,0.0007588498368859291,0.0012595140039920807,2.705425868043676e-06,2.0099155335628893e-06,2000,max_epochs,2.6829564129875507
mu,1,128,100,2,4,104,204,304,0.000687441125512123,0.0011618911921977997,2.3047743015922605e-06,1.745792928886658e-06,2000,max_epochs,2.686434276984073
mu,1,128,100,2,5,105,205,305,0.0007033008486032486,0.0012180157601833343,2.4217739410232753e-06,2.4361320356547367e-06,2000,max_epochs,2.6150205669982824
mu,1,128,100,2,6,106,206,306,0.0007019592821598053,0.00119577956199646,2.412925357930362e-06,1.752705657054321e-06,2000,max_epochs,2.609726024995325
mu,1,128,100,3,0,100,200,300,0.0007178314477205277,0.0012356764972209931,2.539597568102181e-06,1.783900643204106e-06,2000,max_epochs,2.607160654006293
mu,1,128,100,3,1,101,201,301,0.0007145612314343453,0.0011935643553733827,2.4455852690152823e-06,1.7535270444568596e-06,2000,max_epochs,2.609413736994611
mu,1,128,100,3,2,102,202,302,0.0007120639085769654,0.001187814861536026,2.439478586893529e-06,1.9296146547276294e-06,2000,max_epochs,2.610597714985488
mu,1,128,100,3,3,103,203,303,0.0007241865545511246,0.0012310337126255036,2.5061444903258233e-06,1.9473959582683165e-06,2000,max_epochs,2.6093961389851756
mu,1,128,100,3,4,104,204,304,0.013092477202415466,0.02647732925415039,0.0007693109214305878,0.00032316907891072333,2000,max_epochs,2.612998098018579
mu,1,128,100,3,5,105,205,305,0.001193734921514988,0.002345968335866928,7.2451027808710936e-06,4.347527465142775e-06,2000,max_epochs,2.5761568440066185
mu,1,128,100,3,6,106,206,306,0.0011538369283080102,0.0021924851238727568,6.4789308817125856e-06,2.0129900804022327e-06,2000,max_epochs,2.572281884000404
mu,1,128,100,4,0,100,200,300,0.0007029233127832413,0.0011983915865421296,2.421079931082204e-06,1.7543130752528668e-06,2000,max_epochs,2.5762616010033526
mu,1,128,100,4,1,101,201,301,0.0007281400784850121,0.0012357656359672546,2.5691116170492022e-06,1.7920847312780097e-06,2000,max_epochs,2.575548586988589
mu,1,128,100,4,2,102,202,302,0.0007137632593512535,0.001193595141172409,2.4406742304563522e-06,1.9828805761790136e-06,2000,max_epochs,2.574755577981705
mu,1,128,100,4,3,103,203,303,0.0008287332132458687,0.0014612686336040496,3.2440058130305262e-06,1.0902427675318904e-05,2000,max_epochs,2.5743544250144623
mu,1,128,100,4,4,104,204,304,0.0006995290666818619,0.0011853148341178894,2.3799987829988823e-06,1.81967732260091e-06,2000,max_epochs,2.644611867988715
mu,1,128,100,4,5,105,205,305,0.0007182843834161759,0.0012361025512218475,2.4915320100262763e-06,2.382926368227345e-06,2000,max_epochs,2.6843919870152604
mu,1,128,100,4,6,106,206,306,0.0006908129453659057,0.001173522174358368,2.3301412002183497e-06,1.678055127740663e-06,2000,max_epochs,2.6857627389836125
mu,1,128,100,8,0,100,200,300,0.0007117024287581444,0.0012258942723274231,2.493383042747155e-06,2.1409696273622103e-06,2000,max_epochs,2.693597234028857
mu,1,128,100,8,1,101,201,301,0.0007237888425588607,0.0012189204692840577,2.5228108279407023e-06,1.7148590814031195e-06,2000,max_epochs,2.68100666400278
mu,1,128,100,8,2,102,202,302,0.0007383414134383201,0.001221516966819763,2.6198070263490082e-06,1.9956792129960377e-06,2000,max_epochs,2.6521092590119224
mu,1,128,100,8,3,103,203,303,0.0007280692160129547,0.0012302146852016449,2.5454609422013164e-06,2.0443803805392236e-06,2000,max_epochs,2.6475297230063006
mu,1,128,100,8,4,104,204,304,0.0006794992610812187,0.0011513714790344239,2.254200735478662e-06,1.6866798659975757e-06,2000,max_epochs,2.650050258002011
mu,1,128,100,8,5,105,205,305,0.0007787075787782669,0.001365034282207489,3.0745426774956287e-06,2.9172269933042116e-06,2000,max_epochs,2.653912272013258
mu,1,128,100,8,6,106,206,306,0.0007021643072366715,0.001205618143081665,2.4302547972183673e-06,1.6611219280093792e-06,2000,max_epochs,2.652798538998468
mu,1,128,1000,1,0,100,200,300,0.000840723603963852,0.001528057962656021,3.4105516970157625e-06,2.7091174270026388e-06,2000,max_epochs,10.669633388984948
mu,1,128,1000,1,1,101,201,301,0.000702930636703968,0.0011951330900192261,2.375893585849553e-06,2.295911544933915e-06,2000,max_epochs,10.709844933007844
mu,1,128,1000,1,2,102,202,302,0.004205500185489655,0.008653258681297302,8.588481973856688e-05,0.00012779562413925305,2000,max_epochs,10.662561219971394
mu,1,128,1000,1,3,103,203,303,0.0007108762860298157,0.0012178432047367095,2.4336004862561823e-06,2.2501000712509265e-06,2000,max_epochs,10.654804958001478
mu,1,128,1000,1,4,104,204,304,0.0014412028342485428,0.002922216147184372,1.1114113265648484e-05,4.991178764612414e-06,2000,max_epochs,10.66849971699412
mu,1,128,1000,1,5,105,205,305,0.008782406032085419,0.017726418256759642,0.00034532712027430536,0.00016848111571744084,2000,max_epochs,10.649646894016769
mu,1,128,1000,1,6,106,206,306,0.012402562141418457,0.023430387020111083,0.0005598790161311626,0.0011768973153084518,2000,max_epochs,10.634945950994734
mu,1,128,1000,2,0,100,200,300,0.0006725928485393525,0.0011551745235919952,2.2248440363910047e-06,2.3777982023602816e-06,2000,max_epochs,10.434367644018494
mu,1,128,1000,2,1,101,201,301,0.0007600779384374618,0.0013237030506134033,2.860503300325945e-06,2.863091529434314e-06,2000,max_epochs,10.358630391012412
mu,1,128,1000,2,2,102,202,302,0.0191354877948761,0.039043673753738406,0.0016814500242471695,0.0007782333996146917,2000,max_epochs,10.618446195003344
mu,1,128,1000,2,3,103,203,303,0.013888797163963318,0.027914901733398438,0.0008410918861627578,0.0006220842762850225,2000,max_epochs,10.616025992989307
mu,1,128,1000,2,4,104,204,304,0.0007325806617736817,0.001237392544746399,2.6471698947716505e-06,0.00022680602692707908,2000,max_epochs,10.638806022005156
mu,1,128,1000,2,5,105,205,305,0.0007040270566940307,0.0012166924178600312,2.4819243990350515e-06,2.3160296223068144e-06,2000,max_epochs,10.719521357998019
mu,1,128,1000,2,6,106,206,306,0.007287657022476197,0.013886455774307251,0.00020083710178732872,0.0010895103197544813,2000,max_epochs,10.735150010004872
mu,1,128,1000,3,0,100,200,300,0.0044699135422706605,0.008609216690063476,7.83156813122332e-05,8.424645860213787e-05,2000,max_epochs,10.725183910981286
mu,1,128,1000,3,1,101,201,301,0.01896802353858948,0.038565848588943484,0.0016350771486759186,0.0010936689544469118,2000,max_epochs,10.687122902018018
mu,1,128,1000,3,2,102,202,302,0.007172504305839538,0.014713379740715026,0.0002447108216583729,0.000680132137844339,2000,max_epochs,10.596885564009426
mu,1,128,1000,3,3,103,203,303,0.004973349452018738,0.009667730212211609,9.965185821056366e-05,0.00028316255647223445,2000,max_epochs,10.537781516992254
mu,1,128,1000,3,4,104,204,304,0.003881560206413269,0.008143892347812652,7.950177602469921e-05,0.0001811335791135207,2000,max_epochs,10.484075428015785
mu,1,128,1000,3,5,105,205,305,0.0010957429707050324,0.0020808832943439485,5.8403752627782525e-06,2.913526465272298e-05,2000,max_epochs,10.537006160011515
mu,1,128,1000,3,6,106,206,306,0.006581970930099487,0.012979800581932068,0.00018145694211125373,0.00019021664874162525,2000,max_epochs,10.710786228999496
mu,1,128,1000,4,0,100,200,300,0.006247308969497681,0.01277895724773407,0.00018533553928136825,0.00016832615324528888,2000,max_epochs,10.910841714998242
mu,1,128,1000,4,1,101,201,301,0.0008273591920733451,0.0014776675701141358,3.417225176235661e-06,2.8145921969553458e-06,2000,max_epochs,10.842490328999702
mu,1,128,1000,4,2,102,202,302,0.0006993021816015244,0.001180239737033844,2.4512829550076278e-06,2.3386508455587318e-06,2000,max_epochs,10.869036160001997
mu,1,128,1000,4,3,103,203,303,0.01511200201511383,0.030406203031539916,0.0010065392181277276,0.0003761377758346498,2000,max_epochs,10.68293559900485
mu,1,128,1000,4,4,104,204,304,0.0007069752886891365,0.0012100595533847808,2.4596072908025236e-06,2.5973314895963996e-06,2000,max_epochs,10.602849339979002
mu,1,128,1000,4,5,105,205,305,0.0006847124993801117,0.0011715280115604401,2.3192978114821017e-06,2.2470113271992886e-06,2000,max_epochs,10.604785286996048
mu,1,128,1000,4,6,106,206,306,0.001442087858915329,0.002648528516292572,9.512852760963141e-06,0.00020102534253965131,2000,max_epochs,10.592270040011499
mu,1,128,1000,8,0,100,200,300,0.00759559577703476,0.014361966609954833,0.00021294022165238856,0.0011964508276432753,2000,max_epochs,10.581508128991118
mu,1,128,1000,8,1,101,201,301,0.00124434332549572,0.002397412121295929,7.659817347303033e-06,4.796622550202301e-06,2000,max_epochs,10.610799304005923
mu,1,128,1000,8,2,102,202,302,0.0006846864074468613,0.0011623177230358124,2.32283330115024e-06,2.2603538000112165e-06,2000,max_epochs,10.79725566401612
mu,1,128,1000,8,3,103,203,303,0.002475626349449158,0.00471222722530365,3.249013121239841e-05,3.5640568559756503e-05,2000,max_epochs,10.796397072990658
mu,1,128,1000,8,4,104,204,304,0.0014205225706100464,0.0028109230399131777,1.0046891868114471e-05,7.539664780779276e-06,2000,max_epochs,10.803798784996616
mu,1,128,1000,8,5,105,205,305,0.0006993013843894005,0.0011909924745559693,2.3876837221905588e-06,3.4799841541826026e-06,2000,max_epochs,10.828719764016569
mu,1,128,1000,8,6,106,206,306,0.00887814700603485,0.019510938286781312,0.0004989532083272934,0.00018893926381133497,2000,max_epochs,10.87704934598878
mu,1,256,5,1,0,100,200,300,0.028467726230621337,0.05671134614944458,0.0034174203872680666,0.0004644781874958426,2000,max_epochs,2.6812858229968697
mu,1,256,5,1,1,101,201,301,0.0008744430840015411,0.0015456517934799195,3.5585916484706105e-06,9.842875670074136e-07,168,stopping_threshold,0.22757764701964334
mu,1,256,5,1,2,102,202,302,0.00473501455783844,0.006018157243728638,0.00013385799154639244,9.8577720564208e-07,159,stopping_threshold,0.2143676560081076
mu,1,256,5,1,3,103,203,303,0.00277481085062027,0.004154523074626923,4.1410088539123534e-05,9.981321227314766e-07,271,stopping_threshold,0.36387501799617894
mu,1,256,5,1,4,104,204,304,0.0020414105206727983,0.002797737866640091,1.983016380108893e-05,9.963300726667512e-07,245,stopping_threshold,0.3297059239994269
mu,1,256,5,1,5,105,205,305,0.001153426542878151,0.0017116911709308623,7.136955915484577e-06,9.89430532172264e-07,267,stopping_threshold,0.3579656459914986
mu,1,256,5,1,6,106,206,306,0.0034980619251728058,0.0044617242217063905,6.58893003128469e-05,9.997207826017984e-07,436,stopping_threshold,0.5866135769756511
mu,1,256,5,2,0,100,200,300,0.0012134572118520737,0.00252609983086586,9.238942177034914e-06,1.431075816071825e-06,2000,max_epochs,2.655689239007188
mu,1,256,5,2,1,101,201,301,0.0008726400956511497,0.001445273905992508,3.5080356465186925e-06,9.917034731188323e-07,336,stopping_threshold,0.44867698100279085
mu,1,256,5,2,2,102,202,302,0.0014549978375434874,0.0024277305006980897,8.528573787771166e-06,9.86818918136123e-07,305,stopping_threshold,0.4062033439986408
mu,1,256,5,2,3,103,203,303,0.0005879391804337502,0.0010356856882572174,1.695691084023565e-06,9.95419441096601e-07,319,stopping_threshold,0.425669279997237
mu,1,256,5,2,4,104,204,304,0.0020198234766721727,0.002688589423894882,2.5047058472409846e-05,9.903859563564765e-07,132,stopping_threshold,0.176685112004634
mu,1,256,5,2,5,105,205,305,0.0018839738667011262,0.003071126013994217,1.5038848738186061e-05,8.866481380209734e-07,118,stopping_threshold,0.1579449040000327
mu,1,256,5,2,6,106,206,306,0.005305068433284759,0.006583597302436828,0.00016687589325010776,9.919713193085045e-07,174,stopping_threshold,0.2314001049962826
mu,1,256,5,3,0,100,200,300,0.000731512539088726,0.0013661894500255586,2.65405245590955e-06,1.3103735909680836e-06,2000,max_epochs,2.6939907769847196
mu,1,256,5,3,1,101,201,301,0.000950832337141037,0.001626808077096939,4.131859896006063e-06,9.941634289134527e-07,256,stopping_threshold,0.343067149980925
mu,1,256,5,3,2,102,202,302,0.0029779742658138275,0.0041709538102149965,4.260476166382432e-05,9.981259836422396e-07,774,stopping_threshold,1.0362241339753382
mu,1,256,5,3,3,103,203,303,0.001787611946463585,0.0027730706334114074,1.5001504798419774e-05,9.877184083961765e-07,216,stopping_threshold,0.2890928279957734
mu,1,256,5,3,4,104,204,304,0.003299462676048279,0.00425529420375824,6.264800205826759e-05,9.807371270653675e-07,172,stopping_threshold,0.2305135919887107
mu,1,256,5,3,5,105,205,305,0.0052233079075813295,0.006726333856582642,0.00016508214175701142,9.723661378302495e-07,144,stopping_threshold,0.19275144199491479
mu,1,256,5,3,6,106,206,306,0.0017405533790588379,0.0027060075402259827,1.2268131482414901e-05,9.04344688024139e-07,146,stopping_threshold,0.19620577502064407
mu,1,256,5,4,0,100,200,300,0.001556206613779068,0.003582425147294998,2.477292250841856e-05,1.1145339158247225e-06,2000,max_epochs,2.6592550839995965
mu,1,256,5,4,1,101,201,301,0.0009668775275349617,0.0017566864788532257,4.23800409771502e-06,9.770839142220211e-07,170,stopping_threshold,0.22711060201982036
mu,1,256,5,4,2,102,202,302,0.004494573384523391,0.005762798964977264,0.00011546371039003133,9.964340961232665e-07,173,stopping_threshold,0.2299738310102839
mu,1,256,5,4,3,103,203,303,0.0007701970934867859,0.0013441572785377503,2.7918712876271458e-06,9.98934410745278e-07,172,stopping_threshold,0.22970302100293338
mu,1,256,5,4,4,104,204,304,0.0057346180677413944,0.00788485997915268,0.00015110005065798758,5.892204058000061e-07,116,stopping_threshold,0.15613867397769354
mu,1,256,5,4,5,105,205,305,0.0023821382224559783,0.003339706212282181,2.6457205414772032e-05,9.748265483722207e-07,186,stopping_threshold,0.24803690900444053
mu,1,256,5,4,6,106,206,306,0.004264007300138473,0.005808905839920044,7.747386489063502e-05,9.183009979096823e-07,134,stopping_threshold,0.1797065299761016
mu,1,256,5,8,0,100,200,300,0.03752195549011231,0.07599840164184571,0.0063241711854934695,0.0032025668770074844,2000,max_epochs,2.6839944449893665
mu,1,256,5,8,1,101,201,301,0.0007903873175382615,0.0013842379152774812,2.9760521138086916e-06,9.99355847852712e-07,718,stopping_threshold,0.9566022570070345
mu,1,256,5,8,2,102,202,302,0.0033465185463428496,0.004520513534545898,5.446634255349636e-05,9.863837249213248e-07,362,stopping_threshold,0.48251457401784137
mu,1,256,5,8,3,103,203,303,0.0007639401704072952,0.001174875795841217,2.880341751733795e-06,9.980607273973874e-07,181,stopping_threshold,0.24062280301586725
mu,1,256,5,8,4,104,204,304,0.0015048890709877013,0.002248192548751831,9.611527144443244e-06,9.997028200814384e-07,528,stopping_threshold,0.704033234011149
mu,1,256,5,8,5,105,205,305,0.0031946050524711608,0.004625807166099548,5.682357354089618e-05,7.973227980073716e-07,122,stopping_threshold,0.1660136670107022
mu,1,256,5,8,6,106,206,306,0.001658856615424156,0.002430692255496979,1.3038795441389083e-05,4.30161406939078e-07,128,stopping_threshold,0.17028296401258558
mu,1,256,10,1,0,100,200,300,0.0008124139904975891,0.001666057676076889,4.496308334637433e-06,9.731637646837044e-07,154,stopping_threshold,0.20776130599551834
mu,1,256,10,1,1,101,201,301,0.0008096813708543777,0.0012785133719444275,3.0567703652195633e-06,9.993299272537115e-07,497,stopping_threshold,0.6757057060021907
mu,1,256,10,1,2,102,202,302,0.0012460999935865402,0.0018932853937149048,8.032014244236052e-06,9.904471198751708e-07,152,stopping_threshold,0.20415374397998676
mu,1,256,10,1,3,103,203,303,0.0006538126915693283,0.0011241574585437774,2.0305334910517557e-06,9.95806999526394e-07,710,stopping_threshold,0.9511143370182253
mu,1,256,10,1,4,104,204,304,0.0007966432869434357,0.0014114060997962952,2.966991625726223e-06,9.706618584459648e-07,175,stopping_threshold,0.23531380097847432
mu,1,256,10,1,5,105,205,305,0.0006414479687809944,0.001054954558610916,2.0425307884579524e-06,1.3954534097138094e-06,2000,max_epochs,2.67954281999846
mu,1,256,10,1,6,106,206,306,0.0007285333946347236,0.0011877629160881042,2.634105418110266e-06,9.994370202548453e-07,1163,stopping_threshold,1.5639176380063873
mu,1,256,10,2,0,100,200,300,0.001176463134586811,0.0025441130697727203,1.139779988443479e-05,9.904932767312857e-07,204,stopping_threshold,0.27393249998567626
mu,1,256,10,2,1,101,201,301,0.0007533614188432693,0.0012078846991062165,2.6636030670488255e-06,9.960792795027373e-07,235,stopping_threshold,0.31293866399209946
mu,1,256,10,2,2,102,202,302,0.0013489037305116653,0.0018681843280792237,9.035454248078167e-06,9.992054401664063e-07,554,stopping_threshold,0.738139149005292
mu,1,256,10,2,3,103,203,303,0.0010489384308457375,0.0015540914833545685,5.1445715362206105e-06,9.964389846572885e-07,389,stopping_threshold,0.5186232719861437
mu,1,256,10,2,4,104,204,304,0.0006947367861866951,0.0011664398908615113,2.409885288216174e-06,9.55369955590868e-07,171,stopping_threshold,0.22967414199956693
mu,1,256,10,2,5,105,205,305,0.0005693776085972786,0.0009520619213581085,1.5852843935135753e-06,1.6976810002233833e-06,2000,max_epochs,2.666533726005582
mu,1,256,10,2,6,106,206,306,0.0006054172664880752,0.0010372895002365113,1.7509049648651853e-06,9.99312987914891e-07,615,stopping_threshold,0.8229934170085471
mu,1,256,10,3,0,100,200,300,0.0015477217733860017,0.0036148265302181244,2.8031808091327546e-05,9.9778117146343e-07,536,stopping_threshold,0.7169143840146717
mu,1,256,10,3,1,101,201,301,0.0009320991411805153,0.001633001446723938,4.296485451050103e-06,9.898813004838303e-07,220,stopping_threshold,0.2947504339972511
mu,1,256,10,3,2,102,202,302,0.0007167104110121727,0.001205367386341095,2.3270297970157115e-06,9.965522167476593e-07,528,stopping_threshold,0.7064576780248899
mu,1,256,10,3,3,103,203,303,0.0012920193672180176,0.001803981453180313,8.562957285903394e-06,9.98171572064166e-07,850,stopping_threshold,1.1337702840100974
mu,1,256,10,3,4,104,204,304,0.0013118532598018647,0.002555116027593613,8.501636795699596e-06,8.456266300527204e-07,117,stopping_threshold,0.15692932601086795
mu,1,256,10,3,5,105,205,305,0.00863417661190033,0.017067534804344177,0.0003095359429717064,0.00014179691788740456,2000,max_epochs,2.666993133025244
mu,1,256,10,3,6,106,206,306,0.0006879042536020279,0.001100056290626526,2.1881720167584716e-06,9.987201110561728e-07,511,stopping_threshold,0.6819258179748431
mu,1,256,10,4,0,100,200,300,0.0010714528411626815,0.0022537950575351713,8.005013689398765e-06,9.991272236220539e-07,244,stopping_threshold,0.3251036019937601
mu,1,256,10,4,1,101,201,301,0.000881326712667942,0.0015224593579769134,3.819665900664404e-06,9.837370953391655e-07,258,stopping_threshold,0.34409213002072647
mu,1,256,10,4,2,102,202,302,0.000737911157310009,0.001275151014328003,2.5104492960963396e-06,9.916838052959065e-07,225,stopping_threshold,0.2994937839976046
mu,1,256,10,4,3,103,203,303,0.0011019463390111923,0.0016194183230400084,5.675910681020469e-06,9.96293010757654e-07,369,stopping_threshold,0.4907738900219556
mu,1,256,10,4,4,104,204,304,0.001280746802687645,0.0024680283069610596,8.37677245726809e-06,6.871776463412971e-07,111,stopping_threshold,0.14976807398488745
mu,1,256,10,4,5,105,205,305,0.0006429687067866325,0.0010538621246814729,2.0654441614169627e-06,1.5689411156927235e-06,2000,max_epochs,2.661264566995669
mu,1,256,10,4,6,106,206,306,0.0007159094288945198,0.0010982944369316101,2.513726911274716e-06,9.98882569547277e-07,759,stopping_threshold,1.0120896229927894
mu,1,256,10,8,0,100,200,300,0.001455236792564392,0.0032882385551929474,2.0295030204579233e-05,9.955768973668455e-07,190,stopping_threshold,0.2543482680048328
mu,1,256,10,8,1,101,201,301,0.0008070571199059487,0.0012758545279502869,3.040494571905583e-06,9.994465699492139e-07,1224,stopping_threshold,1.6315110900031868
mu,1,256,10,8,2,102,202,302,0.0015427364259958268,0.002127741038799286,1.2238748022355139e-05,9.99772851173475e-07,710,stopping_threshold,0.9464110449771397
mu,1,256,10,8,3,103,203,303,0.0010457100197672844,0.0015232155621051789,5.248875531833619e-06,9.936037486113491e-07,220,stopping_threshold,0.2933852910064161
mu,1,256,10,8,4,104,204,304,0.00119181227684021,0.001986441910266876,6.220317620318383e-06,9.954256938726758e-07,178,stopping_threshold,0.23840216200915165
mu,1,256,10,8,5,105,205,305,0.000602352112531662,0.000998933345079422,1.7611383955227212e-06,1.7280270867559011e-06,2000,max_epochs,2.660554703004891
mu,1,256,10,8,6,106,206,306,0.0007827190533280373,0.0012417334318161012,2.9683661996386943e-06,9.994732863560785e-07,692,stopping_threshold,0.9228188450215384
mu,1,256,100,1,0,100,200,300,0.02273596429824829,0.04560931825637817,0.002238756388425827,0.0011201516026630998,2000,max_epochs,2.701302614004817
mu,1,256,100,1,1,101,201,301,0.027128111839294432,0.05391923189163208,0.0030697420835494997,0.0003391772333998233,2000,max_epochs,2.6982732900069095
mu,1,256,100,1,2,102,202,302,0.0005338427871465683,0.0009161019325256347,1.3875116710551083e-06,9.99866756501433e-07,762,stopping_threshold,1.041358187008882
mu,1,256,100,1,3,103,203,303,0.0005226341411471367,0.0008839951753616333,1.2685349793173372e-06,1.2417812058629352e-06,2000,max_epochs,2.7237637999933213
mu,1,256,100,1,4,104,204,304,0.0005021807700395585,0.0008628448843955994,1.2556375440908597e-06,9.99949634206132e-07,1678,stopping_threshold,2.2663000040047336
mu,1,256,100,1,5,105,205,305,0.0005065304674208164,0.000862081378698349,1.2703027459792792e-06,1.0597291293379385e-06,2000,max_epochs,2.6986722979927436
mu,1,256,100,1,6,106,206,306,0.0005320123732089996,0.0009044258594512939,1.3472340215230361e-06,9.994693073167582e-07,1991,stopping_threshold,2.686845299991546
mu,1,256,100,2,0,100,200,300,0.0005105548202991486,0.0008672334253787995,1.2489398941397667e-06,1.1911557749044732e-06,2000,max_epochs,2.689743062015623
mu,1,256,100,2,1,101,201,301,0.0005013991370797158,0.000846227377653122,1.2013669038424267e-06,1.1485900586194475e-06,2000,max_epochs,2.6843385540123563
mu,1,256,100,2,2,102,202,302,0.0006361066848039627,0.0010111705660820008,1.955593514139764e-06,9.997003189710085e-07,1456,stopping_threshold,1.978073278994998
mu,1,256,100,2,3,103,203,303,0.000539922259747982,0.000895120918750763,1.3786423951387406e-06,1.1501451808726415e-06,2000,max_epochs,2.6801389520114753
mu,1,256,100,2,4,104,204,304,0.0005087052285671234,0.0008606405556201935,1.2594049039762466e-06,9.999436088037328e-07,1620,stopping_threshold,2.1780758810054976
mu,1,256,100,2,5,105,205,305,0.0005121126770973206,0.0008644097745418548,1.2903959723189473e-06,1.054974177350232e-06,2000,max_epochs,2.676911738992203
mu,1,256,100,2,6,106,206,306,0.0005089204981923104,0.0008476321101188659,1.2303183902986347e-06,9.999266694649123e-07,1129,stopping_threshold,1.5126189719885588
mu,1,256,100,3,0,100,200,300,0.0005037908107042312,0.000850887268781662,1.2118044105591253e-06,1.0857996812774218e-06,2000,max_epochs,2.691586610977538
mu,1,256,100,3,1,101,201,301,0.0005035879351198673,0.000848059594631195,1.2093405530322343e-06,1.1588448387556127e-06,2000,max_epochs,2.684481099015102
mu,1,256,100,3,2,102,202,302,0.0005133439190685749,0.00087179696559906,1.2650451390072704e-06,9.99990106720361e-07,571,stopping_threshold,0.7678806709882338
mu,1,256,100,3,3,103,203,303,0.0051102635860443115,0.010234474539756774,0.0001137786814942956,6.810470949858427e-05,2000,max_epochs,2.683907692990033
mu,1,256,100,3,4,104,204,304,0.0005083688832819462,0.0008615134060382843,1.2715786433545872e-06,9.993348157877335e-07,305,stopping_threshold,0.4094296309922356
mu,1,256,100,3,5,105,205,305,0.0005331233218312263,0.0009055793583393097,1.393427432049066e-06,1.0832087582457461e-06,2000,max_epochs,2.706769809999969
mu,1,256,100,3,6,106,206,306,0.0005318741202354431,0.0009092438817024231,1.3633902563014999e-06,9.997003189710085e-07,480,stopping_threshold,0.6487851509882603
mu,1,256,100,4,0,100,200,300,0.002632838100194931,0.0051472207903862,2.867785491980612e-05,0.0003026103076990694,2000,max_epochs,2.6815450159774628
mu,1,256,100,4,1,101,201,301,0.0005129934102296829,0.0008747913241386414,1.2606204982148483e-06,1.2613568287633825e-06,2000,max_epochs,2.6810413950006478
mu,1,256,100,4,2,102,202,302,0.0005481058433651924,0.0009219058752059936,1.4362555666593835e-06,9.999223493650788e-07,714,stopping_threshold,0.9593811089871451
mu,1,256,100,4,3,103,203,303,0.0007836068347096443,0.0014905781149864197,3.020952659426257e-06,1.9291032913315576e-06,2000,max_epochs,2.6798740689991973
mu,1,256,100,4,4,104,204,304,0.0005242122523486614,0.0009039489328861236,1.3493284786818549e-06,9.99759777187137e-07,1197,stopping_threshold,1.6046088910079561
mu,1,256,100,4,5,105,205,305,0.000531941469758749,0.0008889918625354766,1.3765741023235024e-06,1.065879132511327e-06,2000,max_epochs,2.720777332986472
mu,1,256,100,4,6,106,206,306,0.000566131055355072,0.0009320821762084961,1.492943789344281e-06,9.99042640614789e-07,592,stopping_threshold,0.7942369219963439
mu,1,256,100,8,0,100,200,300,0.0005259589180350304,0.0009009882807731629,1.325562348938547e-06,1.2469200783016277e-06,2000,max_epochs,2.691105186007917
mu,1,256,100,8,1,101,201,301,0.0005185079462826251,0.0008767824470996857,1.272524837986566e-06,1.19981473289954e-06,2000,max_epochs,2.641719009989174
mu,1,256,100,8,2,102,202,302,0.0005304451510310173,0.0009077503085136413,1.376570769934915e-06,9.99811618385138e-07,1255,stopping_threshold,1.659476316999644
mu,1,256,100,8,3,103,203,303,0.0006156192943453789,0.0010628701150417327,1.7598483682377263e-06,1.404421595907479e-06,2000,max_epochs,2.669375622004736
mu,1,256,100,8,4,104,204,304,0.0005041993819177151,0.0008503280580043793,1.2467492488212884e-06,9.99768303699966e-07,630,stopping_threshold,0.8468919309962075
mu,1,256,100,8,5,105,205,305,0.0005613651722669601,0.000983429878950119,1.6057572938734666e-06,1.8054128076983034e-06,2000,max_epochs,2.687041029013926
mu,1,256,100,8,6,106,206,306,0.0005392249301075935,0.0008947868943214416,1.3664396828971804e-06,9.998037739933352e-07,1159,stopping_threshold,1.563157994998619
mu,1,256,1000,1,0,100,200,300,0.003932774573564529,0.0080408935546875,7.288903184235095e-05,6.017902289750055e-05,2000,max_epochs,13.624865894991672
mu,1,256,1000,1,1,101,201,301,0.000524789072573185,0.0009216791093349457,1.3556515477830543e-06,1.6020336133806267e-06,2000,max_epochs,13.62111348900362
mu,1,256,1000,1,2,102,202,302,0.0005124218389391899,0.0008629913330078125,1.2258069909876213e-06,1.1796054686783464e-06,2000,max_epochs,13.628190084011294
mu,1,256,1000,1,3,103,203,303,0.013518019437789916,0.02728818964958191,0.0008082952350378037,0.00035794508876278995,2000,max_epochs,13.594720637978753
mu,1,256,1000,1,4,104,204,304,0.0005190034061670303,0.0008945947587490081,1.3162510294932871e-06,1.2547918922791724e-06,2000,max_epochs,13.62612429301953
mu,1,256,1000,1,5,105,205,305,0.00735117906332016,0.014610688090324403,0.00022774518840014936,0.00040477749588899316,2000,max_epochs,13.60952672600979
mu,1,256,1000,1,6,106,206,306,0.003564770460128784,0.0069662796258926395,5.2119414322078226e-05,3.760784963378683e-05,2000,max_epochs,13.62315027101431
mu,1,256,1000,2,0,100,200,300,0.0007295821085572243,0.0013750163912773132,2.585146576166153e-06,4.326314036006807e-06,2000,max_epochs,14.167625744012184
mu,1,256,1000,2,1,101,201,301,0.0004878634996712208,0.0008268265426158905,1.1606420011958107e-06,3.822360525191471e-06,2000,max_epochs,14.165436708019115
mu,1,256,1000,2,2,102,202,302,0.0005487400032579898,0.0009544153213500977,1.430837161024101e-06,3.382642187716556e-06,2000,max_epochs,14.16522680199705
mu,1,256,1000,2,3,103,203,303,0.0009288746044039726,0.0018258504271507264,4.383647406939417e-06,2.9303878800419624e-06,2000,max_epochs,14.173033484985353
mu,1,256,1000,2,4,104,204,304,0.0036031220555305483,0.00692354691028595,5.057084094733e-05,1.565575011773035e-05,2000,max_epochs,14.160583888005931
mu,1,256,1000,2,5,105,205,305,0.0035904921293258667,0.0073033074140548705,5.8976472821086644e-05,3.483530652010813e-05,2000,max_epochs,14.165549850993557
mu,1,256,1000,2,6,106,206,306,0.0024359773099422457,0.0045415982604026794,2.1937076933681966e-05,4.334174867835827e-05,2000,max_epochs,14.166962129995227
mu,1,256,1000,3,0,100,200,300,0.0006190047785639762,0.001130416303873062,1.9175413908669724e-06,1.4812727349635678e-06,2000,max_epochs,14.142403225007001
mu,1,256,1000,3,1,101,201,301,0.00067239660769701,0.0012439832091331482,2.166004735045135e-06,0.0001816962397278985,2000,max_epochs,14.133086215006188
mu,1,256,1000,3,2,102,202,302,0.0006596025377511979,0.0012594621181488037,2.2476075682789087e-06,7.739085047069238e-05,2000,max_epochs,14.139502356003504
mu,1,256,1000,3,3,103,203,303,0.0021537366211414337,0.0044924218654632565,2.448261738754809e-05,7.3335047927685085e-06,2000,max_epochs,14.136120468989247
mu,1,256,1000,3,4,104,204,304,0.0005643708370625973,0.000989062398672104,1.551308305351995e-06,1.4068775844862103e-06,2000,max_epochs,14.139799095020862
mu,1,256,1000,3,5,105,205,305,0.0012805865556001664,0.002506498485803604,7.657703885342926e-06,3.8018052218831144e-06,2000,max_epochs,14.130953692016192
mu,1,256,1000,3,6,106,206,306,0.0026835266649723054,0.005361146628856659,3.221002779901028e-05,2.8389715153025465e-05,2000,max_epochs,14.146343022992369
mu,1,256,1000,4,0,100,200,300,0.0005236314311623573,0.0009127369225025177,1.3566101115429773e-06,1.2913535410916665e-06,2000,max_epochs,14.214775408006972
mu,1,256,1000,4,1,101,201,301,0.0005309395752847195,0.0009284307956695557,1.3846402871422469e-06,2.7596042091317942e-06,2000,max_epochs,14.214930401998572
mu,1,256,1000,4,2,102,202,302,0.0004928288981318474,0.0008314868807792663,1.1699862952809782e-06,1.1060042279495975e-06,2000,max_epochs,14.209671692020493
mu,1,256,1000,4,3,103,203,303,0.0012175197005271912,0.0024543524980545042,7.461529341526329e-06,3.7352692561398726e-06,2000,max_epochs,14.222956161975162
mu,1,256,1000,4,4,104,204,304,0.007426304519176483,0.01505301022529602,0.00025048974342644216,9.875692334026098e-05,2000,max_epochs,14.208205570990685
mu,1,256,1000,4,5,105,205,305,0.0029536512792110443,0.005564812242984772,3.34762663114816e-05,0.0004854739358415827,2000,max_epochs,14.21299203298986
mu,1,256,1000,4,6,106,206,306,0.0005116801522672176,0.0008521742224693299,1.2771941110258923e-06,1.2766755253323936e-06,2000,max_epochs,14.210451684019063
mu,1,256,1000,8,0,100,200,300,0.0074367493987083436,0.014936358809471131,0.0002415173538029194,0.00010356841597240418,2000,max_epochs,14.249364296003478
mu,1,256,1000,8,1,101,201,301,0.001162863053381443,0.00232105627655983,6.723350554239005e-06,4.112937152967789e-06,2000,max_epochs,14.227266990987118
mu,1,256,1000,8,2,102,202,302,0.01714070987701416,0.03484584808349609,0.001332030713558197,0.000500118950381875,2000,max_epochs,14.233316561003448
mu,1,256,1000,8,3,103,203,303,0.0005153332427144051,0.0008813246488571168,1.2949417578056455e-06,1.249362010639743e-06,2000,max_epochs,14.238823538995348
mu,1,256,1000,8,4,104,204,304,0.0013409597724676132,0.002664895087480545,8.548907702788711e-06,3.0948199637350625e-06,2000,max_epochs,14.239214383007493
mu,1,256,1000,8,5,105,205,305,0.004282916456460953,0.008736916422843933,8.432093169540166e-05,5.3546372044365854e-05,2000,max_epochs,14.232627092977054
mu,1,256,1000,8,6,106,206,306,0.030270075798034667,0.05987095642089844,0.00382920303940773,0.0033669452480971813,2000,max_epochs,14.243328223994467
mu,1,512,5,1,0,100,200,300,0.005387714803218841,0.010748462677001953,0.00012762159015983343,3.96947342551357e-07,83,stopping_threshold,0.11178205901524052
mu,1,512,5,1,1,101,201,301,0.0005631073266267777,0.0009946993589401245,1.4834104949841276e-06,9.990225180445123e-07,333,stopping_threshold,0.446523133025039
mu,1,512,5,1,2,102,202,302,0.004138724684715271,0.0052598956823349,0.00010239181481301784,9.278532502321468e-07,154,stopping_threshold,0.2115628420142457
mu,1,512,5,1,3,103,203,303,0.002120727553963661,0.003645892322063446,2.1067417925223708e-05,9.944972134690033e-07,272,stopping_threshold,0.3646548709948547
mu,1,512,5,1,4,104,204,304,0.0033768378496170045,0.004344758749008179,6.430489476770162e-05,9.90197122519021e-07,270,stopping_threshold,0.36319596302928403
mu,1,512,5,1,5,105,205,305,0.001155482530593872,0.0018121497631072999,6.366934161633253e-06,9.77226932263875e-07,216,stopping_threshold,0.2892073250259273
mu,1,512,5,1,6,106,206,306,0.00151266111433506,0.002214335560798645,1.045473339036107e-05,9.74100771600206e-07,222,stopping_threshold,0.2975518820458092
mu,1,512,5,2,0,100,200,300,0.0012521846815943718,0.0026708049178123475,1.319117215462029e-05,9.824069593378226e-07,145,stopping_threshold,0.1942814040230587
mu,1,512,5,2,1,101,201,301,0.0006278675943613052,0.0011642494797706605,1.9602933025453238e-06,9.987001021727338e-07,283,stopping_threshold,0.38046619499800727
mu,1,512,5,2,2,102,202,302,0.0015834502428770066,0.002492246150970459,9.497062535956501e-06,9.999278063332895e-07,303,stopping_threshold,0.40579749300377443
mu,1,512,5,2,3,103,203,303,0.0010279819816350936,0.001588549792766571,4.8444819985888896e-06,9.901605153572746e-07,355,stopping_threshold,0.4766496180091053
mu,1,512,5,2,4,104,204,304,0.0004667101986706257,0.0007788836359977722,1.0616271392791533e-06,9.527990982860501e-07,134,stopping_threshold,0.1791851680027321
mu,1,512,5,2,5,105,205,305,0.0022904917001724243,0.0036439051628112794,2.2862198995426297e-05,3.584997045891214e-07,120,stopping_threshold,0.16041573201073334
mu,1,512,5,2,6,106,206,306,0.003846979260444641,0.004993921220302582,8.489731978625059e-05,9.05701767806022e-07,119,stopping_threshold,0.16022992000216618
mu,1,512,5,3,0,100,200,300,0.0025421744287014007,0.005773966073989868,6.620229734107852e-05,9.976960200219764e-07,193,stopping_threshold,0.25819568103179336
mu,1,512,5,3,1,101,201,301,0.0007994358912110328,0.001496502161026001,3.0467639153357595e-06,9.93555659078993e-07,191,stopping_threshold,0.25560735701583326
mu,1,512,5,3,2,102,202,302,0.0009007912576198578,0.0017211018800735473,4.355898941867054e-06,9.908942502079299e-07,590,stopping_threshold,0.7892816030071117
mu,1,512,5,3,3,103,203,303,0.0016887795478105546,0.0028407456278800964,1.2790591106750071e-05,9.908932270263904e-07,204,stopping_threshold,0.2754288819851354
mu,1,512,5,3,4,104,204,304,0.0027964927554130553,0.003653615891933441,4.402139224112034e-05,9.539729717289447e-07,214,stopping_threshold,0.28744564700173214
mu,1,512,5,3,5,105,205,305,0.0015199257880449295,0.002192645341157913,1.1153181781992316e-05,9.957908559954376e-07,276,stopping_threshold,0.3677103029913269
mu,1,512,5,3,6,106,206,306,0.003348282217979431,0.00433697697520256,5.858659138903022e-05,8.725114639673848e-07,151,stopping_threshold,0.20308183500310406
mu,1,512,5,4,0,100,200,300,0.001731122925877571,0.003714257776737213,2.3716937052085995e-05,9.465162520427839e-07,142,stopping_threshold,0.19041159900370985
mu,1,512,5,4,1,101,201,301,0.0006895778849720955,0.0013487353324890137,2.7213879802729936e-06,9.867022754406207e-07,165,stopping_threshold,0.22108847700292245
mu,1,512,5,4,2,102,202,302,0.004600159853696823,0.005916005373001099,0.00011853498965501785,9.976804449252086e-07,179,stopping_threshold,0.2411631569848396
mu,1,512,5,4,3,103,203,303,0.0008992663845419883,0.00179543536901474,4.73965797573328e-06,9.482021710027766e-07,160,stopping_threshold,0.2157160670030862
mu,1,512,5,4,4,104,204,304,0.006962194561958313,0.009034074544906616,0.00026218781061470507,9.610579354557558e-07,117,stopping_threshold,0.15664558799471706
mu,1,512,5,4,5,105,205,305,0.0013433766812086104,0.0020574499666690827,8.265453565400093e-06,9.9409669473971e-07,186,stopping_threshold,0.25011532503413036
mu,1,512,5,4,6,106,206,306,0.0013828243911266328,0.0018753668069839478,9.93583002127707e-06,9.78789330474683e-07,178,stopping_threshold,0.23871107801096514
mu,1,512,5,8,0,100,200,300,0.001447184845805168,0.003065106451511383,1.5939458506181835e-05,9.703622936285683e-07,164,stopping_threshold,0.22091975098010153
mu,1,512,5,8,1,101,201,301,0.000538545697927475,0.0009414278268814087,1.330220518866554e-06,9.98510472527414e-07,817,stopping_threshold,1.0897285169921815
mu,1,512,5,8,2,102,202,302,0.002208805188536644,0.0030236194133758543,2.2072031861171126e-05,9.871390602711472e-07,732,stopping_threshold,0.980367518030107
mu,1,512,5,8,3,103,203,303,0.0007300627678632736,0.0011139659285545349,2.5032120756804943e-06,9.196734254146577e-07,165,stopping_threshold,0.22131850197911263
mu,1,512,5,8,4,104,204,304,0.00355309921503067,0.004714552521705628,6.217627320438623e-05,9.964636547010741e-07,497,stopping_threshold,0.6648335760110058
mu,1,512,5,8,5,105,205,305,0.003479272663593292,0.00537553483247757,6.110923271626234e-05,3.803429251547641e-07,113,stopping_threshold,0.15180606598732993
mu,1,512,5,8,6,106,206,306,0.0015490329265594482,0.00247665399312973,1.009473018348217e-05,9.927127848641248e-07,180,stopping_threshold,0.23984435899183154
mu,1,512,10,1,0,100,200,300,0.0015950557887554168,0.0032225828766822813,1.2146272812969982e-05,7.164424573602446e-07,108,stopping_threshold,0.1473024960141629
mu,1,512,10,1,1,101,201,301,0.0006819858774542809,0.001201193869113922,2.27686736616306e-06,9.99994540507032e-07,401,stopping_threshold,0.5424120420357212
mu,1,512,10,1,2,102,202,302,0.0013409040123224258,0.0023182560801506043,8.535061730071903e-06,8.796131965027598e-07,125,stopping_threshold,0.16957694996381178
mu,1,512,10,1,3,103,203,303,0.0014402411580085755,0.0022061342895030975,9.831246570684016e-06,9.98426799014851e-07,633,stopping_threshold,0.8567739840364084
mu,1,512,10,1,4,104,204,304,0.0009172175675630569,0.0015459802150726318,3.376379987457767e-06,9.862990282272222e-07,157,stopping_threshold,0.21231627999804914
mu,1,512,10,1,5,105,205,305,0.0004032973051071167,0.000684221625328064,7.949927748995834e-07,9.924606274580583e-07,318,stopping_threshold,0.43049815797712654
mu,1,512,10,1,6,106,206,306,0.000509114932268858,0.0009045273661613464,1.2744964915327728e-06,9.99387339106761e-07,1000,stopping_threshold,1.3532095609698445
mu,1,512,10,2,0,100,200,300,0.001219517394900322,0.0027889111042022703,1.4751428156159818e-05,9.782348797671148e-07,159,stopping_threshold,0.2134749160031788
mu,1,512,10,2,1,101,201,301,0.000569599125534296,0.000949050486087799,1.5145267971092835e-06,9.955028872354887e-07,211,stopping_threshold,0.2841162760159932
mu,1,512,10,2,2,102,202,302,0.0031033217310905458,0.004137531936168671,5.7143424637615684e-05,9.91606043498905e-07,178,stopping_threshold,0.23831916699418798
mu,1,512,10,2,3,103,203,303,0.000910834588110447,0.0015950450897216798,3.555549366865307e-06,9.866214440990007e-07,254,stopping_threshold,0.34280457004206255
mu,1,512,10,2,4,104,204,304,0.0006461697444319725,0.0009758881330490112,2.1239927446004005e-06,9.977787840398378e-07,237,stopping_threshold,0.320218131004367
mu,1,512,10,2,5,105,205,305,0.00042253849282860754,0.000693861722946167,8.765132442931644e-07,9.967689038603567e-07,227,stopping_threshold,0.30638054298469797
mu,1,512,10,2,6,106,206,306,0.0006517236903309823,0.0010402854681015015,1.905167504446581e-06,9.996913377108285e-07,259,stopping_threshold,0.3488085400313139
mu,1,512,10,3,0,100,200,300,0.002234523147344589,0.005517404973506928,7.249269355088473e-05,9.985755013985909e-07,203,stopping_threshold,0.2726337390486151
mu,1,512,10,3,1,101,201,301,0.0006318807899951935,0.0011230260729789734,2.067018416710198e-06,9.911252618621802e-07,204,stopping_threshold,0.27415748697239906
mu,1,512,10,3,2,102,202,302,0.0031125557422637938,0.004159388065338135,5.16207697801292e-05,9.978050456993515e-07,409,stopping_threshold,0.5491118539939635
mu,1,512,10,3,3,103,203,303,0.0014955001026391982,0.002223739355802536,1.091000612359494e-05,9.985993756345124e-07,795,stopping_threshold,1.0698172809788957
mu,1,512,10,3,4,104,204,304,0.0010629354938864709,0.001957588851451874,5.26907347375527e-06,9.239507789970958e-07,113,stopping_threshold,0.15219795401208103
mu,1,512,10,3,5,105,205,305,0.0004876000061631203,0.0007576781809329986,1.2099412851966918e-06,9.949320656232885e-07,330,stopping_threshold,0.4424595719901845
mu,1,512,10,3,6,106,206,306,0.00078970717638731,0.0012717766761779785,2.724608377320692e-06,9.974367003451334e-07,360,stopping_threshold,0.4817648959578946
mu,1,512,10,4,0,100,200,300,0.0014970178455114365,0.0035374274253845216,2.4475895334035158e-05,9.415647923560755e-07,149,stopping_threshold,0.20076652598800138
mu,1,512,10,4,1,101,201,301,0.0006511756852269172,0.0011938886642456055,2.1378363016992807e-06,9.863393870546133e-07,233,stopping_threshold,0.3138279439881444
mu,1,512,10,4,2,102,202,302,0.0017951578199863433,0.0024448135495185853,1.756282534915954e-05,9.845017530096811e-07,153,stopping_threshold,0.20571154594654217
mu,1,512,10,4,3,103,203,303,0.001472161740064621,0.002249031811952591,9.976823814213275e-06,9.984290727516054e-07,297,stopping_threshold,0.3990192679921165
mu,1,512,10,4,4,104,204,304,0.000949975349009037,0.0017317146062850951,3.917690977687016e-06,9.747939202497946e-07,118,stopping_threshold,0.16034408198902383
mu,1,512,10,4,5,105,205,305,0.0005120910741388798,0.0008079668581485748,1.332124084001407e-06,9.96772882899677e-07,309,stopping_threshold,0.4169884299626574
mu,1,512,10,4,6,106,206,306,0.0007640116289258003,0.0012360019385814667,2.4737111816648395e-06,9.988610827349476e-07,566,stopping_threshold,0.759254926990252
mu,1,512,10,8,0,100,200,300,0.0013872507363557815,0.0032302131056785584,2.0820758072659375e-05,9.956487474482856e-07,199,stopping_threshold,0.26767736696638167
mu,1,512,10,8,1,101,201,301,0.0006584693863987923,0.0011378479599952697,2.061840583337471e-06,9.994670335800038e-07,1199,stopping_threshold,1.6098001670325175
mu,1,512,10,8,2,102,202,302,0.0036592438220977783,0.004693362653255462,9.07021565362811e-05,5.425937388281454e-07,121,stopping_threshold,0.16378089401405305
mu,1,512,10,8,3,103,203,303,0.0016393279433250427,0.002429082542657852,1.3539609615691007e-05,9.565018217472243e-07,150,stopping_threshold,0.20171438402030617
mu,1,512,10,8,4,104,204,304,0.0013055754899978637,0.001991680681705475,8.06717446539551e-06,9.462526691095263e-07,152,stopping_threshold,0.20364678098121658
mu,1,512,10,8,5,105,205,305,0.0016544346511363983,0.003030648648738861,1.2571618892252446e-05,9.858777048066258e-07,105,stopping_threshold,0.14091780700255185
mu,1,512,10,8,6,106,206,306,0.00062856575101614,0.001039371907711029,1.7607835470698773e-06,9.981248467738624e-07,568,stopping_threshold,0.7625638419995084
mu,1,512,100,1,0,100,200,300,0.0005414937920868397,0.0009724572896957398,1.4728115202160552e-06,9.972487760023796e-07,296,stopping_threshold,0.4616272459970787
mu,1,512,100,1,1,101,201,301,0.0004562234617769718,0.0007859917879104615,1.0054280210169964e-06,9.996570042858366e-07,548,stopping_threshold,0.8538718720083125
mu,1,512,100,1,2,102,202,302,0.0004656211547553539,0.0008695855736732483,1.1263477281318047e-06,9.970573273676564e-07,366,stopping_threshold,0.5709720180020668
mu,1,512,100,1,3,103,203,303,0.0005360552743077278,0.0009788162112236024,1.4390740834642202e-06,9.985934639189509e-07,487,stopping_threshold,0.7598642520024441
mu,1,512,100,1,4,104,204,304,0.0004282756373286247,0.0007404747605323791,9.261102095479146e-07,9.996537073675427e-07,195,stopping_threshold,0.30425951699726284
mu,1,512,100,1,5,105,205,305,0.0004659141339361668,0.0007733970284461975,1.0426357403048315e-06,9.994522542911e-07,616,stopping_threshold,0.9590981479850598
mu,1,512,100,1,6,106,206,306,0.0005204541347920894,0.0008874692618846893,1.2869078636867925e-06,9.995947038987651e-07,1251,stopping_threshold,1.9531216300092638
mu,1,512,100,2,0,100,200,300,0.0004424815848469734,0.0007729582190513611,9.48040273215156e-07,9.958504278984037e-07,210,stopping_threshold,0.32850394200067967
mu,1,512,100,2,1,101,201,301,0.00046046360582113267,0.0008002427816390991,1.0323720634914935e-06,9.985789120037225e-07,403,stopping_threshold,0.6292139790020883
mu,1,512,100,2,2,102,202,302,0.0005145840272307396,0.0008081174492835998,1.2633513106266037e-06,9.976959063351387e-07,427,stopping_threshold,0.6680326230125502
mu,1,512,100,2,3,103,203,303,0.0005110439695417881,0.0008981249332427979,1.2565997749334201e-06,9.975037755793892e-07,247,stopping_threshold,0.3862649839720689
mu,1,512,100,2,4,104,204,304,0.0004966096691787243,0.0008453757762908935,1.155822945293039e-06,9.988693818741012e-07,395,stopping_threshold,0.6158390589989722
mu,1,512,100,2,5,105,205,305,0.00047377508133649826,0.0008002728223800659,1.0912347643170505e-06,9.99490225694899e-07,358,stopping_threshold,0.5592198859667405
mu,1,512,100,2,6,106,206,306,0.0004831101819872856,0.0007844456434249878,1.0795834241434931e-06,9.987405746869626e-07,446,stopping_threshold,0.6969403169932775
mu,1,512,100,3,0,100,200,300,0.0004376947246491909,0.0007923164963722229,9.666403493611142e-07,9.974698969017481e-07,386,stopping_threshold,0.6061483410303481
mu,1,512,100,3,1,101,201,301,0.00042927048727869985,0.0007728363871574402,9.158378743450157e-07,9.98543555397191e-07,421,stopping_threshold,0.6612491839914583
mu,1,512,100,3,2,102,202,302,0.0004768015407025814,0.0007805331945419312,1.0537159105297178e-06,9.959844646800775e-07,345,stopping_threshold,0.5412663709721528
mu,1,512,100,3,3,103,203,303,0.0005375082865357399,0.0009356794357299804,1.376552216242999e-06,9.98040036392922e-07,345,stopping_threshold,0.542662003019359
mu,1,512,100,3,4,104,204,304,0.0005133771635591984,0.0008589828014373779,1.2317821674514563e-06,9.908161473504151e-07,179,stopping_threshold,0.28166410099947825
mu,1,512,100,3,5,105,205,305,0.00048554669320583345,0.0007847015261650085,1.1739250403479674e-06,9.992774039346841e-07,473,stopping_threshold,0.7405215159524232
mu,1,512,100,3,6,106,206,306,0.0005668623223900795,0.0009317563772201538,1.4514494978357107e-06,9.981771427192143e-07,196,stopping_threshold,0.30783503799466416
mu,1,512,100,4,0,100,200,300,0.00046639997884631156,0.0008925601840019226,1.3468870165525004e-06,9.415698514203541e-07,145,stopping_threshold,0.22651028499240056
mu,1,512,100,4,1,101,201,301,0.0004485756903886795,0.0007924404144287109,1.0283548035658896e-06,9.931361546478001e-07,211,stopping_threshold,0.330124320986215
mu,1,512,100,4,2,102,202,302,0.0005010376237332821,0.0009181447625160218,1.2558469461509959e-06,9.987558087232173e-07,309,stopping_threshold,0.48070842103334144
mu,1,512,100,4,3,103,203,303,0.00048563849925994875,0.0007925139665603638,1.1255161662120372e-06,9.994505489885341e-07,278,stopping_threshold,0.43357055401429534
mu,1,512,100,4,4,104,204,304,0.0005140086598694325,0.0009260693192481994,1.3137197238393128e-06,9.902324791255523e-07,149,stopping_threshold,0.23292568902252242
mu,1,512,100,4,5,105,205,305,0.0004847237654030323,0.0007999897599220276,1.1467295262264089e-06,9.976319006455014e-07,478,stopping_threshold,0.7439034059643745
mu,1,512,100,4,6,106,206,306,0.0005906194597482681,0.0009359037578105927,1.5688704879721627e-06,9.992033938033273e-07,450,stopping_threshold,0.6999357850290835
mu,1,512,100,8,0,100,200,300,0.0005157205462455749,0.0009162952899932861,1.2410266499500722e-06,9.358879538012843e-07,138,stopping_threshold,0.21585063001839444
mu,1,512,100,8,1,101,201,301,0.0004440601095557213,0.0007672998905181885,9.520898092887364e-07,9.99937810775009e-07,1032,stopping_threshold,1.6119997950154357
mu,1,512,100,8,2,102,202,302,0.000500654548406601,0.0008481099605560303,1.1736322412616574e-06,9.989317959480104e-07,517,stopping_threshold,0.807868292031344
mu,1,512,100,8,3,103,203,303,0.0006382626593112946,0.0011317250728607178,1.8230716232210399e-06,9.72438215285365e-07,122,stopping_threshold,0.19053782697301358
mu,1,512,100,8,4,104,204,304,0.0004926666915416718,0.0008335403800010681,1.1577622208278626e-06,9.993093499360839e-07,248,stopping_threshold,0.3875944629544392
mu,1,512,100,8,5,105,205,305,0.0005026340633630753,0.0009139119386672973,1.2847466132370756e-06,9.989512363972608e-07,420,stopping_threshold,0.6558899970259517
mu,1,512,100,8,6,106,206,306,0.0005742876455187797,0.0009216432869434357,1.5098096337169408e-06,9.996645076171262e-07,364,stopping_threshold,0.5677365540177561
mu,1,512,1000,1,0,100,200,300,0.00043391153216362,0.0007829872965812683,9.521372339804656e-07,9.953257786037284e-07,133,stopping_threshold,1.577557714015711
mu,1,512,1000,1,1,101,201,301,0.00045402801781892774,0.0007688643336296082,9.930066516972148e-07,9.993326953008363e-07,120,stopping_threshold,1.4243507540086284
mu,1,512,1000,1,2,102,202,302,0.00045619502291083334,0.0008324589133262635,1.0367180220782757e-06,9.97913680748752e-07,176,stopping_threshold,2.0779923800146207
mu,1,512,1000,1,3,103,203,303,0.00043968385085463524,0.0007803809046745301,9.800850457395428e-07,9.949568921001628e-07,162,stopping_threshold,1.914545402978547
mu,1,512,1000,1,4,104,204,304,0.0004153592772781849,0.000733124315738678,8.659189188620076e-07,9.765408722159918e-07,46,stopping_threshold,0.5493572739651427
mu,1,512,1000,1,5,105,205,305,0.0005040137805044651,0.0008018900752067566,1.2506501079769804e-06,9.987751864173334e-07,112,stopping_threshold,1.3295223300228827
mu,1,512,1000,1,6,106,206,306,0.00043978674709796905,0.0007655759453773499,9.259643629775383e-07,9.986823833969537e-07,395,stopping_threshold,4.668395832006354
mu,1,512,1000,2,0,100,200,300,0.000445464625954628,0.0007613505721092225,9.37163109483663e-07,9.90998340967053e-07,59,stopping_threshold,0.730607598030474
mu,1,512,1000,2,1,101,201,301,0.00046654358506202696,0.0008255816102027893,1.067198842065409e-06,9.975625935112476e-07,76,stopping_threshold,0.9356739859795198
mu,1,512,1000,2,2,102,202,302,0.00045693520084023474,0.000765783578157425,9.74537011643406e-07,9.975000716622162e-07,123,stopping_threshold,1.506281496025622
mu,1,512,1000,2,3,103,203,303,0.0004453814551234245,0.0007685570120811462,9.528274604235776e-07,9.930906926456373e-07,73,stopping_threshold,0.9000528699834831
mu,1,512,1000,2,4,104,204,304,0.00044278206676244737,0.0007608036994934082,9.355085348943248e-07,9.90442514194001e-07,118,stopping_threshold,1.4459372659912333
mu,1,512,1000,2,5,105,205,305,0.00048199562728405,0.0008081989884376526,1.1177999258507044e-06,9.98094576971198e-07,152,stopping_threshold,1.858075236028526
mu,1,512,1000,2,6,106,206,306,0.00047097168117761614,0.0007623376250267029,1.0289548517903313e-06,9.979683864003164e-07,111,stopping_threshold,1.3666822139639407
mu,1,512,1000,3,0,100,200,300,0.00042693958058953287,0.000754050612449646,9.027749474626035e-07,9.897479694700451e-07,93,stopping_threshold,1.1406660610227846
mu,1,512,1000,3,1,101,201,301,0.0004538810700178146,0.0008310935497283935,1.0380988242104649e-06,9.916851322486764e-07,84,stopping_threshold,1.0303900010185316
mu,1,512,1000,3,2,102,202,302,0.0004340322241187096,0.0007700471878051758,9.104168420890346e-07,9.936671785908403e-07,113,stopping_threshold,1.3908366219839081
mu,1,512,1000,3,3,103,203,303,0.0004534251801669598,0.000751783549785614,9.824577355175278e-07,9.94752950646216e-07,116,stopping_threshold,1.4204658470116556
mu,1,512,1000,3,4,104,204,304,0.0004078458547592163,0.0007081887125968933,8.066711088758893e-07,9.732019016155391e-07,44,stopping_threshold,0.540696703013964
mu,1,512,1000,3,5,105,205,305,0.000443001676350832,0.0007358404994010925,9.693906395114027e-07,9.97175005977624e-07,121,stopping_threshold,1.4873441149829887
mu,1,512,1000,3,6,106,206,306,0.0004456211216747761,0.0007579731345176697,9.280713056796231e-07,9.987198036469636e-07,69,stopping_threshold,0.8475693479995243
mu,1,512,1000,4,0,100,200,300,0.00043639592826366424,0.0007890517711639405,9.661875155870803e-07,9.866545769909862e-07,49,stopping_threshold,0.6070035000448115
mu,1,512,1000,4,1,101,201,301,0.00044958942756056786,0.0007945855855941772,1.015958347124979e-06,9.81686209797772e-07,54,stopping_threshold,0.6713488539680839
mu,1,512,1000,4,2,102,202,302,0.00043796928226947783,0.0008046085238456726,9.762604095158167e-07,9.851186810010404e-07,75,stopping_threshold,0.9286419850541279
mu,1,512,1000,4,3,103,203,303,0.0004537925273180008,0.0007368791103363037,9.91919296211563e-07,9.980177737816122e-07,86,stopping_threshold,1.062659649993293
mu,1,512,1000,4,4,104,204,304,0.0004995349906384945,0.000917237401008606,1.2513829133240506e-06,9.968772060346964e-07,198,stopping_threshold,2.447012185002677
mu,1,512,1000,4,5,105,205,305,0.0004564395509660244,0.0007388288676738739,1.03414808108937e-06,9.94159900528757e-07,88,stopping_threshold,1.0871435950393789
mu,1,512,1000,4,6,106,206,306,0.0004423038326203823,0.0007361739575862885,9.038655989570543e-07,9.932298335115774e-07,100,stopping_threshold,1.234431268996559
mu,1,512,1000,8,0,100,200,300,0.00041607910767197607,0.0007217148542404175,8.642847460578196e-07,9.713957242638572e-07,44,stopping_threshold,0.5487031459924765
mu,1,512,1000,8,1,101,201,301,0.0004619666785001755,0.0007966873645782471,1.0332405799999832e-06,9.876133440229751e-07,309,stopping_threshold,3.8141110449796543
mu,1,512,1000,8,2,102,202,302,0.0004498577639460564,0.0007692351043224335,9.546552537358365e-07,9.99974150545313e-07,148,stopping_threshold,1.8290263679809868
mu,1,512,1000,8,3,103,203,303,0.00043556589633226395,0.0007173237800598144,9.22531027754303e-07,9.49004433095979e-07,38,stopping_threshold,0.473335009010043
mu,1,512,1000,8,4,104,204,304,0.00041590065136551857,0.0007322294712066651,8.631067103124223e-07,9.914767633745214e-07,57,stopping_threshold,0.7086674540187232
mu,1,512,1000,8,5,105,205,305,0.0004677921868860722,0.0008094920516014099,1.0860428883461282e-06,9.999847679864614e-07,103,stopping_threshold,1.279094674042426
mu,1,512,1000,8,6,106,206,306,0.000384317297488451,0.0006356968283653259,6.949736416572705e-07,9.619903212296776e-07,174,stopping_threshold,2.158858965965919
mu,1,1024,5,1,0,100,200,300,0.005627408266067505,0.011756507873535157,0.00016474791057407857,7.193513056336087e-07,83,stopping_threshold,0.10959241003729403
mu,1,1024,5,1,1,101,201,301,0.0004583904817700386,0.0008504180908203125,1.042790725477971e-06,9.986898703573388e-07,194,stopping_threshold,0.2550034579471685
mu,1,1024,5,1,2,102,202,302,0.004224062144756317,0.005252413332462311,0.00010796012822538614,9.632025239625364e-07,179,stopping_threshold,0.23389129200950265
mu,1,1024,5,1,3,103,203,303,0.0020449123829603196,0.0037204360365867615,2.0411244593560695e-05,9.967653795683873e-07,240,stopping_threshold,0.3139292370178737
mu,1,1024,5,1,4,104,204,304,0.0006040514186024666,0.0010586018562316894,1.6449312533950433e-06,9.57179054239532e-07,205,stopping_threshold,0.2703839880414307
mu,1,1024,5,1,5,105,205,305,0.0011229841262102127,0.0017527908682823182,6.144258368294686e-06,9.995527534556459e-07,204,stopping_threshold,0.26664838701253757
mu,1,1024,5,1,6,106,206,306,0.003065475970506668,0.004022846221923828,5.017084488645196e-05,9.577141781846876e-07,220,stopping_threshold,0.28779724601190537
mu,1,1024,5,2,0,100,200,300,0.0013934629559516907,0.003251677632331848,1.9797575776465236e-05,9.501045497017913e-07,228,stopping_threshold,0.29580793500645086
mu,1,1024,5,2,1,101,201,301,0.0008056414797902108,0.001446083903312683,2.7707795961759985e-06,9.96365656646958e-07,228,stopping_threshold,0.2978782739955932
mu,1,1024,5,2,2,102,202,302,0.001969555899500847,0.0027165911197662355,1.7595457495190203e-05,9.941120424628025e-07,333,stopping_threshold,0.4326301100081764
mu,1,1024,5,2,3,103,203,303,0.00114155276119709,0.0021656678318977356,6.49432057980448e-06,9.057574175130867e-07,162,stopping_threshold,0.21072488196659833
mu,1,1024,5,2,4,104,204,304,0.0006790989115834236,0.0010582357048988342,2.213520696386695e-06,9.759193062564009e-07,168,stopping_threshold,0.2188723610015586
mu,1,1024,5,2,5,105,205,305,0.0017227507829666137,0.0027167595624923704,1.3576014782302081e-05,9.221053005603608e-07,115,stopping_threshold,0.15220564202172682
mu,1,1024,5,2,6,106,206,306,0.005081166207790375,0.006292770564556122,0.00016561852023005486,6.151153684186283e-07,128,stopping_threshold,0.17036796401953325
mu,1,1024,5,3,0,100,200,300,0.0027544040232896803,0.006898576140403748,0.00011188196856528521,9.810511301111546e-07,142,stopping_threshold,0.1885004150099121
mu,1,1024,5,3,1,101,201,301,0.000886376328766346,0.0016410257816314698,3.5915828484576194e-06,9.963340517060715e-07,214,stopping_threshold,0.281916806998197
mu,1,1024,5,3,2,102,202,302,0.0008669415861368179,0.0015749363303184508,3.3887688186950983e-06,9.907938647302217e-07,685,stopping_threshold,0.903762514994014
mu,1,1024,5,3,3,103,203,303,0.001606874257326126,0.0028591432571411133,1.1785030947066844e-05,9.922927119987435e-07,188,stopping_threshold,0.24748241499764845
mu,1,1024,5,3,4,104,204,304,0.00262923800945282,0.0034173189401626586,4.155918210744858e-05,9.779575975699117e-07,189,stopping_threshold,0.24886277300538495
mu,1,1024,5,3,5,105,205,305,0.0021483927965164186,0.002887787878513336,2.7218546252697707e-05,9.965169738279656e-07,258,stopping_threshold,0.3394796790089458
mu,1,1024,5,3,6,106,206,306,0.003760175824165344,0.0047695056796073915,7.54630146548152e-05,9.80778963821649e-07,161,stopping_threshold,0.2114237989881076
mu,1,1024,5,4,0,100,200,300,0.001562348186969757,0.0037037948966026305,2.718839910812676e-05,9.380145797877049e-07,168,stopping_threshold,0.22219999600201845
mu,1,1024,5,4,1,101,201,301,0.0004954013787209988,0.0009514816999435425,1.304838850046508e-06,9.99207600216323e-07,194,stopping_threshold,0.25573394604725763
mu,1,1024,5,4,2,102,202,302,0.004616337209939957,0.005739665865898132,0.00012676805257797242,9.98394511952938e-07,196,stopping_threshold,0.2598442049929872
mu,1,1024,5,4,3,103,203,303,0.0011499736309051514,0.0021361175775527954,6.067504233215004e-06,9.157471936305228e-07,148,stopping_threshold,0.19594133598729968
mu,1,1024,5,4,4,104,204,304,0.006084598004817963,0.00820944994688034,0.00018197032622992992,8.035607947931567e-07,109,stopping_threshold,0.14545841596554965
mu,1,1024,5,4,5,105,205,305,0.0009887069687247276,0.001633902132511139,4.466385231353343e-06,9.94591232483799e-07,175,stopping_threshold,0.23208457103464752
mu,1,1024,5,4,6,106,206,306,0.007178322494029999,0.008958166420459747,0.00028133030235767367,9.598918495612452e-07,356,stopping_threshold,0.4687719070352614
mu,1,1024,5,8,0,100,200,300,0.0015497913360595704,0.003676753282546997,2.6619409676641227e-05,9.64746391218796e-07,202,stopping_threshold,0.26571189501555637
mu,1,1024,5,8,1,101,201,301,0.0006771356984972954,0.0011619960069656373,1.9395655835978687e-06,9.873301678453572e-07,166,stopping_threshold,0.21874533902155235
mu,1,1024,5,8,2,102,202,302,0.0020669244676828386,0.002674401342868805,2.371239336207509e-05,9.991974820877658e-07,1100,stopping_threshold,1.4485995679860935
mu,1,1024,5,8,3,103,203,303,0.000822751060128212,0.0015433984398841858,3.300359996501356e-06,7.502500238842913e-07,142,stopping_threshold,0.1870782090118155
mu,1,1024,5,8,4,104,204,304,0.003062981218099594,0.004086248993873596,4.5897066593170165e-05,9.949194463843014e-07,479,stopping_threshold,0.6311174019938335
mu,1,1024,5,8,5,105,205,305,0.003290712654590607,0.004955034255981445,5.569044733420014e-05,7.210364287857374e-07,121,stopping_threshold,0.1600172790349461
mu,1,1024,5,8,6,106,206,306,0.0026732327938079835,0.0037311707139015197,3.473829803988337e-05,9.815571502258535e-07,188,stopping_threshold,0.24744416598696262
mu,1,1024,10,1,0,100,200,300,0.0021532942652702333,0.0046494645476341245,2.7268756879493593e-05,8.126091302074201e-07,104,stopping_threshold,0.13961630902485922
mu,1,1024,10,1,1,101,201,301,0.0005210126787424088,0.0009960654377937318,1.4774283481528983e-06,9.95584059637622e-07,367,stopping_threshold,0.486352726991754
mu,1,1024,10,1,2,102,202,302,0.0014890616834163665,0.002287033259868622,1.1397155234590173e-05,9.348169669465278e-07,145,stopping_threshold,0.19528031797381118
mu,1,1024,10,1,3,103,203,303,0.0012812559902668,0.0019189353585243225,8.06487153749913e-06,9.984462394641014e-07,680,stopping_threshold,0.903658248949796
mu,1,1024,10,1,4,104,204,304,0.0006274422481656075,0.0009822559952735901,1.5873401425778865e-06,9.564495258018724e-07,169,stopping_threshold,0.2254434970091097
mu,1,1024,10,1,5,105,205,305,0.0007447229847311974,0.0011532447934150696,2.538421569624916e-06,9.992003242587089e-07,281,stopping_threshold,0.374671044992283
mu,1,1024,10,1,6,106,206,306,0.000629445418715477,0.0012030187845230103,2.0026850688736886e-06,9.993956382459146e-07,295,stopping_threshold,0.3920214750105515
mu,1,1024,10,2,0,100,200,300,0.0009305954799056053,0.002128972589969635,8.827997371554374e-06,9.765188906385447e-07,157,stopping_threshold,0.20771225303178653
mu,1,1024,10,2,1,101,201,301,0.0007654430195689201,0.0012050960063934326,2.5774564128369094e-06,9.963723641703837e-07,180,stopping_threshold,0.23768303100951016
mu,1,1024,10,2,2,102,202,302,0.0037666178941726685,0.004826728224754334,9.325501974672079e-05,9.93524622572295e-07,201,stopping_threshold,0.26628399098990485
mu,1,1024,10,2,3,103,203,303,0.0008308050259947777,0.00145585697889328,3.0122633033897727e-06,9.983840527638677e-07,254,stopping_threshold,0.33579104294767603
mu,1,1024,10,2,4,104,204,304,0.0005937012247741222,0.0009714572429656982,1.4865892007946968e-06,9.892459047478042e-07,187,stopping_threshold,0.24716777203138918
mu,1,1024,10,2,5,105,205,305,0.00045538444444537165,0.0008383740186691284,1.0059960040962324e-06,9.84886128208018e-07,141,stopping_threshold,0.18652717402437702
mu,1,1024,10,2,6,106,206,306,0.0006999305039644241,0.0010382624268531798,2.190109924413264e-06,9.915289638229297e-07,175,stopping_threshold,0.23103232897119597
mu,1,1024,10,3,0,100,200,300,0.002329018950462341,0.005671993374824524,7.293536979705095e-05,9.96797325569787e-07,130,stopping_threshold,0.17192141799023375
mu,1,1024,10,3,1,101,201,301,0.0008257216811180115,0.0014336054921150207,3.2028765708673747e-06,9.902136071104906e-07,191,stopping_threshold,0.25299483601702377
mu,1,1024,10,3,2,102,202,302,0.0020989899188280105,0.002912167489528656,2.152472804300487e-05,9.960615443560528e-07,291,stopping_threshold,0.3861355329863727
mu,1,1024,10,3,3,103,203,303,0.0017502013146877288,0.0024781800508499145,1.659102668054402e-05,9.99283997771272e-07,670,stopping_threshold,0.8845563709619455
mu,1,1024,10,3,4,104,204,304,0.0010490451902151108,0.0016493452191352843,5.081946728751063e-06,9.983036761695985e-07,157,stopping_threshold,0.20839576504658908
mu,1,1024,10,3,5,105,205,305,0.001051159404218197,0.0014448453783988953,7.063945464324206e-06,9.948826118488796e-07,364,stopping_threshold,0.4817008940153755
mu,1,1024,10,3,6,106,206,306,0.0005486859641969204,0.0009210716485977173,1.3415526045719162e-06,9.99608232632454e-07,343,stopping_threshold,0.45194241299759597
mu,1,1024,10,4,0,100,200,300,0.0011658646240830422,0.002713620841503143,1.4076877268962562e-05,7.963555503920361e-07,144,stopping_threshold,0.1912071019760333
mu,1,1024,10,4,1,101,201,301,0.0006842574998736381,0.0012616833448410034,2.465515775838867e-06,9.999105259339558e-07,240,stopping_threshold,0.3166364770149812
mu,1,1024,10,4,2,102,202,302,0.0019401831030845642,0.0025778523683547975,2.1056914934888482e-05,9.823928621699451e-07,234,stopping_threshold,0.3094218169571832
mu,1,1024,10,4,3,103,203,303,0.0015356845557689667,0.002267729997634888,1.1725556571036577e-05,9.993674439101596e-07,320,stopping_threshold,0.4245726920198649
mu,1,1024,10,4,4,104,204,304,0.002583940804004669,0.0053616083860397335,3.315944760106504e-05,8.410689815718797e-07,92,stopping_threshold,0.12335294298827648
mu,1,1024,10,4,5,105,205,305,0.0009598388373851777,0.0013973382711410522,5.196093406993896e-06,9.996298331316211e-07,276,stopping_threshold,0.3649121369817294
mu,1,1024,10,4,6,106,206,306,0.0005453872010111808,0.0009233738780021667,1.285713689867407e-06,9.993008234232548e-07,504,stopping_threshold,0.6649261399870738
mu,1,1024,10,8,0,100,200,300,0.001204448200762272,0.00283137446641922,1.563253696076572e-05,9.938981975210481e-07,164,stopping_threshold,0.21803831798024476
mu,1,1024,10,8,1,101,201,301,0.0006220445856451988,0.001064138948917389,1.7894961783895268e-06,9.998174164138618e-07,1031,stopping_threshold,1.364251408027485
mu,1,1024,10,8,2,102,202,302,0.0030126206576824186,0.0038726949989795686,6.364866206422449e-05,9.289208833251905e-07,131,stopping_threshold,0.17401233699638397
mu,1,1024,10,8,3,103,203,303,0.0009391231089830399,0.0014509119391441345,4.5282008941285315e-06,8.979954486676434e-07,144,stopping_threshold,0.1911691220011562
mu,1,1024,10,8,4,104,204,304,0.001093918889760971,0.0017229155898094177,5.711307108867914e-06,9.991723572966293e-07,292,stopping_threshold,0.3850901719997637
mu,1,1024,10,8,5,105,205,305,0.00115363809466362,0.0017470343708992004,7.604091661050916e-06,8.507028042004094e-07,124,stopping_threshold,0.16410150000592694
mu,1,1024,10,8,6,106,206,306,0.0005714537650346756,0.0009683478474617005,1.4901523682055994e-06,9.997029337682761e-07,456,stopping_threshold,0.602592547016684
mu,1,1024,100,1,0,100,200,300,0.0004845305196940899,0.0009207456707954407,1.2613835715455935e-06,9.99584926830721e-07,277,stopping_threshold,0.694475979951676
mu,1,1024,100,1,1,101,201,301,0.00047846780717372895,0.0008513481020927429,1.110854238504544e-06,9.990151284000603e-07,357,stopping_threshold,0.8888301239931025
mu,1,1024,100,1,2,102,202,302,0.00044272764027118684,0.0008667722344398498,1.1079468167736196e-06,9.954359256880707e-07,315,stopping_threshold,0.78807708498789
mu,1,1024,100,1,3,103,203,303,0.0004603460803627968,0.0008448531031608581,1.019689363602083e-06,9.971512326956145e-07,534,stopping_threshold,1.3246318940073252
mu,1,1024,100,1,4,104,204,304,0.000421907689422369,0.0007205823063850403,8.90696574060712e-07,9.935398566085496e-07,179,stopping_threshold,0.4475012450129725
mu,1,1024,100,1,5,105,205,305,0.0004947686791419983,0.0008654160499572754,1.0994131953339092e-06,9.942684755515074e-07,205,stopping_threshold,0.5131289930432104
mu,1,1024,100,1,6,106,206,306,0.0004831654690206051,0.0008722034096717835,1.0884411312872543e-06,9.996452945415513e-07,1034,stopping_threshold,2.5604297860409133
mu,1,1024,100,2,0,100,200,300,0.0004946952387690544,0.0008674351572990418,1.0702685685828328e-06,9.897651125356788e-07,197,stopping_threshold,0.5066248759976588
mu,1,1024,100,2,1,101,201,301,0.0004835807755589485,0.0008663266897201538,1.0666594753274694e-06,9.971678309739218e-07,261,stopping_threshold,0.6754536170046777
mu,1,1024,100,2,2,102,202,302,0.0005123048759996891,0.000784379243850708,1.2408387701725587e-06,9.933982028087485e-07,384,stopping_threshold,0.9912456069723703
mu,1,1024,100,2,3,103,203,303,0.0004706163443624973,0.0008464739918708802,1.0783492980408482e-06,9.97990241558e-07,225,stopping_threshold,0.584788394975476
mu,1,1024,100,2,4,104,204,304,0.0005185232497751713,0.0009002289772033691,1.1731529521057381e-06,9.950604180630762e-07,352,stopping_threshold,0.9097085889661685
mu,1,1024,100,2,5,105,205,305,0.0004753964245319366,0.0008506647348403931,1.0651627017068677e-06,9.985595852413098e-07,313,stopping_threshold,0.8083452900173143
mu,1,1024,100,2,6,106,206,306,0.0005604708231985569,0.0008445898294448853,1.3990037696203217e-06,9.963202955987072e-07,350,stopping_threshold,0.9058639740105718
mu,1,1024,100,3,0,100,200,300,0.00048010733351111414,0.0008553933501243592,1.057593632140197e-06,9.951725132850697e-07,335,stopping_threshold,0.8598400399787351
mu,1,1024,100,3,1,101,201,301,0.0004366047792136669,0.0008450414538383483,1.034596949466504e-06,9.984902362702996e-07,271,stopping_threshold,0.6974098619539291
mu,1,1024,100,3,2,102,202,302,0.0005530086532235146,0.0008962419033050537,1.312355147092603e-06,9.955724635801744e-07,307,stopping_threshold,0.7921291660168208
mu,1,1024,100,3,3,103,203,303,0.00047859351709485053,0.0008444641828536987,1.0386005596956238e-06,9.960137958842097e-07,372,stopping_threshold,0.9559577080071904
mu,1,1024,100,3,4,104,204,304,0.0004530267901718616,0.0007655982971191406,9.288112560170702e-07,9.830399676502566e-07,164,stopping_threshold,0.4224254610016942
mu,1,1024,100,3,5,105,205,305,0.0005312418900430203,0.0008418818712234497,1.3334600371308626e-06,9.951961601473158e-07,389,stopping_threshold,1.0034445449709892
mu,1,1024,100,3,6,106,206,306,0.00047647551447153094,0.0007880250215530395,9.958229638868944e-07,9.917833949657506e-07,181,stopping_threshold,0.4662780479993671
mu,1,1024,100,4,0,100,200,300,0.0005228910110890865,0.001029629349708557,1.4740006590727717e-06,9.508165703664417e-07,142,stopping_threshold,0.3688142949831672
mu,1,1024,100,4,1,101,201,301,0.00042038200795650483,0.0007604672312736511,9.472410893067717e-07,9.856136102825985e-07,185,stopping_threshold,0.4809406089480035
mu,1,1024,100,4,2,102,202,302,0.0004737180545926094,0.0008955002427101135,1.1495417929836549e-06,9.990321814257186e-07,264,stopping_threshold,0.6823525750078261
mu,1,1024,100,4,3,103,203,303,0.0004951957017183304,0.0008143328428268432,1.1049453896703199e-06,9.971258805308025e-07,238,stopping_threshold,0.6144857220351696
mu,1,1024,100,4,4,104,204,304,0.0006378698348999024,0.0012605230808258056,2.223792864242569e-06,8.321513860209961e-07,129,stopping_threshold,0.335687025974039
mu,1,1024,100,4,5,105,205,305,0.0005329731293022633,0.000879383385181427,1.2989651877433061e-06,9.990133094106568e-07,398,stopping_threshold,1.0246718670241535
mu,1,1024,100,4,6,106,206,306,0.0005082614198327064,0.0008343437910079956,1.1267672962276265e-06,9.991482556870324e-07,416,stopping_threshold,1.07057626103051
mu,1,1024,100,8,0,100,200,300,0.0007295597568154335,0.0012976102232933045,2.6248339854646473e-06,9.507742220193904e-07,125,stopping_threshold,0.3248866439680569
mu,1,1024,100,8,1,101,201,301,0.00043211689591407776,0.000751053512096405,8.688351808814332e-07,9.9952660548297e-07,830,stopping_threshold,2.1340778979938477
mu,1,1024,100,8,2,102,202,302,0.0005279481187462807,0.0008457481861114502,1.361159243970178e-06,9.990058060793672e-07,226,stopping_threshold,0.5819543239776976
mu,1,1024,100,8,3,103,203,303,0.000668550230562687,0.0012544459104537964,1.941422320669517e-06,8.409205065618153e-07,123,stopping_threshold,0.32170029799453914
mu,1,1024,100,8,4,104,204,304,0.0004341208077967167,0.0007517377734184265,9.799772597034462e-07,9.61002683652623e-07,154,stopping_threshold,0.4008156229974702
mu,1,1024,100,8,5,105,205,305,0.00044825368747115137,0.0008804122805595398,1.1192313104402275e-06,9.924873438649229e-07,369,stopping_threshold,0.95597542100586
mu,1,1024,100,8,6,106,206,306,0.0005177476368844509,0.000839617371559143,1.1833717144327238e-06,9.964953733287985e-07,297,stopping_threshold,0.770556525036227
mu,1,1024,1000,1,0,100,200,300,0.00044553243741393087,0.0008317423462867737,1.0678272228688002e-06,9.897420231936848e-07,104,stopping_threshold,2.2659965850180015
mu,1,1024,1000,1,1,101,201,301,0.0004444638267159462,0.0008091275095939636,9.902083475026302e-07,9.854288364294916e-07,87,stopping_threshold,1.8991126200417057
mu,1,1024,1000,1,2,102,202,302,0.0004438530169427395,0.0008390016555786132,1.0035427767434158e-06,9.901211119540675e-07,122,stopping_threshold,2.6727714870357886
mu,1,1024,1000,1,3,103,203,303,0.00043533144518733026,0.0008140607476234436,9.595710871508345e-07,9.872802866084385e-07,132,stopping_threshold,2.8763954939786345
mu,1,1024,1000,1,4,104,204,304,0.00045014317333698275,0.0008083065748214722,9.427875920664519e-07,9.685368222562828e-07,41,stopping_threshold,0.8936261750059202
mu,1,1024,1000,1,5,105,205,305,0.00048743369057774544,0.0007769092917442322,1.1054603237425908e-06,9.975969710467324e-07,92,stopping_threshold,2.0145087969722226
mu,1,1024,1000,1,6,106,206,306,0.0003934442736208439,0.0007058253288269043,7.629528117831797e-07,9.980591185012599e-07,364,stopping_threshold,7.943035717005841
mu,1,1024,1000,2,0,100,200,300,0.0004538392387330532,0.0008049368858337403,9.338743911939673e-07,9.868645402093534e-07,53,stopping_threshold,1.1904483379912563
mu,1,1024,1000,2,1,101,201,301,0.00046074023842811586,0.0007780132293701172,9.373140201205388e-07,9.392545421178511e-07,47,stopping_threshold,1.0604211559984833
mu,1,1024,1000,2,2,102,202,302,0.0004247214496135712,0.0007408302426338196,8.126438260660507e-07,9.988452911784408e-07,118,stopping_threshold,2.64450020797085
mu,1,1024,1000,2,3,103,203,303,0.00043442583084106446,0.0007951464056968689,9.385206576553174e-07,9.801219816836237e-07,54,stopping_threshold,1.2108161200303584
mu,1,1024,1000,2,4,104,204,304,0.0004462055116891861,0.0008013308048248291,9.12489093025215e-07,9.904690077746637e-07,98,stopping_threshold,2.206328689993825
mu,1,1024,1000,2,5,105,205,305,0.00046159954369068143,0.0007782305479049682,9.314531562267803e-07,9.594770349394821e-07,54,stopping_threshold,1.2098550230148248
mu,1,1024,1000,2,6,106,206,306,0.000463190820068121,0.0007198764085769654,9.503388646407984e-07,9.81018391030375e-07,96,stopping_threshold,2.1519187539815903
mu,1,1024,1000,3,0,100,200,300,0.00042953598871827125,0.0007778754234313965,8.660661478643306e-07,9.866440032055834e-07,74,stopping_threshold,1.670571134018246
mu,1,1024,1000,3,1,101,201,301,0.00041711316257715225,0.0008082225322723389,9.60122953983955e-07,9.878533155642799e-07,67,stopping_threshold,1.4995754859992303
mu,1,1024,1000,3,2,102,202,302,0.00047395288571715357,0.000841839611530304,1.007590071822051e-06,9.78383091478463e-07,102,stopping_threshold,2.2831058030133136
mu,1,1024,1000,3,3,103,203,303,0.00045675139501690865,0.0007637269496917724,9.400935741723515e-07,9.83717245162552e-07,99,stopping_threshold,2.2252350350026973
mu,1,1024,1000,3,4,104,204,304,0.0004174327738583088,0.0007175851464271545,7.907121616881341e-07,9.211479869009054e-07,40,stopping_threshold,0.8959257109672762
mu,1,1024,1000,3,5,105,205,305,0.0004780040793120861,0.0007880500555038452,1.0805517813423648e-06,9.86372354418563e-07,79,stopping_threshold,1.7670355279697105
mu,1,1024,1000,3,6,106,206,306,0.00048486581817269324,0.0008074023127555847,1.0227802631561643e-06,9.9414892065397e-07,48,stopping_threshold,1.079200720996596
mu,1,1024,1000,4,0,100,200,300,0.0004060079082846642,0.0007876160144805909,9.506253190920688e-07,9.478669612690282e-07,43,stopping_threshold,0.9654385049943812
mu,1,1024,1000,4,1,101,201,301,0.00039972644671797754,0.0007084185481071472,8.402248204220086e-07,9.382373068547167e-07,48,stopping_threshold,1.076892267970834
mu,1,1024,1000,4,2,102,202,302,0.000424515750259161,0.0008024166822433471,9.505422713118606e-07,9.80314497155632e-07,67,stopping_threshold,1.509164426010102
mu,1,1024,1000,4,3,103,203,303,0.0004548364020884037,0.0007411226034164429,9.348030216642656e-07,9.950597454917443e-07,55,stopping_threshold,1.2365094799897633
mu,1,1024,1000,4,4,104,204,304,0.00040683838352560995,0.0007654746174812317,8.510803891113028e-07,9.810648716666037e-07,38,stopping_threshold,0.8528999300324358
mu,1,1024,1000,4,5,105,205,305,0.00047558386623859406,0.000741292953491211,1.1133554289699532e-06,9.819710048759588e-07,43,stopping_threshold,0.9697208249708638
mu,1,1024,1000,4,6,106,206,306,0.0004786694645881653,0.0007947250604629516,1.0047586547443643e-06,9.866029058684945e-07,89,stopping_threshold,1.9970011460245587
mu,1,1024,1000,8,0,100,200,300,0.00042129165306687354,0.0007490021586418152,8.080461630015634e-07,9.246489585166274e-07,39,stopping_threshold,0.8807558689732105
mu,1,1024,1000,8,1,101,201,301,0.000500331349670887,0.000882996141910553,1.181682455353439e-06,9.99662820049707e-07,246,stopping_threshold,5.570464669028297
mu,1,1024,1000,8,2,102,202,302,0.00047434677556157113,0.0007614495158195496,1.0461983911227436e-06,9.99890479761234e-07,103,stopping_threshold,2.322466792014893
mu,1,1024,1000,8,3,103,203,303,0.00036993388086557387,0.0006327064633369446,6.333899073069915e-07,8.522949974576477e-07,35,stopping_threshold,0.7915607359609567
mu,1,1024,1000,8,4,104,204,304,0.00039303085207939147,0.0007374305129051209,7.93289189459756e-07,9.163290051219519e-07,42,stopping_threshold,0.9524945170269348
mu,1,1024,1000,8,5,105,205,305,0.0004688944034278393,0.0008052507042884827,1.0271615319652482e-06,9.766052862687502e-07,87,stopping_threshold,1.9628044849960133
mu,1,1024,1000,8,6,106,206,306,0.00047941985726356507,0.000776731550693512,1.020757707010489e-06,9.887923761198181e-07,54,stopping_threshold,1.2189965710276738
mu+sigma,2,16,5,1,0,100,200,300,0.006242574453353882,0.01131749141216278,0.0002262281235307455,9.965154958990752e-07,449,stopping_threshold,0.5900001010159031
mu+sigma,2,16,5,1,1,101,201,301,0.005240682899951935,0.008900351226329803,0.00014649148937314748,9.992603509090259e-07,1074,stopping_threshold,1.4016521040466614
mu+sigma,2,16,5,1,2,102,202,302,0.014405881285667419,0.02033345627784729,0.0011126346364617348,9.976401997846551e-07,1351,stopping_threshold,1.7626703040441498
mu+sigma,2,16,5,1,3,103,203,303,0.006440962612628937,0.009890557050704955,0.00021054786816239357,9.998302630265243e-07,1803,stopping_threshold,2.355638196982909
mu+sigma,2,16,5,1,4,104,204,304,0.015386865615844727,0.020682125329971313,0.0010617788583040238,9.983776863009552e-07,757,stopping_threshold,0.9867957080132328
mu+sigma,2,16,5,1,5,105,205,305,0.004400492519140244,0.007729633748531342,0.00011592100467532873,1.9901347059203545e-06,2000,max_epochs,2.6055374499992467
mu+sigma,2,16,5,1,6,106,206,306,0.04574278736114502,0.05825363969802856,0.010279036045074463,9.84380903901183e-07,471,stopping_threshold,0.6129001579829492
mu+sigma,2,16,5,2,0,100,200,300,0.005725910663604736,0.009765713572502136,0.00019649426825344563,9.992579634854337e-07,692,stopping_threshold,0.8983261859975755
mu+sigma,2,16,5,2,1,101,201,301,0.004966188430786133,0.008548932492733002,0.00013091636914759874,9.999671419791412e-07,1689,stopping_threshold,2.1617211660486646
mu+sigma,2,16,5,2,2,102,202,302,0.014434537529945373,0.02045653223991394,0.0011223113983869553,9.953772632798064e-07,520,stopping_threshold,0.6643667200114578
mu+sigma,2,16,5,2,3,103,203,303,0.006255954086780548,0.009741734623908996,0.00018561077304184436,9.995525260819704e-07,1278,stopping_threshold,1.6329395640059374
mu+sigma,2,16,5,2,4,104,204,304,0.013858414173126221,0.018963202953338622,0.0008462420403957366,9.98093582893489e-07,320,stopping_threshold,0.40971530496608466
mu+sigma,2,16,5,2,5,105,205,305,0.0040960701704025266,0.007570894241333008,0.00011517690122127532,2.2033652840036666e-06,2000,max_epochs,2.5520157809951343
mu+sigma,2,16,5,2,6,106,206,306,0.048241953849792484,0.06114727449417114,0.01162892210483551,9.835125638346653e-07,489,stopping_threshold,0.6237162220058963
mu+sigma,2,16,5,3,0,100,200,300,0.005795099437236786,0.009838412761688233,0.0001860528811812401,9.987460316551733e-07,646,stopping_threshold,0.8246632870286703
mu+sigma,2,16,5,3,1,101,201,301,0.004837678730487824,0.008378466248512267,0.00012392759416252375,9.986636086978251e-07,1380,stopping_threshold,1.7643588749924675
mu+sigma,2,16,5,3,2,102,202,302,0.014501500129699706,0.020360747575759886,0.001081088863313198,9.987782050302485e-07,1575,stopping_threshold,2.0133574869832955
mu+sigma,2,16,5,3,3,103,203,303,0.02246710729598999,0.04744075202941894,0.0027073462903499605,0.001216526492498815,2000,max_epochs,2.547181267000269
mu+sigma,2,16,5,3,4,104,204,304,0.016596719145774843,0.022029452562332155,0.001273448258638382,9.998155974244582e-07,1205,stopping_threshold,1.5528137540095486
mu+sigma,2,16,5,3,5,105,205,305,0.0041230694651603695,0.007546759366989135,0.00011034465208649636,1.982722778848256e-06,2000,max_epochs,2.5868247549515218
mu+sigma,2,16,5,3,6,106,206,306,0.04682571125030518,0.05963604307174682,0.010787177681922912,9.982539950215141e-07,513,stopping_threshold,0.6648936590063386
mu+sigma,2,16,5,4,0,100,200,300,0.005657570838928223,0.009783029317855836,0.00019051236286759377,9.9796977792721e-07,291,stopping_threshold,0.37588497903198004
mu+sigma,2,16,5,4,1,101,201,301,0.005087259829044342,0.008871632933616638,0.00014109622966498137,9.954885626939358e-07,545,stopping_threshold,0.7064031969639473
mu+sigma,2,16,5,4,2,102,202,302,0.014291214227676392,0.020206661224365235,0.0010884899869561195,9.97505935629306e-07,1316,stopping_threshold,1.7033124020090327
mu+sigma,2,16,5,4,3,103,203,303,0.0067504489421844486,0.01035549020767212,0.0002169732041656971,9.975990451494e-07,1075,stopping_threshold,1.39142386399908
mu+sigma,2,16,5,4,4,104,204,304,0.034676908493041995,0.05620871877670288,0.0038545553386211393,0.0028150691650807858,2000,max_epochs,2.5889622190152295
mu+sigma,2,16,5,4,5,105,205,305,0.004222406268119812,0.007544143199920654,0.00010918064415454864,2.2184030967764556e-06,2000,max_epochs,2.5932326890178956
mu+sigma,2,16,5,4,6,106,206,306,0.049239171028137206,0.06251299381256104,0.012023476243019105,9.967142204914126e-07,486,stopping_threshold,0.6297649740008637
mu+sigma,2,16,5,8,0,100,200,300,0.005655810534954071,0.009578140258789062,0.0001845841147005558,9.997519327953341e-07,779,stopping_threshold,1.0077883679769002
mu+sigma,2,16,5,8,1,101,201,301,0.005321375966072082,0.009072809517383575,0.00014432039856910705,9.979675041904557e-07,251,stopping_threshold,0.3254823579918593
mu+sigma,2,16,5,8,2,102,202,302,0.013665438771247864,0.019565632820129394,0.0009581078290939331,9.990346825361485e-07,1053,stopping_threshold,1.3577018239884637
mu+sigma,2,16,5,8,3,103,203,303,0.00637460732460022,0.00997020149230957,0.00019397899135947227,9.958492910300265e-07,958,stopping_threshold,1.2374047089833766
mu+sigma,2,16,5,8,4,104,204,304,0.016085223793983458,0.02157210969924927,0.0011594295278191567,9.990975513574085e-07,943,stopping_threshold,1.2214167210040614
mu+sigma,2,16,5,8,5,105,205,305,0.004404843747615814,0.008118568181991578,9.996466897428036e-05,0.00014426451525650918,2000,max_epochs,2.5857274000300094
mu+sigma,2,16,5,8,6,106,206,306,0.04529235219955444,0.057795093536376956,0.010016132831573486,9.911376537274919e-07,544,stopping_threshold,0.7013099789619446
mu+sigma,2,16,10,1,0,100,200,300,0.012175279259681702,0.02765976619720459,0.001777771532535553,2.8653734261752106e-05,2000,max_epochs,2.6116034840233624
mu+sigma,2,16,10,1,1,101,201,301,0.005987414658069611,0.010928372025489807,0.00017272024787962436,4.503484888118692e-05,2000,max_epochs,2.5874130409792997
mu+sigma,2,16,10,1,2,102,202,302,0.005665796399116516,0.009129075765609741,0.00016801881976425648,2.5851475129456958e-06,2000,max_epochs,2.5849660219973885
mu+sigma,2,16,10,1,3,103,203,303,0.004669055879116059,0.007699597835540772,0.000104265371337533,1.748857721395325e-05,2000,max_epochs,2.5831438949680887
mu+sigma,2,16,10,1,4,104,204,304,0.016214153289794923,0.02103715991973877,0.001552224799990654,2.5117229597526602e-05,2000,max_epochs,2.582497646973934
mu+sigma,2,16,10,1,5,105,205,305,0.006253719210624695,0.00958919358253479,0.0002289674337953329,4.14567830375745e-06,2000,max_epochs,2.580158326018136
mu+sigma,2,16,10,1,6,106,206,306,0.004298639357089996,0.0073587665557861325,9.423599392175674e-05,3.7812274968018755e-05,2000,max_epochs,2.5815469109802507
mu+sigma,2,16,10,2,0,100,200,300,0.011583829760551452,0.024401646614074707,0.0010558672025799752,0.00014417270722333342,2000,max_epochs,2.555572152021341
mu+sigma,2,16,10,2,1,101,201,301,0.006235441744327545,0.010667338967323303,0.00016634964384138585,4.16921975556761e-05,2000,max_epochs,2.563941120984964
mu+sigma,2,16,10,2,2,102,202,302,0.006638717472553253,0.010038787007331847,0.00022417618706822395,4.707651442004135e-06,2000,max_epochs,2.575993165024556
mu+sigma,2,16,10,2,3,103,203,303,0.004681794047355652,0.007574313819408417,0.00011240653693675995,1.3466754353430588e-05,2000,max_epochs,2.559930513962172
mu+sigma,2,16,10,2,4,104,204,304,0.01595200037956238,0.020782682180404664,0.0015120004117488862,2.0636498447856866e-05,2000,max_epochs,2.56060993502615
mu+sigma,2,16,10,2,5,105,205,305,0.005985521972179413,0.009287238001823425,0.000219919066876173,5.465829872264294e-06,2000,max_epochs,2.5012299510417506
mu+sigma,2,16,10,2,6,106,206,306,0.004335425019264221,0.007508102118968964,9.456051979213954e-05,4.792575418832712e-05,2000,max_epochs,2.4997418940183707
mu+sigma,2,16,10,3,0,100,200,300,0.012606800436973572,0.02863936972618103,0.0018776924163103103,2.2599882868235e-05,2000,max_epochs,2.4954433839884587
mu+sigma,2,16,10,3,1,101,201,301,0.005764617502689361,0.01007085633277893,0.00014897271804511548,4.154888301854953e-05,2000,max_epochs,2.4948374290252104
mu+sigma,2,16,10,3,2,102,202,302,0.01240654742717743,0.016626614451408388,0.000896573930978775,9.999369012803072e-07,1857,stopping_threshold,2.32230216905009
mu+sigma,2,16,10,3,3,103,203,303,0.0047513228058815,0.007868243098258973,0.00012159745022654533,1.509964931756258e-05,2000,max_epochs,2.5001907519763336
mu+sigma,2,16,10,3,4,104,204,304,0.018126166224479677,0.02354981255531311,0.0018354008048772812,2.5253839339711703e-05,2000,max_epochs,2.4983416760223918
mu+sigma,2,16,10,3,5,105,205,305,0.006023528277873993,0.009339455485343933,0.00021757533587515355,5.1541896937123965e-06,2000,max_epochs,2.495373698999174
mu+sigma,2,16,10,3,6,106,206,306,0.005672534108161926,0.01028526771068573,0.00014523343183100223,6.949391536181793e-05,2000,max_epochs,2.500888521957677
mu+sigma,2,16,10,4,0,100,200,300,0.011506577849388123,0.02628951048851013,0.0015583337098360062,3.59406003553886e-05,2000,max_epochs,2.4994397229747847
mu+sigma,2,16,10,4,1,101,201,301,0.005888756275177002,0.010784530639648437,0.00016794896125793456,3.86097926821094e-05,2000,max_epochs,2.503512044029776
mu+sigma,2,16,10,4,2,102,202,302,0.005416476845741272,0.008868294477462768,0.0001522074807435274,2.4372552616114262e-06,2000,max_epochs,2.509521742002107
mu+sigma,2,16,10,4,3,103,203,303,0.007522514283657074,0.014233848214149475,0.0002817995250225067,0.00013544218381866813,2000,max_epochs,2.5089292820193805
mu+sigma,2,16,10,4,4,104,204,304,0.015727452754974364,0.020330676794052125,0.001496535688638687,2.5271883714594878e-05,2000,max_epochs,2.565737600030843
mu+sigma,2,16,10,4,5,105,205,305,0.005969219148159027,0.009270931124687194,0.00021507277712225914,5.224466349318391e-06,2000,max_epochs,2.5620416949968785
mu+sigma,2,16,10,4,6,106,206,306,0.004383269965648651,0.007527578175067901,9.795014560222626e-05,2.8745944291586056e-05,2000,max_epochs,2.563627001014538
mu+sigma,2,16,10,8,0,100,200,300,0.010462594270706177,0.02314413619041443,0.0011375569924712181,3.506669600028545e-05,2000,max_epochs,2.5556504129781388
mu+sigma,2,16,10,8,1,101,201,301,0.006321268916130066,0.011128139734268188,0.00017745175026357175,3.8885184039827436e-05,2000,max_epochs,2.552404700021725
mu+sigma,2,16,10,8,2,102,202,302,0.00530323177576065,0.008806871414184571,0.00014582234248518945,1.7980518123295042e-06,2000,max_epochs,2.5561970970011316
mu+sigma,2,16,10,8,3,103,203,303,0.012322678804397583,0.022385886907577514,0.0006184788569808007,0.0003903909237124026,2000,max_epochs,2.5342689299723133
mu+sigma,2,16,10,8,4,104,204,304,0.015479237794876099,0.01989422619342804,0.0014797351211309432,1.8181472114520147e-05,2000,max_epochs,2.4916168600320816
mu+sigma,2,16,10,8,5,105,205,305,0.027812359571456908,0.05288495588302612,0.0030898310840129853,0.001395174185745418,2000,max_epochs,2.4953698129975237
mu+sigma,2,16,10,8,6,106,206,306,0.008893901348114014,0.017779823184013367,0.00042586682736873624,0.00018496814300306141,2000,max_epochs,2.488746009010356
mu+sigma,2,16,100,1,0,100,200,300,0.02914102029800415,0.05913979768753052,0.003936845809221268,0.006692554801702499,2000,max_epochs,2.559477942006197
mu+sigma,2,16,100,1,1,101,201,301,0.00414608433842659,0.007133107602596283,0.0001028184574097395,6.408034096239135e-05,2000,max_epochs,2.5537866730010137
mu+sigma,2,16,100,1,2,102,202,302,0.004426560163497925,0.00736528068780899,0.00010385360289365053,5.8676025219028816e-05,2000,max_epochs,2.552280673000496
mu+sigma,2,16,100,1,3,103,203,303,0.030524645566940307,0.06149177837371826,0.004170356929302216,0.002397411735728383,2000,max_epochs,2.5527963440399617
mu+sigma,2,16,100,1,4,104,204,304,0.0045892782509326935,0.007634036719799042,0.00010903895273804664,6.898713763803244e-05,2000,max_epochs,2.5573663919931278
mu+sigma,2,16,100,1,5,105,205,305,0.004097346007823944,0.007198611080646515,8.564618322998285e-05,6.309359741862863e-05,2000,max_epochs,2.5539538789889775
mu+sigma,2,16,100,1,6,106,206,306,0.0040144907236099245,0.007218121349811554,8.815046865493059e-05,6.358137034112588e-05,2000,max_epochs,2.553648264030926
mu+sigma,2,16,100,2,0,100,200,300,0.004203560054302216,0.007664189875125885,9.345739614218474e-05,8.058478852035478e-05,2000,max_epochs,2.5373265810194425
mu+sigma,2,16,100,2,1,101,201,301,0.004087313890457154,0.007037313878536225,9.023232199251651e-05,6.097815276007168e-05,2000,max_epochs,2.5447345940046944
mu+sigma,2,16,100,2,2,102,202,302,0.004418997585773468,0.007363983929157257,0.00010338347963988781,5.698391396435909e-05,2000,max_epochs,2.533629386976827
mu+sigma,2,16,100,2,3,103,203,303,0.0042181421220302585,0.007213365495204926,9.808285627514123e-05,5.545158637687564e-05,2000,max_epochs,2.5422967770136893
mu+sigma,2,16,100,2,4,104,204,304,0.004655419528484345,0.0076935431361198426,0.00011379998456686735,6.886746268719435e-05,2000,max_epochs,2.537859233969357
mu+sigma,2,16,100,2,5,105,205,305,0.003991844803094864,0.006947104930877686,8.322727493941784e-05,6.017312261974439e-05,2000,max_epochs,2.532482060021721
mu+sigma,2,16,100,2,6,106,206,306,0.00391164955496788,0.006990532875061035,8.529733121395112e-05,6.18847188889049e-05,2000,max_epochs,2.536459523020312
mu+sigma,2,16,100,3,0,100,200,300,0.004139002621173859,0.007529196202754974,9.16746063157916e-05,7.885153900133446e-05,2000,max_epochs,2.5774258140008897
mu+sigma,2,16,100,3,1,101,201,301,0.0043906189799308775,0.007344684183597565,0.000105584223754704,6.286026473389938e-05,2000,max_epochs,2.583615468989592
mu+sigma,2,16,100,3,2,102,202,302,0.004408897578716278,0.007363575875759125,0.00010137533117085696,5.906627484364435e-05,2000,max_epochs,2.589537243999075
mu+sigma,2,16,100,3,3,103,203,303,0.0074386451840400694,0.013945767760276794,0.0002506216801702976,0.0001797324075596407,2000,max_epochs,2.5901030050008558
mu+sigma,2,16,100,3,4,104,204,304,0.004497330099344253,0.007398122966289521,0.00010531019512563943,6.889086216688156e-05,2000,max_epochs,2.5917320160078816
mu+sigma,2,16,100,3,5,105,205,305,0.004013183653354645,0.0070331343412399295,8.527890313416719e-05,5.790410432382487e-05,2000,max_epochs,2.588175880955532
mu+sigma,2,16,100,3,6,106,206,306,0.003983920305967331,0.007188633263111114,8.618290070444345e-05,6.226210098247975e-05,2000,max_epochs,2.5647627580328844
mu+sigma,2,16,100,4,0,100,200,300,0.006224673390388489,0.01211301839351654,0.00019089127145707608,0.00021805554570164531,2000,max_epochs,2.5414158939966
mu+sigma,2,16,100,4,1,101,201,301,0.004316694885492325,0.007464294493198395,0.00010983233526349068,7.439913315465674e-05,2000,max_epochs,2.5480501009733416
mu+sigma,2,16,100,4,2,102,202,302,0.004582894861698151,0.007801347315311432,0.00010934607032686471,7.144441042328253e-05,2000,max_epochs,2.575160203035921
mu+sigma,2,16,100,4,3,103,203,303,0.004239308804273605,0.007271417319774627,9.835073258727789e-05,5.554177550948225e-05,2000,max_epochs,2.5900115100084804
mu+sigma,2,16,100,4,4,104,204,304,0.005041189342737198,0.008379477620124818,0.00012774867191910744,0.0019710343331098557,2000,max_epochs,2.5917772949906066
mu+sigma,2,16,100,4,5,105,205,305,0.0042361668646335605,0.007530631601810455,8.909208048135042e-05,7.220456609502435e-05,2000,max_epochs,2.5903665899531916
mu+sigma,2,16,100,4,6,106,206,306,0.009960801243782043,0.0195382981300354,0.0004882612936198711,0.001741398242302239,2000,max_epochs,2.5898828390054405
mu+sigma,2,16,100,8,0,100,200,300,0.004130620688199997,0.0075371860265731816,9.052902460098267e-05,8.080471161520109e-05,2000,max_epochs,2.5934401050326414
mu+sigma,2,16,100,8,1,101,201,301,0.004261215716600418,0.0072919119000434875,9.723408799618483e-05,6.452405796153471e-05,2000,max_epochs,2.5891702119843103
mu+sigma,2,16,100,8,2,102,202,302,0.004399163067340851,0.007344739437103271,0.0001013641320168972,5.7617424317868426e-05,2000,max_epochs,2.590899367001839
mu+sigma,2,16,100,8,3,103,203,303,0.004295530050992966,0.00743016117811203,9.840243961662054e-05,5.71475648030173e-05,2000,max_epochs,2.5886094699962996
mu+sigma,2,16,100,8,4,104,204,304,0.06726781558990479,0.13538412475585937,0.019924123764038085,0.021123213693499565,2000,max_epochs,2.58625574602047
mu+sigma,2,16,100,8,5,105,205,305,0.007490247845649719,0.014215700149536133,0.0002513667903840542,0.00027008127653971314,2000,max_epochs,2.5907420699950308
mu+sigma,2,16,100,8,6,106,206,306,0.041640984535217286,0.082527756690979,0.0073768824934959416,0.00548294372856617,2000,max_epochs,2.595291115983855
mu+sigma,2,16,1000,1,0,100,200,300,0.011151682257652283,0.02260342788696289,0.000633124940097332,0.0005535710039548576,2000,max_epochs,10.200892083987128
mu+sigma,2,16,1000,1,1,101,201,301,0.007797224640846252,0.01518426239490509,0.0002879607789218426,0.00032901258789934216,2000,max_epochs,10.183271631016396
mu+sigma,2,16,1000,1,2,102,202,302,0.008828595995903014,0.017359496951103212,0.0003708240836858749,0.0003619123820681125,2000,max_epochs,10.371183736016974
mu+sigma,2,16,1000,1,3,103,203,303,0.011803638696670532,0.02348938727378845,0.0006554444283246994,0.0008018066510558128,2000,max_epochs,10.46646772598615
mu+sigma,2,16,1000,1,4,104,204,304,0.004499569654464721,0.00843049418926239,0.00012329707574099304,0.00011983728024642914,2000,max_epochs,10.231287575035822
mu+sigma,2,16,1000,1,5,105,205,305,0.0072643146514892575,0.013814420700073242,0.00023419658653438092,0.0002923382797744125,2000,max_epochs,10.357149500050582
mu+sigma,2,16,1000,1,6,106,206,306,0.007387064158916473,0.01407686471939087,0.00024875321052968504,0.0001983929229900241,2000,max_epochs,10.444804965984076
mu+sigma,2,16,1000,2,0,100,200,300,0.013403106331825256,0.026978702545166017,0.0008595128804445266,0.0008680667588487267,2000,max_epochs,10.411464319040533
mu+sigma,2,16,1000,2,1,101,201,301,0.009940943002700806,0.019820636749267578,0.0004315185509622097,0.0004623272842727602,2000,max_epochs,10.438003352028318
mu+sigma,2,16,1000,2,2,102,202,302,0.0018909355252981186,0.00361821112036705,2.4520289385691285e-05,1.9308116141473875e-05,2000,max_epochs,10.42425458796788
mu+sigma,2,16,1000,2,3,103,203,303,0.003951893597841263,0.006978989064693451,8.229281380772591e-05,8.588963613146916e-05,2000,max_epochs,10.450233242008835
mu+sigma,2,16,1000,2,4,104,204,304,0.003642733693122864,0.006482414364814758,6.825337465852499e-05,7.444678730098531e-05,2000,max_epochs,10.341085782973096
mu+sigma,2,16,1000,2,5,105,205,305,0.005219777047634125,0.009592984080314636,0.00011936047952622176,0.0001356060568941757,2000,max_epochs,10.474081395019311
mu+sigma,2,16,1000,2,6,106,206,306,0.0039047341644763947,0.006761735796928406,7.607905054464936e-05,7.493719516787678e-05,2000,max_epochs,10.288832505000755
mu+sigma,2,16,1000,3,0,100,200,300,0.0024337344765663145,0.004781492680311203,3.1356515595689417e-05,2.2944313066545875e-05,2000,max_epochs,10.384293179027736
mu+sigma,2,16,1000,3,1,101,201,301,0.0022779244035482406,0.004847218811511993,3.615424828603864e-05,2.17908115737373e-05,2000,max_epochs,10.511172811035067
mu+sigma,2,16,1000,3,2,102,202,302,0.004015646040439606,0.007015024721622467,8.340407442301512e-05,7.257982390001416e-05,2000,max_epochs,10.464670294953976
mu+sigma,2,16,1000,3,3,103,203,303,0.0030421374738216402,0.0055486996173858645,5.8444433379918335e-05,5.107591961859726e-05,2000,max_epochs,10.477369129948784
mu+sigma,2,16,1000,3,4,104,204,304,0.012722569108009339,0.02437080645561218,0.000623321682214737,0.00045982137648388743,2000,max_epochs,10.52191055304138
mu+sigma,2,16,1000,3,5,105,205,305,0.003712194234132767,0.0064675772786140446,7.698290515691042e-05,8.062612055800855e-05,2000,max_epochs,10.523716308991425
mu+sigma,2,16,1000,3,6,106,206,306,0.012862849473953247,0.024774134159088135,0.0006675701960921288,0.00042922740476205944,2000,max_epochs,10.885998443001881
mu+sigma,2,16,1000,4,0,100,200,300,0.004207333117723465,0.007536290407180786,8.673949260264635e-05,8.067744417348876e-05,2000,max_epochs,10.865035499969963
mu+sigma,2,16,1000,4,1,101,201,301,0.0019413838237524032,0.0039827080965042115,2.5905420072376728e-05,2.4969418343971482e-05,2000,max_epochs,10.485106331994757
mu+sigma,2,16,1000,4,2,102,202,302,0.007829545676708221,0.01560613453388214,0.000294545479118824,0.00018304492568131536,2000,max_epochs,10.484974857012276
mu+sigma,2,16,1000,4,3,103,203,303,0.014461563587188721,0.02867474365234375,0.0008860750496387481,0.000530036395881325,2000,max_epochs,10.334121883031912
mu+sigma,2,16,1000,4,4,104,204,304,0.007468853890895843,0.015094573974609376,0.0002921941317617893,0.00020474684413056821,2000,max_epochs,10.342900365998503
mu+sigma,2,16,1000,4,5,105,205,305,0.0016480474025011064,0.0034179390966892244,2.1273328457027674e-05,2.2661911978502758e-05,2000,max_epochs,10.32498619001126
mu+sigma,2,16,1000,4,6,106,206,306,0.004025706470012665,0.007067428469657898,7.961688889190555e-05,8.676362823462114e-05,2000,max_epochs,10.324430893000681
mu+sigma,2,16,1000,8,0,100,200,300,0.0053472288250923155,0.01005669116973877,0.00011829314846545458,3.6264840571675446e-05,2000,max_epochs,10.082662398985121
mu+sigma,2,16,1000,8,1,101,201,301,0.004139788210391998,0.007156939566135406,9.08695375546813e-05,8.574484544806182e-05,2000,max_epochs,10.053991243999917
mu+sigma,2,16,1000,8,2,102,202,302,0.00798167496919632,0.015668840408325196,0.00030482796393334864,0.00030033246241509916,2000,max_epochs,10.190800192998722
mu+sigma,2,16,1000,8,3,103,203,303,0.003888189494609833,0.006967805087566376,8.206606470048428e-05,7.581770600518211e-05,2000,max_epochs,10.482049443991855
mu+sigma,2,16,1000,8,4,104,204,304,0.004736416041851044,0.009779459595680237,0.00012427701894193887,0.00026309156557545064,2000,max_epochs,10.489032587967813
mu+sigma,2,16,1000,8,5,105,205,305,0.0010371047779917718,0.0020489953458309174,8.158328128047288e-06,7.86847471317742e-06,2000,max_epochs,10.494524412031751
mu+sigma,2,16,1000,8,6,106,206,306,0.009007259964942933,0.01718672776222229,0.0003595396317541599,0.000376827129162848,2000,max_epochs,10.493894307990558
mu+sigma,2,32,5,1,0,100,200,300,0.005466625094413757,0.009798856854438782,0.00017015981115400792,9.640879170547123e-07,128,stopping_threshold,0.16911044099833816
mu+sigma,2,32,5,1,1,101,201,301,0.005376238167285919,0.009114838480949402,0.00014455271419137717,3.896075668308185e-06,2000,max_epochs,2.610942438011989
mu+sigma,2,32,5,1,2,102,202,302,0.0065200462937355045,0.010479318857192993,0.0001816743239760399,1.6531375877093524e-05,2000,max_epochs,2.64558486698661
mu+sigma,2,32,5,1,3,103,203,303,0.00897132384777069,0.01529247796535492,0.00037807103618979455,9.968051699615899e-07,1611,stopping_threshold,2.129637712961994
mu+sigma,2,32,5,1,4,104,204,304,0.016695447206497193,0.022111329555511476,0.0013580837100744248,9.936214837580337e-07,451,stopping_threshold,0.5996505679795519
mu+sigma,2,32,5,1,5,105,205,305,0.004246640682220459,0.007658198058605194,0.00010500256437808276,1.0286466931574978e-06,2000,max_epochs,2.6202818090096116
mu+sigma,2,32,5,1,6,106,206,306,0.030348434209823607,0.03920136737823486,0.00449739521741867,9.97290271698148e-07,541,stopping_threshold,0.703543123032432
mu+sigma,2,32,5,2,0,100,200,300,0.0045103134512901304,0.0079549600481987,0.00012200511060655118,9.014634088089224e-07,114,stopping_threshold,0.1501708189607598
mu+sigma,2,32,5,2,1,101,201,301,0.005225049912929535,0.009355565428733826,0.00013914837688207626,1.2661115533774137e-06,2000,max_epochs,2.5820897290250286
mu+sigma,2,32,5,2,2,102,202,302,0.049070696353912355,0.08362960720062255,0.007984030365943908,0.004507965873926878,2000,max_epochs,2.576489789993502
mu+sigma,2,32,5,2,3,103,203,303,0.008960313737392426,0.015638199925422668,0.00039134009927511217,9.983613153963233e-07,1760,stopping_threshold,2.258942698012106
mu+sigma,2,32,5,2,4,104,204,304,0.019464850664138795,0.02568553352355957,0.0018067316263914108,9.91790557236527e-07,250,stopping_threshold,0.32346584397600964
mu+sigma,2,32,5,2,5,105,205,305,0.0045601013898849485,0.008035538256168366,0.00011166589986532926,2.1464386463776464e-06,2000,max_epochs,2.6172025779960677
mu+sigma,2,32,5,2,6,106,206,306,0.034941416025161744,0.04469058322906494,0.006146690726280212,9.987364819608047e-07,861,stopping_threshold,1.125224868010264
mu+sigma,2,32,5,3,0,100,200,300,0.005232563734054565,0.00931562340259552,0.0001455584280192852,9.91173919828725e-07,244,stopping_threshold,0.3183875019894913
mu+sigma,2,32,5,3,1,101,201,301,0.005208512723445892,0.009313161611557007,0.00013429938908666374,9.916852832247969e-07,1466,stopping_threshold,1.9251149779884145
mu+sigma,2,32,5,3,2,102,202,302,0.01312909483909607,0.017607370018959047,0.0008893820568919182,1.5397652532556094e-05,2000,max_epochs,2.6310781890060753
mu+sigma,2,32,5,3,3,103,203,303,0.007854697585105897,0.012817055821418762,0.00028513549640774726,9.769490816324833e-07,1024,stopping_threshold,1.3445526619907469
mu+sigma,2,32,5,3,4,104,204,304,0.019810577154159546,0.026146072626113893,0.0018722610622644424,9.984559028453077e-07,838,stopping_threshold,1.105257746996358
mu+sigma,2,32,5,3,5,105,205,305,0.004228923976421356,0.007726266622543335,0.00010805465094745159,1.3403948742052307e-06,2000,max_epochs,2.629280187014956
mu+sigma,2,32,5,3,6,106,206,306,0.03016323518753052,0.038994640827178954,0.004456483066082001,9.976143928724923e-07,1059,stopping_threshold,1.414933755993843
mu+sigma,2,32,5,4,0,100,200,300,0.00523529863357544,0.009247641921043395,0.0001557317115366459,9.846579587247106e-07,147,stopping_threshold,0.19678689999273047
mu+sigma,2,32,5,4,1,101,201,301,0.005214407205581665,0.009347066462039947,0.00013701854180544614,9.96552330434497e-07,641,stopping_threshold,0.844093463034369
mu+sigma,2,32,5,4,2,102,202,302,0.012676607966423035,0.017219106435775757,0.0008159734606742859,1.3976107766211499e-05,2000,max_epochs,2.67980877001537
mu+sigma,2,32,5,4,3,103,203,303,0.008863263785839081,0.014589395046234131,0.00035696592181921004,2.577079840193619e-06,2000,max_epochs,2.626989002979826
mu+sigma,2,32,5,4,4,104,204,304,0.01866269540786743,0.02540168762207031,0.0016783407777547837,3.115725121460855e-05,2000,max_epochs,2.6382397969719023
mu+sigma,2,32,5,4,5,105,205,305,0.004274753332138062,0.0076679947376251225,0.00010466061439365149,1.6341608670700225e-06,2000,max_epochs,2.6369329470326193
mu+sigma,2,32,5,4,6,106,206,306,0.03269924092292786,0.04208465766906738,0.005276023507118225,9.993794947149581e-07,1759,stopping_threshold,2.3238396199885756
mu+sigma,2,32,5,8,0,100,200,300,0.005113863289356231,0.009025970220565796,0.00014142398349940776,9.881998721539276e-07,169,stopping_threshold,0.22552516200812533
mu+sigma,2,32,5,8,1,101,201,301,0.005274357080459595,0.009344875812530518,0.00013617520872503518,9.972546877179411e-07,628,stopping_threshold,0.8301955009810627
mu+sigma,2,32,5,8,2,102,202,302,0.010742858052253723,0.014999438166618348,0.0005465177409350872,1.5284716937458143e-05,2000,max_epochs,2.631299693020992
mu+sigma,2,32,5,8,3,103,203,303,0.06526336669921876,0.13261731910705565,0.019398033618927002,0.011965925805270672,2000,max_epochs,2.643572964007035
mu+sigma,2,32,5,8,4,104,204,304,0.0166278235912323,0.02219297218322754,0.0013262166678905487,9.998951782108634e-07,763,stopping_threshold,1.0076784529956058
mu+sigma,2,32,5,8,5,105,205,305,0.004736914783716201,0.008283219575881958,0.00011852571368217469,2.3383879579341738e-06,2000,max_epochs,2.5996876849676482
mu+sigma,2,32,5,8,6,106,206,306,0.028713273763656615,0.037219491958618164,0.003999401122331619,9.980859658753616e-07,916,stopping_threshold,1.19024173298385
mu+sigma,2,32,10,1,0,100,200,300,0.008427326858043671,0.019093056440353393,0.0008418944701552391,2.4128314180416055e-05,2000,max_epochs,2.6230371029814705
mu+sigma,2,32,10,1,1,101,201,301,0.004635268568992615,0.008350525319576264,9.932946320623159e-05,3.0068016712903045e-05,2000,max_epochs,2.6490473420126364
mu+sigma,2,32,10,1,2,102,202,302,0.020886104345321656,0.02683981418609619,0.00275462880730629,1.7423125200366485e-06,2000,max_epochs,2.6547341370023787
mu+sigma,2,32,10,1,3,103,203,303,0.00876269793510437,0.012238329648971558,0.00047484368458390234,6.981695605645655e-06,2000,max_epochs,2.66082983702654
mu+sigma,2,32,10,1,4,104,204,304,0.009065824687480926,0.013611604571342467,0.00041451976075768473,3.2295502023771405e-05,2000,max_epochs,2.6226026139920577
mu+sigma,2,32,10,1,5,105,205,305,0.016544576048851012,0.022647889375686646,0.0018105357736349105,1.462151158193592e-05,2000,max_epochs,2.6170558590092696
mu+sigma,2,32,10,1,6,106,206,306,0.0042261511981487275,0.007233792066574097,9.496387559920549e-05,4.4511161831906065e-05,2000,max_epochs,2.6220685269800015
mu+sigma,2,32,10,2,0,100,200,300,0.027332225322723388,0.050194420337677,0.0029205846190452577,0.0018378507811576128,2000,max_epochs,2.5899723549955525
mu+sigma,2,32,10,2,1,101,201,301,0.0047748261094093325,0.008736152112483977,0.00010427083540707826,3.367827957845293e-05,2000,max_epochs,2.5949563829926774
mu+sigma,2,32,10,2,2,102,202,302,0.015339186310768128,0.024300618410110473,0.0011081163734197616,0.0010221246629953384,2000,max_epochs,2.5952197299920954
mu+sigma,2,32,10,2,3,103,203,303,0.007037276983261108,0.010282670974731446,0.00029386881552636625,5.777912519988604e-06,2000,max_epochs,2.572415924980305
mu+sigma,2,32,10,2,4,104,204,304,0.013173604607582092,0.01879302763938904,0.0009650111421942711,1.4342658687382936e-05,2000,max_epochs,2.5078470979933627
mu+sigma,2,32,10,2,5,105,205,305,0.017748573780059815,0.023325473070144653,0.0023286299109458925,1.6541534932912327e-05,2000,max_epochs,2.5093611169722863
mu+sigma,2,32,10,2,6,106,206,306,0.0033941978514194487,0.005906182765960694,6.131668016314506e-05,1.765567321854178e-05,2000,max_epochs,2.5053574849735014
mu+sigma,2,32,10,3,0,100,200,300,0.009310225009918212,0.02163402259349823,0.0011592938750982285,2.0960767869837582e-05,2000,max_epochs,2.517653835006058
mu+sigma,2,32,10,3,1,101,201,301,0.007951736330986022,0.01574072480201721,0.0003159816637635231,0.00012993709242437035,2000,max_epochs,2.575075936038047
mu+sigma,2,32,10,3,2,102,202,302,0.01223330008983612,0.016401200294494628,0.0008650700598955154,1.769792334016529e-06,2000,max_epochs,2.509168754972052
mu+sigma,2,32,10,3,3,103,203,303,0.008315388023853301,0.011716398358345032,0.00041651273891329764,8.119102858472615e-06,2000,max_epochs,2.5221623390098102
mu+sigma,2,32,10,3,4,104,204,304,0.009841507315635682,0.015397308111190796,0.0004882855080068112,2.0560573830152862e-05,2000,max_epochs,2.516963141039014
mu+sigma,2,32,10,3,5,105,205,305,0.018216883897781373,0.02389425230026245,0.0026481441855430604,1.8975739294546656e-05,2000,max_epochs,2.5154126140405424
mu+sigma,2,32,10,3,6,106,206,306,0.005937669634819031,0.011475420355796814,0.00018990865536034108,0.00013776459672953933,2000,max_epochs,2.5127852149889804
mu+sigma,2,32,10,4,0,100,200,300,0.009641930937767029,0.02246478831768036,0.001264796882867813,2.3382108338410035e-05,2000,max_epochs,2.5132067929953337
mu+sigma,2,32,10,4,1,101,201,301,0.004705031543970108,0.008522297322750092,0.00010780390352010727,2.3229693397297524e-05,2000,max_epochs,2.515861591033172
mu+sigma,2,32,10,4,2,102,202,302,0.012120260000228882,0.01643948543071747,0.0008102184832096099,1.6788388847999158e-06,2000,max_epochs,2.537500792008359
mu+sigma,2,32,10,4,3,103,203,303,0.00736834454536438,0.010805322766304016,0.00030339266546070573,9.400352610100526e-06,2000,max_epochs,2.5096411050180905
mu+sigma,2,32,10,4,4,104,204,304,0.012710123181343078,0.017890298128128052,0.0009037686437368393,2.111255525960587e-05,2000,max_epochs,2.5182354130083695
mu+sigma,2,32,10,4,5,105,205,305,0.020168585777282713,0.027420479774475096,0.003005313217639923,3.0443439754890278e-05,2000,max_epochs,2.512421149003785
mu+sigma,2,32,10,4,6,106,206,306,0.003956555753946304,0.0068744271993637085,7.919930759817362e-05,4.409543544170447e-05,2000,max_epochs,2.5212731449864805
mu+sigma,2,32,10,8,0,100,200,300,0.0045372812151908875,0.008206177830696106,0.00011154558882117272,3.2182972063310444e-05,2000,max_epochs,2.5934813860221766
mu+sigma,2,32,10,8,1,101,201,301,0.0052380188703536985,0.00924491834640503,0.00012713864259421826,2.9444621759466827e-05,2000,max_epochs,2.5909385069971904
mu+sigma,2,32,10,8,2,102,202,302,0.01820453131198883,0.02362597584724426,0.002027364805340767,1.6935445046328823e-06,2000,max_epochs,2.57377815595828
mu+sigma,2,32,10,8,3,103,203,303,0.03967362642288208,0.08320736503601074,0.008013315618038178,0.004261391703039408,2000,max_epochs,2.507420743990224
mu+sigma,2,32,10,8,4,104,204,304,0.012084070682525636,0.018164161205291747,0.0007611431553959846,1.4188804016157519e-05,2000,max_epochs,2.507435514999088
mu+sigma,2,32,10,8,5,105,205,305,0.02433031463623047,0.04381474161148071,0.0024479907155036925,0.00023034671903587878,2000,max_epochs,2.5133335270220414
mu+sigma,2,32,10,8,6,106,206,306,0.003957868844270706,0.0068970536589622496,8.328220900148153e-05,4.2830975871765986e-05,2000,max_epochs,2.5158526690211147
mu+sigma,2,32,100,1,0,100,200,300,0.024510624885559083,0.047082863807678225,0.002360742747783661,0.00566122867166996,2000,max_epochs,2.563554189982824
mu+sigma,2,32,100,1,1,101,201,301,0.012697297096252442,0.025947415113449095,0.0008183000460267067,0.0008391225710511208,2000,max_epochs,2.56216031499207
mu+sigma,2,32,100,1,2,102,202,302,0.0041124805808067325,0.006984750628471374,8.11176560819149e-05,5.116224201628938e-05,2000,max_epochs,2.565667852992192
mu+sigma,2,32,100,1,3,103,203,303,0.03912523698806763,0.0778225507736206,0.006521768748760224,0.01586015708744526,2000,max_epochs,2.5632345239864662
mu+sigma,2,32,100,1,4,104,204,304,0.0045775133073329925,0.007294593632221222,0.00012142200861126184,5.069835970061831e-05,2000,max_epochs,2.5637663929956034
mu+sigma,2,32,100,1,5,105,205,305,0.004569631099700927,0.007823975443840028,0.00010323781240731478,7.441567868227139e-05,2000,max_epochs,2.565305335971061
mu+sigma,2,32,100,1,6,106,206,306,0.004537777483463287,0.007744389116764069,0.00011704380065202712,6.433581438614056e-05,2000,max_epochs,2.563734962954186
mu+sigma,2,32,100,2,0,100,200,300,0.0043290238380432125,0.007625151038169861,9.155572764575482e-05,8.26131145004183e-05,2000,max_epochs,2.562910615990404
mu+sigma,2,32,100,2,1,101,201,301,0.003916704803705215,0.006899689435958862,8.10877326875925e-05,6.192462024046108e-05,2000,max_epochs,2.595303780050017
mu+sigma,2,32,100,2,2,102,202,302,0.004037826329469681,0.006987550139427185,8.318748790770769e-05,5.049694300396368e-05,2000,max_epochs,2.5974793289788067
mu+sigma,2,32,100,2,3,103,203,303,0.003934349536895752,0.006816377937793732,8.02661394700408e-05,6.081403262214735e-05,2000,max_epochs,2.598822088970337
mu+sigma,2,32,100,2,4,104,204,304,0.004600260078907013,0.007528691291809082,0.00012371908500790596,0.00011585039464989677,2000,max_epochs,2.5921382440137677
mu+sigma,2,32,100,2,5,105,205,305,0.00469957709312439,0.00775266295671463,0.00012267445120960475,7.094350439729169e-05,2000,max_epochs,2.5932258480461314
mu+sigma,2,32,100,2,6,106,206,306,0.004057083755731583,0.006999857187271118,8.405646961182356e-05,6.313846097327769e-05,2000,max_epochs,2.605924626986962
mu+sigma,2,32,100,3,0,100,200,300,0.004066297084093094,0.007095747172832489,9.375324752181768e-05,0.00010863560601137578,2000,max_epochs,2.59734258701792
mu+sigma,2,32,100,3,1,101,201,301,0.004986350417137146,0.009039751648902894,0.00011615574825555086,6.302032124949619e-05,2000,max_epochs,2.5980140939936973
mu+sigma,2,32,100,3,2,102,202,302,0.004054979026317597,0.006973265111446381,7.946429029107094e-05,5.080368646304123e-05,2000,max_epochs,2.5969744700123556
mu+sigma,2,32,100,3,3,103,203,303,0.003944325745105743,0.006904576539993286,7.87283768877387e-05,6.276951171457767e-05,2000,max_epochs,2.631135092000477
mu+sigma,2,32,100,3,4,104,204,304,0.004566525250673294,0.00730060088634491,0.00012563839834183455,5.278679964249022e-05,2000,max_epochs,2.6469495199853554
mu+sigma,2,32,100,3,5,105,205,305,0.004151307821273804,0.00756364506483078,0.0001005137199535966,7.364381599472836e-05,2000,max_epochs,2.6453956610057503
mu+sigma,2,32,100,3,6,106,206,306,0.004289180189371109,0.007539371788501739,9.242630563676358e-05,6.523098272737116e-05,2000,max_epochs,2.648058968014084
mu+sigma,2,32,100,4,0,100,200,300,0.004296792924404144,0.007563072562217712,8.975289855152369e-05,8.325423550559208e-05,2000,max_epochs,2.598736714979168
mu+sigma,2,32,100,4,1,101,201,301,0.0037794343531131745,0.0066406397223472595,7.565505802631378e-05,6.111873517511413e-05,2000,max_epochs,2.5937782069668174
mu+sigma,2,32,100,4,2,102,202,302,0.004342644482851029,0.00749327152967453,8.889174787327648e-05,6.254062463995069e-05,2000,max_epochs,2.600504558009561
mu+sigma,2,32,100,4,3,103,203,303,0.01866528379917145,0.0378079891204834,0.0016158749759197235,0.0010362182511016726,2000,max_epochs,2.582062220957596
mu+sigma,2,32,100,4,4,104,204,304,0.005405656397342682,0.009422301411628723,0.00017119347117841243,7.312713569262996e-05,2000,max_epochs,2.556372813996859
mu+sigma,2,32,100,4,5,105,205,305,0.004039926916360855,0.007023222208023071,8.7688815779984e-05,9.389079787069932e-05,2000,max_epochs,2.557598214945756
mu+sigma,2,32,100,4,6,106,206,306,0.004066919475793839,0.0070231807231903075,8.459934126585722e-05,6.351326737785712e-05,2000,max_epochs,2.549352062982507
mu+sigma,2,32,100,8,0,100,200,300,0.005802972435951233,0.010588494896888732,0.00015847465209662914,0.00023051004973240197,2000,max_epochs,2.5494960789801553
mu+sigma,2,32,100,8,1,101,201,301,0.003989845246076584,0.007080873072147369,8.238215371966362e-05,6.370313349179924e-05,2000,max_epochs,2.55720088299131
mu+sigma,2,32,100,8,2,102,202,302,0.004149042010307312,0.007033703625202179,8.284078445285559e-05,5.0647657189983875e-05,2000,max_epochs,2.5539350800099783
mu+sigma,2,32,100,8,3,103,203,303,0.0026225787699222566,0.0051805381178855895,4.420891124755144e-05,3.975239451392554e-05,2000,max_epochs,2.5771541760186665
mu+sigma,2,32,100,8,4,104,204,304,0.008127779185771943,0.01561565864086151,0.0003340149000287056,0.00023257343855220824,2000,max_epochs,2.5971186390379444
mu+sigma,2,32,100,8,5,105,205,305,0.00991192376613617,0.020277187347412108,0.0005119794607162476,0.0006503888289444149,2000,max_epochs,2.594849007029552
mu+sigma,2,32,100,8,6,106,206,306,0.004054965555667877,0.006935139656066894,8.546457719057799e-05,6.123764615040272e-05,2000,max_epochs,2.605982259963639
mu+sigma,2,32,1000,1,0,100,200,300,0.004146083533763886,0.007586022078990937,9.883698727935553e-05,9.417834517080336e-05,2000,max_epochs,10.385159973055124
mu+sigma,2,32,1000,1,1,101,201,301,0.00393243134021759,0.0069381452202796935,7.644731923937797e-05,7.461704150773585e-05,2000,max_epochs,10.261443375027739
mu+sigma,2,32,1000,1,2,102,202,302,0.008691775262355804,0.017174240946769715,0.0003622916787862778,0.00035215474711731076,2000,max_epochs,10.255064656026661
mu+sigma,2,32,1000,1,3,103,203,303,0.003614816904067993,0.006408153772354126,7.208465645089746e-05,6.897651898907498e-05,2000,max_epochs,10.266263110970613
mu+sigma,2,32,1000,1,4,104,204,304,0.008073656201362609,0.01647290849685669,0.0003631227053701878,0.00033093375014141204,2000,max_epochs,10.260922261979431
mu+sigma,2,32,1000,1,5,105,205,305,0.004616809099912644,0.00898693597316742,0.00013308590836822985,0.00012447990593500435,2000,max_epochs,10.236502093961462
mu+sigma,2,32,1000,1,6,106,206,306,0.0041740543842315675,0.007172981142997741,7.85261495038867e-05,8.55434164404869e-05,2000,max_epochs,10.23506565100979
mu+sigma,2,32,1000,2,0,100,200,300,0.004039287447929383,0.007228875875473022,8.056359831243754e-05,7.787411398021504e-05,2000,max_epochs,10.195852278964594
mu+sigma,2,32,1000,2,1,101,201,301,0.006884666562080383,0.013157634973526,0.0002103396877646446,0.00025164320273324845,2000,max_epochs,10.206800119020045
mu+sigma,2,32,1000,2,2,102,202,302,0.008245405197143554,0.016283289670944213,0.0003288988433778286,0.000319313061889261,2000,max_epochs,10.20155070599867
mu+sigma,2,32,1000,2,3,103,203,303,0.004824852049350739,0.009302407324314118,0.0001408846154808998,9.63867784012109e-05,2000,max_epochs,10.209838607988786
mu+sigma,2,32,1000,2,4,104,204,304,0.004010584592819214,0.0069986855983734135,7.259344588965178e-05,8.194300095783547e-05,2000,max_epochs,10.205595688021276
mu+sigma,2,32,1000,2,5,105,205,305,0.003588385075330734,0.0063719266653060914,6.969553651288151e-05,6.943630188470707e-05,2000,max_epochs,10.224780560005456
mu+sigma,2,32,1000,2,6,106,206,306,0.011955243706703186,0.02283676242828369,0.0006079831011593341,0.0007913602078333497,2000,max_epochs,10.199567239033058
mu+sigma,2,32,1000,3,0,100,200,300,0.006503802537918091,0.013133235812187194,0.00020187440514564514,0.00023053916194476186,2000,max_epochs,10.386649515014142
mu+sigma,2,32,1000,3,1,101,201,301,0.010245977878570556,0.020527159214019774,0.00046694764122366905,0.00031104348367080094,2000,max_epochs,10.427013747976162
mu+sigma,2,32,1000,3,2,102,202,302,0.006320035755634308,0.012294814109802247,0.00019346911087632178,0.0001899133000988513,2000,max_epochs,10.412798478966579
mu+sigma,2,32,1000,3,3,103,203,303,0.004541341781616211,0.008171232402324676,0.000100531293079257,0.00011879947304259985,2000,max_epochs,10.4223148470046
mu+sigma,2,32,1000,3,4,104,204,304,0.003745236188173294,0.007163617432117462,8.40511117130518e-05,7.837109995307401e-05,2000,max_epochs,10.434188254002947
mu+sigma,2,32,1000,3,5,105,205,305,0.0038340920805931093,0.0074951379299163816,9.263127483427524e-05,9.286952996626496e-05,2000,max_epochs,10.413069689006079
mu+sigma,2,32,1000,3,6,106,206,306,0.01182553505897522,0.022740761518478394,0.0005542542487382889,0.0008239293564110995,2000,max_epochs,10.147952589031775
mu+sigma,2,32,1000,4,0,100,200,300,0.0036892686188220976,0.007182853400707245,6.220632418990136e-05,4.1568893066141755e-05,2000,max_epochs,9.989331717020832
mu+sigma,2,32,1000,4,1,101,201,301,0.005935755133628845,0.011282509803771972,0.00016511373594403267,0.00017358216771390288,2000,max_epochs,10.206718416011427
mu+sigma,2,32,1000,4,2,102,202,302,0.008531546175479889,0.017029788255691528,0.00035580687224864957,0.00033706548530608416,2000,max_epochs,10.490473072975874
mu+sigma,2,32,1000,4,3,103,203,303,0.004177299201488495,0.00766021877527237,8.274034317582846e-05,9.039100783411413e-05,2000,max_epochs,10.4403373550158
mu+sigma,2,32,1000,4,4,104,204,304,0.00384702605009079,0.006907579421997071,8.543413039296865e-05,8.194169792113826e-05,2000,max_epochs,10.19815682200715
mu+sigma,2,32,1000,4,5,105,205,305,0.007554419577121735,0.014624792575836182,0.00026236522383987906,0.00020316960150375962,2000,max_epochs,10.278969140024856
mu+sigma,2,32,1000,4,6,106,206,306,0.003989416211843491,0.006939055740833282,7.564536854624749e-05,8.648793160682544e-05,2000,max_epochs,10.392260235967115
mu+sigma,2,32,1000,8,0,100,200,300,0.005932120978832245,0.011484213232994079,0.00016826315969228745,7.973712775856257e-05,2000,max_epochs,10.393741707957815
mu+sigma,2,32,1000,8,1,101,201,301,0.004093191862106323,0.007321862280368805,8.363466709852218e-05,8.033345843432471e-05,2000,max_epochs,10.40912429097807
mu+sigma,2,32,1000,8,2,102,202,302,0.012523664951324462,0.023533956050872804,0.0005734676495194435,0.004930331585928798,2000,max_epochs,10.410812224959955
mu+sigma,2,32,1000,8,3,103,203,303,0.0038019873797893525,0.006896790683269501,7.55043625831604e-05,7.63525862712413e-05,2000,max_epochs,10.757104714983143
mu+sigma,2,32,1000,8,4,104,204,304,0.00843879783153534,0.017306106090545656,0.00038224761188030245,0.00034587898082099857,2000,max_epochs,10.40546279703267
mu+sigma,2,32,1000,8,5,105,205,305,0.010890684723854065,0.021410041093826295,0.0005391680411994457,0.0005622655944898724,2000,max_epochs,10.397622376971412
mu+sigma,2,32,1000,8,6,106,206,306,0.014460554599761963,0.027780085563659667,0.0008743438273668289,0.0009542515138164163,2000,max_epochs,10.331896893971134
mu+sigma,2,64,5,1,0,100,200,300,0.004976897001266479,0.008652317345142364,0.0001370910983532667,9.229521538145491e-07,131,stopping_threshold,0.17087418003939092
mu+sigma,2,64,5,1,1,101,201,301,0.005591066300868988,0.00935389119386673,0.0001431520488113165,2.2986951080383733e-06,2000,max_epochs,2.5788025980000384
mu+sigma,2,64,5,1,2,102,202,302,0.017350229501724244,0.02289022493362427,0.001595731720328331,1.0908183867286425e-05,2000,max_epochs,2.612090852984693
mu+sigma,2,64,5,1,3,103,203,303,0.014256109714508056,0.01993320679664612,0.001099084548652172,2.2578258267458295e-06,2000,max_epochs,2.6333094960427843
mu+sigma,2,64,5,1,4,104,204,304,0.013081461906433105,0.01755827534198761,0.0008521900773048401,3.5275522805022774e-06,2000,max_epochs,2.6321331890067086
mu+sigma,2,64,5,1,5,105,205,305,0.0045958091616630555,0.008118170619010925,0.00011110745929181575,9.998556151913363e-07,1329,stopping_threshold,1.748954705952201
mu+sigma,2,64,5,1,6,106,206,306,0.0439408860206604,0.056216763496398925,0.009707002222537994,7.243950676638633e-06,2000,max_epochs,2.6330985330278054
mu+sigma,2,64,5,2,0,100,200,300,0.00548894476890564,0.009805032193660737,0.0001673514908179641,9.820125796977663e-07,120,stopping_threshold,0.15661270898999646
mu+sigma,2,64,5,2,1,101,201,301,0.005586056292057037,0.009472241163253785,0.000142795124091208,2.3920433704915922e-06,2000,max_epochs,2.600367814011406
mu+sigma,2,64,5,2,2,102,202,302,0.01962361168861389,0.02566759157180786,0.0020880008786916733,8.381293810089119e-06,2000,max_epochs,2.600641324999742
mu+sigma,2,64,5,2,3,103,203,303,0.01211575174331665,0.01688926911354065,0.0008103742524981499,4.832219929085113e-06,2000,max_epochs,2.6170104579650797
mu+sigma,2,64,5,2,4,104,204,304,0.013882400155067445,0.018628211975097658,0.0009443015307188034,4.103938863408985e-06,2000,max_epochs,2.609379355038982
mu+sigma,2,64,5,2,5,105,205,305,0.004549971371889114,0.008047298431396484,0.00010751573834568262,1.1524913361427025e-06,2000,max_epochs,2.609792956034653
mu+sigma,2,64,5,2,6,106,206,306,0.040786847591400145,0.052944188117980955,0.00807533746957779,9.978814432543004e-07,1727,stopping_threshold,2.2508143250015564
mu+sigma,2,64,5,3,0,100,200,300,0.005372779130935669,0.009616783320903778,0.00014932202361524105,9.94615334093396e-07,248,stopping_threshold,0.3248459490132518
mu+sigma,2,64,5,3,1,101,201,301,0.005561541318893432,0.00944409817457199,0.00014342735335230828,1.7803706668928498e-06,2000,max_epochs,2.550639235996641
mu+sigma,2,64,5,3,2,102,202,302,0.017602252721786497,0.023207568645477294,0.001632551223039627,1.2478230019041803e-05,2000,max_epochs,2.5545997000299394
mu+sigma,2,64,5,3,3,103,203,303,0.013366487741470336,0.01863818073272705,0.0009663212969899177,4.209293820167659e-06,2000,max_epochs,2.5494749640347436
mu+sigma,2,64,5,3,4,104,204,304,0.018921088457107545,0.03456055068969727,0.0014775034785270691,2.0555953597067855e-05,2000,max_epochs,2.5507051710155793
mu+sigma,2,64,5,3,5,105,205,305,0.005301745057106018,0.009125690698623658,0.0001481575733050704,9.999262147175614e-07,516,stopping_threshold,0.6606945110252127
mu+sigma,2,64,5,3,6,106,206,306,0.04953596258163452,0.06302886486053466,0.012566686868667602,8.247788173321169e-06,2000,max_epochs,2.553132804983761
mu+sigma,2,64,5,4,0,100,200,300,0.004797948390245437,0.008350852131843566,0.00012163105141371488,9.548510888635064e-07,122,stopping_threshold,0.15585090598324314
mu+sigma,2,64,5,4,1,101,201,301,0.0056237832903862,0.009717072188854217,0.00014325251895934342,9.984036068999558e-07,815,stopping_threshold,1.0414068649988621
mu+sigma,2,64,5,4,2,102,202,302,0.01931942296028137,0.025219123363494873,0.002019137904047966,9.266255801776424e-06,2000,max_epochs,2.5447126679937355
mu+sigma,2,64,5,4,3,103,203,303,0.012337837934494018,0.017248608112335206,0.0008296309560537338,4.0032855395111255e-06,2000,max_epochs,2.5493345520226285
mu+sigma,2,64,5,4,4,104,204,304,0.014460518836975097,0.019244518756866454,0.0010404082611203194,3.9133224163379055e-06,2000,max_epochs,2.546445254003629
mu+sigma,2,64,5,4,5,105,205,305,0.004851602911949158,0.008455455660820007,0.00012171048019081354,9.98016389530676e-07,483,stopping_threshold,0.6125023419735953
mu+sigma,2,64,5,4,6,106,206,306,0.0561881537437439,0.07175523471832275,0.015891218662261963,6.0812228184659034e-05,2000,max_epochs,2.5439972690073773
mu+sigma,2,64,5,8,0,100,200,300,0.004921621143817901,0.008791568219661712,0.000128454452380538,9.456966267862299e-07,115,stopping_threshold,0.1468216810026206
mu+sigma,2,64,5,8,1,101,201,301,0.005559252917766571,0.009485873222351074,0.00014359883032739163,9.995767413784051e-07,1320,stopping_threshold,1.686285350995604
mu+sigma,2,64,5,8,2,102,202,302,0.01934190082550049,0.025275928735733033,0.0020128741562366486,9.469476026424672e-06,2000,max_epochs,2.551521943998523
mu+sigma,2,64,5,8,3,103,203,303,0.017458829402923585,0.03215231084823608,0.0013232107758522035,0.0003842735895887017,2000,max_epochs,2.55397913698107
mu+sigma,2,64,5,8,4,104,204,304,0.013517762541770935,0.018071224451065064,0.0009093668386340141,3.902797743648989e-06,2000,max_epochs,2.5539144380018115
mu+sigma,2,64,5,8,5,105,205,305,0.004543764680624008,0.007844293773174285,9.002193994820118e-05,0.00043971455306746066,2000,max_epochs,2.5490254479809664
mu+sigma,2,64,5,8,6,106,206,306,0.04643046426773071,0.05936233854293823,0.010857030272483826,6.26771861789166e-06,2000,max_epochs,2.5542541000177152
mu+sigma,2,64,10,1,0,100,200,300,0.03472246074676514,0.07261433553695679,0.0066823229193687435,0.0026976519729942083,2000,max_epochs,2.573424978996627
mu+sigma,2,64,10,1,1,101,201,301,0.004945687174797058,0.008548882961273194,0.00012456038501113654,2.1955273041385226e-05,2000,max_epochs,2.552023403986823
mu+sigma,2,64,10,1,2,102,202,302,0.020142273426055908,0.02624506425857544,0.002562700629234314,3.206989731552312e-06,2000,max_epochs,2.537226874032058
mu+sigma,2,64,10,1,3,103,203,303,0.011375733375549316,0.017705023050308227,0.0006124925985932351,0.00016944606613833457,2000,max_epochs,2.5343989800312556
mu+sigma,2,64,10,1,4,104,204,304,0.007609487116336823,0.011730635046958923,0.0002817832808941603,2.2509850168717094e-05,2000,max_epochs,2.5300919659784995
mu+sigma,2,64,10,1,5,105,205,305,0.009513091087341309,0.014374403715133667,0.0005234562531113624,1.4413369171961676e-05,2000,max_epochs,2.5280873749870807
mu+sigma,2,64,10,1,6,106,206,306,0.003953778386116028,0.00696298748254776,7.64485765248537e-05,3.457012280705385e-05,2000,max_epochs,2.5320438490016386
mu+sigma,2,64,10,2,0,100,200,300,0.00916815584897995,0.020700287103652956,0.0010148365050554275,2.9947161237942055e-05,2000,max_epochs,2.5139389209798537
mu+sigma,2,64,10,2,1,101,201,301,0.004728847682476044,0.008471574664115905,0.00010962793976068497,2.8751464924425818e-05,2000,max_epochs,2.5201125309686176
mu+sigma,2,64,10,2,2,102,202,302,0.019668521165847778,0.025532251358032228,0.0024789914488792418,2.3367138055618852e-06,2000,max_epochs,2.534800591005478
mu+sigma,2,64,10,2,3,103,203,303,0.007420765280723572,0.01049852168560028,0.00032662806659936906,1.0830810424522497e-05,2000,max_epochs,2.5837171699968167
mu+sigma,2,64,10,2,4,104,204,304,0.009576149046421052,0.016920919775962828,0.0004203970320522785,5.996066101943143e-05,2000,max_epochs,2.5820713919820264
mu+sigma,2,64,10,2,5,105,205,305,0.00954866373538971,0.014123984813690186,0.0005162373296916485,1.5943734979373403e-05,2000,max_epochs,2.578610425000079
mu+sigma,2,64,10,2,6,106,206,306,0.007681350767612457,0.01469088351726532,0.00027751461416482926,0.00016985701222438365,2000,max_epochs,2.57796338602202
mu+sigma,2,64,10,3,0,100,200,300,0.009554502010345458,0.02176162254810333,0.001062037155032158,1.2760740901285317e-05,2000,max_epochs,2.5757792919757776
mu+sigma,2,64,10,3,1,101,201,301,0.004849494576454162,0.009050971269607544,0.00012109925039112568,3.505227869027294e-05,2000,max_epochs,2.5805449740146287
mu+sigma,2,64,10,3,2,102,202,302,0.018867904186248778,0.02458435297012329,0.0022320059984922407,2.696351657505147e-06,2000,max_epochs,2.581797058985103
mu+sigma,2,64,10,3,3,103,203,303,0.00848147577047348,0.01170888924598694,0.0004417872317135334,1.2763947779603768e-05,2000,max_epochs,2.5366977940429933
mu+sigma,2,64,10,3,4,104,204,304,0.0070347883701324465,0.011295674562454224,0.00023387520201504231,0.0023864356335252523,2000,max_epochs,2.506762593984604
mu+sigma,2,64,10,3,5,105,205,305,0.009653785824775695,0.014754266500473023,0.0005169210880994797,1.736653211992234e-05,2000,max_epochs,2.5286419710027985
mu+sigma,2,64,10,3,6,106,206,306,0.006835274457931519,0.013036346554756165,0.00022218583337962628,0.0003278144577052444,2000,max_epochs,2.529914597980678
mu+sigma,2,64,10,4,0,100,200,300,0.05185575151443481,0.10776293849945068,0.014085687041282654,0.0032902981620281935,2000,max_epochs,2.549172376981005
mu+sigma,2,64,10,4,1,101,201,301,0.004801924347877503,0.008449379742145538,0.00011651109717786312,2.1060021026642062e-05,2000,max_epochs,2.557896193000488
mu+sigma,2,64,10,4,2,102,202,302,0.018943386793136598,0.024738270759582518,0.00221120211482048,3.5077755455859005e-06,2000,max_epochs,2.544996303971857
mu+sigma,2,64,10,4,3,103,203,303,0.006931129038333893,0.009958428859710693,0.0002663724720478058,1.373974828311475e-05,2000,max_epochs,2.5782938709598966
mu+sigma,2,64,10,4,4,104,204,304,0.009281964361667634,0.013638433933258056,0.00046860473975539205,2.0422699890332296e-05,2000,max_epochs,2.613023407990113
mu+sigma,2,64,10,4,5,105,205,305,0.010502617239952088,0.016108464002609253,0.0006003801673650741,1.9176015484845266e-05,2000,max_epochs,2.6146398090058938
mu+sigma,2,64,10,4,6,106,206,306,0.004108852297067642,0.007108085691928863,7.568092457950116e-05,2.745880738075357e-05,2000,max_epochs,2.6115658979979344
mu+sigma,2,64,10,8,0,100,200,300,0.00618375164270401,0.011595524311065674,0.000251477999612689,1.4051011930860113e-05,2000,max_epochs,2.605201040976681
mu+sigma,2,64,10,8,1,101,201,301,0.005234853804111481,0.009120771467685699,0.00013826060295104981,3.022975943167694e-05,2000,max_epochs,2.578570676036179
mu+sigma,2,64,10,8,2,102,202,302,0.01950682330131531,0.025365731954574585,0.0024466179609298707,2.2281415112956893e-06,2000,max_epochs,2.5770170020405203
mu+sigma,2,64,10,8,3,103,203,303,0.00711653345823288,0.010600825428962707,0.0002728793304413557,1.987732684938237e-05,2000,max_epochs,2.576659117010422
mu+sigma,2,64,10,8,4,104,204,304,0.011381359577178955,0.016271353244781493,0.0007340014055371285,1.708416675683111e-05,2000,max_epochs,2.599477385985665
mu+sigma,2,64,10,8,5,105,205,305,0.03034665584564209,0.05609116077423096,0.0035369675159454346,0.0010969637660309672,2000,max_epochs,2.6105996550177224
mu+sigma,2,64,10,8,6,106,206,306,0.0398339352607727,0.08046012496948242,0.007142996668815613,0.004003553185611963,2000,max_epochs,2.607138122955803
mu+sigma,2,64,100,1,0,100,200,300,0.16749124336242677,0.3234453392028809,0.10727653408050537,0.00733641954138875,2000,max_epochs,2.663072036986705
mu+sigma,2,64,100,1,1,101,201,301,0.2071796112060547,0.40868445205688475,0.17494571495056152,0.0026158380787819624,2000,max_epochs,2.6586345179821365
mu+sigma,2,64,100,1,2,102,202,302,0.003857882022857666,0.006678919076919556,7.289211358875036e-05,5.572477311943658e-05,2000,max_epochs,2.672210122051183
mu+sigma,2,64,100,1,3,103,203,303,0.005311769425868988,0.009838867068290711,0.00012967982608824968,7.199891842901707e-05,2000,max_epochs,2.6565940970322117
mu+sigma,2,64,100,1,4,104,204,304,0.004320826411247253,0.007377975881099701,9.189205802977086e-05,6.901806773385033e-05,2000,max_epochs,2.6609032270498574
mu+sigma,2,64,100,1,5,105,205,305,0.004158648610115051,0.0072454439997673035,8.019717317074537e-05,8.073959179455414e-05,2000,max_epochs,2.655149578989949
mu+sigma,2,64,100,1,6,106,206,306,0.003897730052471161,0.007042208969593048,7.2519994340837e-05,6.2087296100799e-05,2000,max_epochs,2.6568643579958007
mu+sigma,2,64,100,2,0,100,200,300,0.0038760986328125,0.007069610893726349,7.238581217825413e-05,6.253968604141846e-05,2000,max_epochs,2.6037063660332933
mu+sigma,2,64,100,2,1,101,201,301,0.003783363223075867,0.0067911332845687865,7.356489542871714e-05,6.249945727176964e-05,2000,max_epochs,2.5868505270336755
mu+sigma,2,64,100,2,2,102,202,302,0.004007747739553451,0.006858982682228089,7.430449593812227e-05,5.434329068521038e-05,2000,max_epochs,2.5907021689927205
mu+sigma,2,64,100,2,3,103,203,303,0.00379640594124794,0.0065774860978126525,7.039216766133905e-05,5.9384274209151044e-05,2000,max_epochs,2.588717278034892
mu+sigma,2,64,100,2,4,104,204,304,0.004779131174087525,0.007883658111095428,0.00012867533508688212,6.554488209076226e-05,2000,max_epochs,2.5283166950102895
mu+sigma,2,64,100,2,5,105,205,305,0.004027828902006149,0.0069197586774826046,7.691527530550957e-05,7.929922867333516e-05,2000,max_epochs,2.500864822010044
mu+sigma,2,64,100,2,6,106,206,306,0.0039061516523361205,0.007054208099842071,7.195569202303886e-05,6.136485899332911e-05,2000,max_epochs,2.504302049987018
mu+sigma,2,64,100,3,0,100,200,300,0.023855733156204224,0.04762137222290039,0.0024963192641735076,0.0015827164752408862,2000,max_epochs,2.504526335047558
mu+sigma,2,64,100,3,1,101,201,301,0.040154224395751954,0.08069694900512696,0.007066597282886505,0.0066399662755429745,2000,max_epochs,2.50309545599157
mu+sigma,2,64,100,3,2,102,202,302,0.0038575339615345003,0.006748655915260315,7.048468431457877e-05,5.736180901294574e-05,2000,max_epochs,2.504322675988078
mu+sigma,2,64,100,3,3,103,203,303,0.0040100040435791014,0.007367818176746368,9.082542918622494e-05,8.850312588037923e-05,2000,max_epochs,2.4999816470080987
mu+sigma,2,64,100,3,4,104,204,304,0.004053643137216568,0.006979529500007629,7.34104155562818e-05,7.275339885381982e-05,2000,max_epochs,2.505363718024455
mu+sigma,2,64,100,3,5,105,205,305,0.004054655492305756,0.007007454037666321,7.548945117741823e-05,7.737259875284508e-05,2000,max_epochs,2.502590397023596
mu+sigma,2,64,100,3,6,106,206,306,0.01667749238014221,0.03321724557876587,0.0012648632079362869,0.0002816501073539257,2000,max_epochs,2.5084878119523637
mu+sigma,2,64,100,4,0,100,200,300,0.0038008725345134737,0.0069396085739135745,7.038677018135786e-05,6.202729855431244e-05,2000,max_epochs,2.500222171016503
mu+sigma,2,64,100,4,1,101,201,301,0.004281627595424652,0.007284870266914368,0.00011730088666081429,5.81323001824785e-05,2000,max_epochs,2.5038859770284034
mu+sigma,2,64,100,4,2,102,202,302,0.004193243324756622,0.007365278661251068,8.115931320935488e-05,6.475796544691548e-05,2000,max_epochs,2.503128609037958
mu+sigma,2,64,100,4,3,103,203,303,0.0037419697642326354,0.006538201451301575,7.089619804173708e-05,5.970356869511306e-05,2000,max_epochs,2.5047225920134224
mu+sigma,2,64,100,4,4,104,204,304,0.00435114449262619,0.007177297115325928,9.966192208230495e-05,6.383329309755936e-05,2000,max_epochs,2.4998750030063093
mu+sigma,2,64,100,4,5,105,205,305,0.00391969433426857,0.00659019684791565,7.608614396303892e-05,7.854984141886234e-05,2000,max_epochs,2.502133837027941
mu+sigma,2,64,100,4,6,106,206,306,0.003806064039468765,0.006787963032722473,6.95956782437861e-05,6.049003786756657e-05,2000,max_epochs,2.50281920802081
mu+sigma,2,64,100,8,0,100,200,300,0.003757551610469818,0.0067944321632385256,6.856890488415957e-05,6.031328302924521e-05,2000,max_epochs,2.5455606280011125
mu+sigma,2,64,100,8,1,101,201,301,0.003858324855566025,0.00699495142698288,7.632523681968451e-05,6.564430805156007e-05,2000,max_epochs,2.49941745295655
mu+sigma,2,64,100,8,2,102,202,302,0.0038577626645565034,0.006680272221565246,6.946821510791779e-05,5.56698432774283e-05,2000,max_epochs,2.505156347004231
mu+sigma,2,64,100,8,3,103,203,303,0.0038503175377845762,0.006807713627815247,7.115820795297622e-05,6.46508633508347e-05,2000,max_epochs,2.529747018008493
mu+sigma,2,64,100,8,4,104,204,304,0.0044878491163253785,0.007491896152496338,0.00010121626313775777,6.745357677573338e-05,2000,max_epochs,2.5075518210069276
mu+sigma,2,64,100,8,5,105,205,305,0.007034008800983429,0.013261207580566406,0.00022414133325219154,0.00013809856318403035,2000,max_epochs,2.504928785027005
mu+sigma,2,64,100,8,6,106,206,306,0.003770434528589249,0.006710581839084625,6.881272932514549e-05,5.9555208281381056e-05,2000,max_epochs,2.50189853500342
mu+sigma,2,64,1000,1,0,100,200,300,0.013262533903121949,0.026928487300872803,0.0008503125756978988,0.0006471736989915371,2000,max_epochs,10.068585472996347
mu+sigma,2,64,1000,1,1,101,201,301,0.0073785800933837895,0.01445234727859497,0.00026655587553977965,0.00030459352815523746,2000,max_epochs,10.057511317019816
mu+sigma,2,64,1000,1,2,102,202,302,0.004134507268667221,0.007670164823532105,8.195400424301624e-05,0.0001674628485343419,2000,max_epochs,10.068572585005313
mu+sigma,2,64,1000,1,3,103,203,303,0.0035753827393054964,0.006361570000648498,6.747444253414869e-05,6.363134749699384e-05,2000,max_epochs,10.069238302996382
mu+sigma,2,64,1000,1,4,104,204,304,0.007915023505687714,0.016039826273918152,0.0003534439355134964,0.00032261603232473134,2000,max_epochs,10.038544061011635
mu+sigma,2,64,1000,1,5,105,205,305,0.003825472593307495,0.006785995304584503,6.867768103256821e-05,6.734131154371425e-05,2000,max_epochs,10.077458710002247
mu+sigma,2,64,1000,1,6,106,206,306,0.004473531424999237,0.008330411195755005,0.00010642796847969293,0.00037621239922009406,2000,max_epochs,10.071414822014049
mu+sigma,2,64,1000,2,0,100,200,300,0.006279149413108825,0.012723851799964905,0.00023114587180316447,0.00019787070946767927,2000,max_epochs,10.009209270996507
mu+sigma,2,64,1000,2,1,101,201,301,0.00829927408695221,0.016309537172317506,0.0003319522179663181,0.00038294447492808105,2000,max_epochs,9.999862770026084
mu+sigma,2,64,1000,2,2,102,202,302,0.010720670342445374,0.021546447038650513,0.0005627143681049347,0.0005116734160110354,2000,max_epochs,9.996604899002705
mu+sigma,2,64,1000,2,3,103,203,303,0.01598485028743744,0.032057174682617186,0.0011390474289655686,0.0004388896273449063,2000,max_epochs,10.007954425003845
mu+sigma,2,64,1000,2,4,104,204,304,0.06836641025543212,0.1381302833557129,0.021047569274902343,0.008703573301434517,2000,max_epochs,10.313506088976283
mu+sigma,2,64,1000,2,5,105,205,305,0.00556480073928833,0.010428981184959411,0.0001489826161414385,0.00019338920642621816,2000,max_epochs,10.345325700007379
mu+sigma,2,64,1000,2,6,106,206,306,0.012660531997680665,0.0248382830619812,0.0007070423513650894,0.0006998370001092553,2000,max_epochs,10.383787574013695
mu+sigma,2,64,1000,3,0,100,200,300,0.002714903771877289,0.00545109623670578,4.077846650034189e-05,2.7315498504322022e-05,2000,max_epochs,10.360942832019646
mu+sigma,2,64,1000,3,1,101,201,301,0.003763454884290695,0.00662301766872406,6.735194427892565e-05,6.620190036483108e-05,2000,max_epochs,10.345049742027186
mu+sigma,2,64,1000,3,2,102,202,302,0.009946439385414124,0.01995159077644348,0.00048355360701680185,0.0004913010727614164,2000,max_epochs,10.392859735002276
mu+sigma,2,64,1000,3,3,103,203,303,0.014829375386238098,0.029286291122436522,0.000911847785115242,0.0005807228786870837,2000,max_epochs,10.467531892994884
mu+sigma,2,64,1000,3,4,104,204,304,0.0016997806429862976,0.0031703838407993318,1.625608606263995e-05,0.00011118773494672496,2000,max_epochs,10.174005139968358
mu+sigma,2,64,1000,3,5,105,205,305,0.008098975479602814,0.015919213771820068,0.0003032940253615379,0.0005567757948301733,2000,max_epochs,10.168292348040268
mu+sigma,2,64,1000,3,6,106,206,306,0.004234464913606644,0.00789559131860733,8.614796772599221e-05,0.0003644666212494485,2000,max_epochs,10.402865817013662
mu+sigma,2,64,1000,4,0,100,200,300,0.0037662152349948884,0.006827952921390533,7.133593037724495e-05,7.284503430128097e-05,2000,max_epochs,10.394782160990871
mu+sigma,2,64,1000,4,1,101,201,301,0.007547078311443329,0.014713222742080688,0.0002712734695523977,0.00031518679950386287,2000,max_epochs,10.365925748017617
mu+sigma,2,64,1000,4,2,102,202,302,0.008596693396568298,0.01727342653274536,0.0003647257350385189,0.0003536192043684423,2000,max_epochs,10.392616530996747
mu+sigma,2,64,1000,4,3,103,203,303,0.0031873702704906465,0.005880529403686523,5.9179786127060655e-05,5.2965251787099984e-05,2000,max_epochs,10.397697564971168
mu+sigma,2,64,1000,4,4,104,204,304,0.002755609631538391,0.005533591508865356,4.618978267535567e-05,3.586416563484818e-05,2000,max_epochs,10.417063684028108
mu+sigma,2,64,1000,4,5,105,205,305,0.011984154224395752,0.023880889892578125,0.0006233290284872055,0.0008635901985689998,2000,max_epochs,10.4039570929599
mu+sigma,2,64,1000,4,6,106,206,306,0.003471147745847702,0.006189131736755371,5.8469020761549474e-05,5.948147887829691e-05,2000,max_epochs,10.405209130956791
mu+sigma,2,64,1000,8,0,100,200,300,0.0023509374260902403,0.00473258227109909,3.116838657297194e-05,5.5738119466695936e-05,2000,max_epochs,10.473822864994872
mu+sigma,2,64,1000,8,1,101,201,301,0.0040191013514995575,0.00738285893201828,7.410475704818963e-05,7.621940574608743e-05,2000,max_epochs,10.452268446038943
mu+sigma,2,64,1000,8,2,102,202,302,0.0038181537687778473,0.008013436615467072,0.00010402475576847792,7.727312610950321e-05,2000,max_epochs,10.55434749199776
mu+sigma,2,64,1000,8,3,103,203,303,0.0036581193208694456,0.006538801372051239,6.577948713675141e-05,6.614358094520867e-05,2000,max_epochs,10.595406915002968
mu+sigma,2,64,1000,8,4,104,204,304,0.008197205901145935,0.016769362688064574,0.00037290128320455554,0.0003557204003445804,2000,max_epochs,10.602819376974367
mu+sigma,2,64,1000,8,5,105,205,305,0.007852953910827637,0.015290624499320983,0.00028370541334152223,0.0010751407905481756,2000,max_epochs,10.583075447008014
mu+sigma,2,64,1000,8,6,106,206,306,0.003682924449443817,0.006437000691890717,6.690217508003115e-05,7.145509525435045e-05,2000,max_epochs,10.60895934299333
mu+sigma,2,128,5,1,0,100,200,300,0.0063316144347190855,0.011438624262809753,0.00021476262621581555,1.5078942396939965e-06,2000,max_epochs,2.6294911459553987
mu+sigma,2,128,5,1,1,101,201,301,0.005967774212360382,0.010095955967903138,0.00016612105816602707,1.351262994830904e-06,2000,max_epochs,2.625243622052949
mu+sigma,2,128,5,1,2,102,202,302,0.060565263748168945,0.07521324920654297,0.027769601345062254,5.563738341152202e-06,2000,max_epochs,2.633358186983969
mu+sigma,2,128,5,1,3,103,203,303,0.038639181613922116,0.06916159296035766,0.005106539130210876,0.004253322258591652,2000,max_epochs,2.63250191998668
mu+sigma,2,128,5,1,4,104,204,304,0.014925865411758422,0.020034218192100526,0.0010866029337048531,2.2101269223639974e-06,2000,max_epochs,2.629074086959008
mu+sigma,2,128,5,1,5,105,205,305,0.00441530242562294,0.008256244122982025,0.00011556979361921549,9.99641315502231e-07,462,stopping_threshold,0.6079328099731356
mu+sigma,2,128,5,1,6,106,206,306,0.037278901338577274,0.04794021987915039,0.007112097680568695,3.0894614155840827e-06,2000,max_epochs,2.631627655006014
mu+sigma,2,128,5,2,0,100,200,300,0.0055832209587097165,0.00937630808353424,0.00017274338565766812,1.986395773201366e-06,2000,max_epochs,2.6001962440204807
mu+sigma,2,128,5,2,1,101,201,301,0.006012474536895752,0.010300503730773927,0.0001716506090015173,9.986172244680347e-07,1995,stopping_threshold,2.587525639042724
mu+sigma,2,128,5,2,2,102,202,302,0.05519493103027344,0.06871971607208252,0.022093209981918334,3.1990771276468877e-06,2000,max_epochs,2.57781506102765
mu+sigma,2,128,5,2,3,103,203,303,0.011610295176506042,0.01637606108188629,0.0006898615211248397,5.22815435033408e-06,2000,max_epochs,2.5812266870052554
mu+sigma,2,128,5,2,4,104,204,304,0.015282882809638977,0.02120760726928711,0.001114809438586235,1.1121808711322956e-05,2000,max_epochs,2.5768618030124344
mu+sigma,2,128,5,2,5,105,205,305,0.004427599579095841,0.008056094408035279,0.00010846809390932322,9.999536132454523e-07,1320,stopping_threshold,1.6993943139677867
mu+sigma,2,128,5,2,6,106,206,306,0.0367494478225708,0.047497734069824216,0.006826206207275391,9.979629567169468e-07,1533,stopping_threshold,1.972037021012511
mu+sigma,2,128,5,3,0,100,200,300,0.005348795711994171,0.009143580853939057,0.0001566471355035901,1.548004888718424e-06,2000,max_epochs,2.571163242973853
mu+sigma,2,128,5,3,1,101,201,301,0.005900227606296539,0.010091722130775452,0.0001602658685296774,9.99937356027658e-07,1749,stopping_threshold,2.2555305790156126
mu+sigma,2,128,5,3,2,102,202,302,0.07374637031555176,0.09147251987457275,0.04250895500183106,2.7145219974045176e-06,2000,max_epochs,2.5717933870037086
mu+sigma,2,128,5,3,3,103,203,303,0.011960784316062928,0.018495302200317382,0.0006407487839460373,2.434946145513095e-05,2000,max_epochs,2.5765799199580215
mu+sigma,2,128,5,3,4,104,204,304,0.031211792945861818,0.06567153358459472,0.005382344543933868,0.0014832314336672425,2000,max_epochs,2.579033388989046
mu+sigma,2,128,5,3,5,105,205,305,0.005260279536247254,0.009273780584335327,0.00015587739832699298,9.96428184407705e-07,290,stopping_threshold,0.37344815500546247
mu+sigma,2,128,5,3,6,106,206,306,0.03810210967063904,0.04902281427383423,0.007560772776603698,8.14775012258906e-06,2000,max_epochs,2.57499979599379
mu+sigma,2,128,5,4,0,100,200,300,0.006124927222728729,0.010946086645126342,0.0002034936062991619,1.1785590459112427e-06,2000,max_epochs,2.575452574994415
mu+sigma,2,128,5,4,1,101,201,301,0.005851098299026489,0.010175915002822876,0.00015896446630358696,9.98949531094695e-07,712,stopping_threshold,0.917558484012261
mu+sigma,2,128,5,4,2,102,202,302,0.06118378019332886,0.07591261672973633,0.027525920867919922,5.562014393944992e-06,2000,max_epochs,2.567209123983048
mu+sigma,2,128,5,4,3,103,203,303,0.016386054992675782,0.0246786425113678,0.0011114688739180564,0.0003220084181521088,2000,max_epochs,2.5759829479502514
mu+sigma,2,128,5,4,4,104,204,304,0.08610687637329102,0.15990321350097655,0.026108788013458253,0.02969704568386078,2000,max_epochs,2.5760805410100147
mu+sigma,2,128,5,4,5,105,205,305,0.005021489322185517,0.00896767520904541,0.00013782987557351588,9.996085736929672e-07,464,stopping_threshold,0.5984200689708814
mu+sigma,2,128,5,4,6,106,206,306,0.03901571798324585,0.05232041454315185,0.0075419902801513675,0.0004214690998196602,2000,max_epochs,2.5787667649565265
mu+sigma,2,128,5,8,0,100,200,300,0.005672935426235199,0.009681136786937713,0.00017651898227632047,1.2903765309602022e-06,2000,max_epochs,2.5754476719885133
mu+sigma,2,128,5,8,1,101,201,301,0.005924274682998657,0.010071797490119935,0.00016129246540367602,9.999547501138295e-07,598,stopping_threshold,0.768157729995437
mu+sigma,2,128,5,8,2,102,202,302,0.07676895761489869,0.09533883190155029,0.04547917890548706,3.0040562251087977e-06,2000,max_epochs,2.5758797540329397
mu+sigma,2,128,5,8,3,103,203,303,0.015353538990020753,0.022844077110290528,0.0010028793290257454,0.0013022609055042267,2000,max_epochs,2.5468891970231198
mu+sigma,2,128,5,8,4,104,204,304,0.01565540850162506,0.020992128610610963,0.0011976195797324181,2.4096261768136173e-06,2000,max_epochs,2.5022987620322965
mu+sigma,2,128,5,8,5,105,205,305,0.009569005966186523,0.01846473741531372,0.00041781794652342796,0.0002850437304005027,2000,max_epochs,2.507236715988256
mu+sigma,2,128,5,8,6,106,206,306,0.036002809524536133,0.046441976547241214,0.006535651206970215,6.559342637046939e-06,2000,max_epochs,2.5108026030356996
mu+sigma,2,128,10,1,0,100,200,300,0.009748059570789338,0.022680809020996093,0.0011691725999116898,4.7269772039726377e-05,2000,max_epochs,2.553144953039009
mu+sigma,2,128,10,1,1,101,201,301,0.011665989518165588,0.0235992751121521,0.0006991012692451477,0.00048750752466730773,2000,max_epochs,2.549094756017439
mu+sigma,2,128,10,1,2,102,202,302,0.035901930809020995,0.04536884832382202,0.008353084683418274,2.7539560960576637e-06,2000,max_epochs,2.552177435019985
mu+sigma,2,128,10,1,3,103,203,303,0.014323341369628905,0.02465480375289917,0.0009157306030392647,0.0002912633353844285,2000,max_epochs,2.5459476489922963
mu+sigma,2,128,10,1,4,104,204,304,0.006301698207855225,0.009792386651039124,0.00018651694618165493,2.9846685720258392e-05,2000,max_epochs,2.5546654229983687
mu+sigma,2,128,10,1,5,105,205,305,0.01604638874530792,0.021887145519256593,0.001929529070854187,6.31302600595518e-06,2000,max_epochs,2.552029538026545
mu+sigma,2,128,10,1,6,106,206,306,0.0038168822526931765,0.006825601875782013,7.329364819452166e-05,2.3654643882764503e-05,2000,max_epochs,2.5494148110155948
mu+sigma,2,128,10,2,0,100,200,300,0.022572126388549805,0.05050672388076782,0.004265991806983948,0.0005595484981313348,2000,max_epochs,2.536270960001275
mu+sigma,2,128,10,2,1,101,201,301,0.005179644107818604,0.009049601495265961,0.00012417315877974032,2.871071956178639e-05,2000,max_epochs,2.5321096010156907
mu+sigma,2,128,10,2,2,102,202,302,0.03683689975738525,0.04944613409042358,0.007173970818519592,0.00012313737533986568,2000,max_epochs,2.5205259890062734
mu+sigma,2,128,10,2,3,103,203,303,0.006875059366226196,0.009996899724006653,0.0002965827062726021,5.40199653187301e-06,2000,max_epochs,2.5329011760186404
mu+sigma,2,128,10,2,4,104,204,304,0.007341035962104797,0.011306453585624696,0.0002752202805131674,2.8462023692554794e-05,2000,max_epochs,2.5239451979869045
mu+sigma,2,128,10,2,5,105,205,305,0.016552977323532104,0.023148836612701416,0.001977072313427925,6.532751285703853e-06,2000,max_epochs,2.5412197369732894
mu+sigma,2,128,10,2,6,106,206,306,0.010534653186798096,0.020659773349761962,0.0005234063081443309,0.00039167539216578007,2000,max_epochs,2.5406478790100664
mu+sigma,2,128,10,3,0,100,200,300,0.010284467935562133,0.024016350269317626,0.0013334714099764824,3.833867140201619e-06,2000,max_epochs,2.5397744110086933
mu+sigma,2,128,10,3,1,101,201,301,0.005205909848213196,0.009138384342193603,0.00012717743124812843,3.303930498077534e-05,2000,max_epochs,2.53503525396809
mu+sigma,2,128,10,3,2,102,202,302,0.03591868209838867,0.04533912801742554,0.008395592272281647,2.7737903565139277e-06,2000,max_epochs,2.5413548999931663
mu+sigma,2,128,10,3,3,103,203,303,0.007087268650531769,0.010468079686164856,0.0002572789769619703,3.239944635424763e-05,2000,max_epochs,2.544155800016597
mu+sigma,2,128,10,3,4,104,204,304,0.0093670734167099,0.01366960346698761,0.0004672801233828068,1.855479604273569e-05,2000,max_epochs,2.5396622529951856
mu+sigma,2,128,10,3,5,105,205,305,0.01699388003349304,0.022639941930770874,0.002476419985294342,9.524342203803826e-06,2000,max_epochs,2.541968065954279
mu+sigma,2,128,10,3,6,106,206,306,0.007366997361183167,0.014571812510490417,0.00027698414772748945,0.00020054458582308143,2000,max_epochs,2.5859075900516473
mu+sigma,2,128,10,4,0,100,200,300,0.009958886802196502,0.02369723582267761,0.001342199295759201,1.1209725926164538e-05,2000,max_epochs,2.538254609971773
mu+sigma,2,128,10,4,1,101,201,301,0.004815571188926697,0.008172741174697877,0.00011409258842468261,2.1425983504741453e-05,2000,max_epochs,2.5420710829785094
mu+sigma,2,128,10,4,2,102,202,302,0.03273557949066162,0.04159174776077271,0.006692590832710266,2.7369267172616674e-06,2000,max_epochs,2.5397573160007596
mu+sigma,2,128,10,4,3,103,203,303,0.00928395938873291,0.01649052679538727,0.0003718788921833038,0.00014982746506575495,2000,max_epochs,2.566014169016853
mu+sigma,2,128,10,4,4,104,204,304,0.0069940917491912846,0.010808948397636414,0.00024208029545843602,2.363805651839357e-05,2000,max_epochs,2.5963168480084278
mu+sigma,2,128,10,4,5,105,205,305,0.01732546055316925,0.023742676258087157,0.00238140632212162,6.689002475468442e-06,2000,max_epochs,2.6026912259985693
mu+sigma,2,128,10,4,6,106,206,306,0.0037089160680770874,0.006559358894824982,7.158033084124327e-05,1.4978730177972466e-05,2000,max_epochs,2.600136900029611
mu+sigma,2,128,10,8,0,100,200,300,0.02367345356941223,0.045702474117279054,0.0022301749885082246,0.0005566386389546096,2000,max_epochs,2.596029063977767
mu+sigma,2,128,10,8,1,101,201,301,0.005630974113941193,0.009735832929611206,0.00016208592988550664,2.5564808311173692e-05,2000,max_epochs,2.5936038669897243
mu+sigma,2,128,10,8,2,102,202,302,0.034575873136520385,0.04375776243209839,0.00763890141248703,2.5976685265050037e-06,2000,max_epochs,2.5375147609738633
mu+sigma,2,128,10,8,3,103,203,303,0.008821109175682068,0.01434999930858612,0.0003519929461181164,3.882892633555457e-05,2000,max_epochs,2.532033928029705
mu+sigma,2,128,10,8,4,104,204,304,0.009264884948730468,0.013414424061775208,0.00045350372418761256,2.6654504836187698e-05,2000,max_epochs,2.5343087750370614
mu+sigma,2,128,10,8,5,105,205,305,0.017563685059547425,0.025104802131652833,0.0020725264847278593,2.0630182916647755e-05,2000,max_epochs,2.534717327042017
mu+sigma,2,128,10,8,6,106,206,306,0.0037425288558006285,0.006640807509422302,7.589619513601064e-05,1.5519035514444113e-05,2000,max_epochs,2.5315711179864593
mu+sigma,2,128,100,1,0,100,200,300,0.007628420054912567,0.015035770535469055,0.0002974765971302986,0.000194472202565521,2000,max_epochs,2.5666201200219803
mu+sigma,2,128,100,1,1,101,201,301,0.028072401285171508,0.05643585872650146,0.003507518231868744,0.002512336941435933,2000,max_epochs,2.563192886998877
mu+sigma,2,128,100,1,2,102,202,302,0.004300807029008865,0.0071340913772583005,8.149760030210018e-05,5.0392623961670324e-05,2000,max_epochs,2.5675696650287136
mu+sigma,2,128,100,1,3,103,203,303,0.020322044134140016,0.04084298133850098,0.0018576359450817109,0.001299403142184019,2000,max_epochs,2.565238673996646
mu+sigma,2,128,100,1,4,104,204,304,0.0039680304229259495,0.006933104276657104,6.9778838660568e-05,7.631777407368645e-05,2000,max_epochs,2.5664704410010017
mu+sigma,2,128,100,1,5,105,205,305,0.003799225866794586,0.006743478775024414,7.332344073802233e-05,7.460040069418028e-05,2000,max_epochs,2.5603443150175735
mu+sigma,2,128,100,1,6,106,206,306,0.0037662777900695802,0.006880033254623413,7.006597146391868e-05,5.877748117200099e-05,2000,max_epochs,2.5711136540048756
mu+sigma,2,128,100,2,0,100,200,300,0.003915458977222443,0.0070110315680503845,7.221907237544656e-05,6.47146807750687e-05,2000,max_epochs,2.5557736000046134
mu+sigma,2,128,100,2,1,101,201,301,0.0038547455072402955,0.00681660521030426,7.324364222586155e-05,5.886488361284137e-05,2000,max_epochs,2.5498457239591517
mu+sigma,2,128,100,2,2,102,202,302,0.0043844905793666835,0.0072295920252799985,8.534852229058743e-05,4.93949482915923e-05,2000,max_epochs,2.5574782739859074
mu+sigma,2,128,100,2,3,103,203,303,0.003776089280843735,0.006638096928596496,7.24027557298541e-05,4.802925468538888e-05,2000,max_epochs,2.5799927939660847
mu+sigma,2,128,100,2,4,104,204,304,0.004159135282039642,0.007146926283836365,7.924509886652231e-05,7.250656199175864e-05,2000,max_epochs,2.616951358038932
mu+sigma,2,128,100,2,5,105,205,305,0.003899684727191925,0.006718325138092041,7.572762295603752e-05,6.736094655934721e-05,2000,max_epochs,2.6119844440254383
mu+sigma,2,128,100,2,6,106,206,306,0.003591486245393753,0.006426469624042511,6.483623152598739e-05,5.815814438392408e-05,2000,max_epochs,2.6124423390137963
mu+sigma,2,128,100,3,0,100,200,300,0.0036969691812992096,0.006594404578208923,7.38159236498177e-05,7.013751019258052e-05,2000,max_epochs,2.6375311210285872
mu+sigma,2,128,100,3,1,101,201,301,0.010456246376037598,0.02085903310775757,0.0005271633118391037,0.00047600778634659946,2000,max_epochs,2.553368256019894
mu+sigma,2,128,100,3,2,102,202,302,0.004261389374732971,0.007170320689678192,7.986940536648035e-05,5.199012593948282e-05,2000,max_epochs,2.555598811013624
mu+sigma,2,128,100,3,3,103,203,303,0.003793043255805969,0.006608736932277679,7.794465497136116e-05,4.698436532635242e-05,2000,max_epochs,2.552923657000065
mu+sigma,2,128,100,3,4,104,204,304,0.013358687400817871,0.027243882179260253,0.0008760027289390564,0.0007935742614790797,2000,max_epochs,2.554358957975637
mu+sigma,2,128,100,3,5,105,205,305,0.0036667773723602294,0.006296562194824219,7.065498037263751e-05,6.81441742926836e-05,2000,max_epochs,2.559140262019355
mu+sigma,2,128,100,3,6,106,206,306,0.005327280938625336,0.010158554792404175,0.00016508026048541068,6.165369995869696e-05,2000,max_epochs,2.556616637040861
mu+sigma,2,128,100,4,0,100,200,300,0.003872716814279556,0.006986215949058533,7.219387590885163e-05,6.478058639913797e-05,2000,max_epochs,2.6123184459866025
mu+sigma,2,128,100,4,1,101,201,301,0.003788876295089722,0.006645020365715027,7.157774735242128e-05,5.556050382438116e-05,2000,max_epochs,2.648842692025937
mu+sigma,2,128,100,4,2,102,202,302,0.004551792919635773,0.007736432731151581,8.967036567628384e-05,6.146014493424445e-05,2000,max_epochs,2.644996724964585
mu+sigma,2,128,100,4,3,103,203,303,0.005918262541294098,0.011138938307762147,0.00016809990629553794,0.00012126332148909569,2000,max_epochs,2.651996147003956
mu+sigma,2,128,100,4,4,104,204,304,0.004126912593841553,0.00687838625907898,8.087375853210687e-05,6.502107862615958e-05,2000,max_epochs,2.6516551169916056
mu+sigma,2,128,100,4,5,105,205,305,0.004024213761091232,0.007115631639957428,7.958255521953106e-05,7.372690015472472e-05,2000,max_epochs,2.6478571349871345
mu+sigma,2,128,100,4,6,106,206,306,0.00395936980843544,0.007084286749362945,8.953542448580264e-05,6.858148117316887e-05,2000,max_epochs,2.654846740013454
mu+sigma,2,128,100,8,0,100,200,300,0.009498966455459595,0.01875500202178955,0.00043133486807346344,0.000539265398401767,2000,max_epochs,2.6466745270299725
mu+sigma,2,128,100,8,1,101,201,301,0.003925189137458801,0.006996841490268707,7.582249492406845e-05,6.0066166042815894e-05,2000,max_epochs,2.648463776044082
mu+sigma,2,128,100,8,2,102,202,302,0.004354703068733215,0.007219535112380981,8.456979040056467e-05,4.970886584487744e-05,2000,max_epochs,2.6473244879744016
mu+sigma,2,128,100,8,3,103,203,303,0.012638959169387818,0.025513529777526855,0.0007740191444754601,0.0012591801350936294,2000,max_epochs,2.6564383130171336
mu+sigma,2,128,100,8,4,104,204,304,0.0040502749979496,0.0069623075127601625,7.847391301766038e-05,7.412073318846524e-05,2000,max_epochs,2.647250061039813
mu+sigma,2,128,100,8,5,105,205,305,0.008118890404701233,0.015535618662834167,0.0003005991689860821,0.000399522774387151,2000,max_epochs,2.655209154007025
mu+sigma,2,128,100,8,6,106,206,306,0.019339428186416627,0.03846570634841919,0.0016427294462919234,0.003019131952896714,2000,max_epochs,2.6507449739729054
mu+sigma,2,128,1000,1,0,100,200,300,0.004540804982185364,0.00828065663576126,9.085936658084392e-05,8.916107291588559e-05,2000,max_epochs,10.607416128972545
mu+sigma,2,128,1000,1,1,101,201,301,0.004083936363458634,0.007396276593208313,7.430405355989933e-05,7.374277437338605e-05,2000,max_epochs,10.580008354969323
mu+sigma,2,128,1000,1,2,102,202,302,0.0037122814655303955,0.00688065642118454,8.174134697765112e-05,7.11337169050239e-05,2000,max_epochs,10.319283853983507
mu+sigma,2,128,1000,1,3,103,203,303,0.005118777215480805,0.009774006009101867,0.00012498901970684528,0.0001377296515274793,2000,max_epochs,10.454953795007896
mu+sigma,2,128,1000,1,4,104,204,304,0.008190515160560607,0.01679974102973938,0.00037122904509305954,0.0004522547891829163,2000,max_epochs,10.601161667029373
mu+sigma,2,128,1000,1,5,105,205,305,0.009985039710998535,0.019691826820373536,0.00046378856897354127,0.00042114618606865404,2000,max_epochs,10.540393822011538
mu+sigma,2,128,1000,1,6,106,206,306,0.005307005047798157,0.010207562804222107,0.00015962697938084601,0.00020324822969269008,2000,max_epochs,10.500914439966436
mu+sigma,2,128,1000,2,0,100,200,300,0.0038385187387466433,0.006952499628067017,6.729761417955161e-05,6.84490159037523e-05,2000,max_epochs,10.327941975032445
mu+sigma,2,128,1000,2,1,101,201,301,0.00838392609357834,0.016618330717086793,0.0003465675078332424,0.00039176724408753215,2000,max_epochs,10.309833022009116
mu+sigma,2,128,1000,2,2,102,202,302,0.00613184803724289,0.012281057119369507,0.00021706883609294892,0.00041724364680703727,2000,max_epochs,10.321998581988737
mu+sigma,2,128,1000,2,3,103,203,303,0.01952854037284851,0.03906577587127685,0.0017072994112968445,0.001369021092541516,2000,max_epochs,10.30294356297236
mu+sigma,2,128,1000,2,4,104,204,304,0.012477269291877747,0.02556944298744202,0.0007765326127409935,0.0004942444832995534,2000,max_epochs,10.407332079019397
mu+sigma,2,128,1000,2,5,105,205,305,0.003676738351583481,0.006759495675563812,6.485774228349328e-05,6.690464779967443e-05,2000,max_epochs,10.571516810974572
mu+sigma,2,128,1000,2,6,106,206,306,0.003569369703531265,0.006281663477420807,6.087817717343569e-05,6.338097929256037e-05,2000,max_epochs,10.552089334989432
mu+sigma,2,128,1000,3,0,100,200,300,0.0037921474277973176,0.006947974264621734,7.591771613806486e-05,0.00015074585820548235,2000,max_epochs,10.482783739978913
mu+sigma,2,128,1000,3,1,101,201,301,0.021221094846725463,0.04300679063796997,0.0020535078048706055,0.0014187207780778407,2000,max_epochs,10.594012953981292
mu+sigma,2,128,1000,3,2,102,202,302,0.0035789427161216736,0.006400485396385193,6.299077486619354e-05,5.908297142013907e-05,2000,max_epochs,10.589006350957789
mu+sigma,2,128,1000,3,3,103,203,303,0.002306143879890442,0.004579410076141357,3.1842233613133434e-05,5.9238921327050775e-05,2000,max_epochs,10.59583849599585
mu+sigma,2,128,1000,3,4,104,204,304,0.0011658125594258308,0.002379122644662857,9.171513374894857e-06,1.0926238552201539e-05,2000,max_epochs,10.56919739098521
mu+sigma,2,128,1000,3,5,105,205,305,0.003481547027826309,0.006079332053661347,6.34146798402071e-05,9.595140477176755e-05,2000,max_epochs,10.35176066000713
mu+sigma,2,128,1000,3,6,106,206,306,0.0017063164114952088,0.003350612908601761,1.6682265093550085e-05,1.347488038300071e-05,2000,max_epochs,10.346264100982808
mu+sigma,2,128,1000,4,0,100,200,300,0.008556022882461548,0.017026894450187683,0.00032332422584295273,0.0002089088479988277,2000,max_epochs,10.403754719998688
mu+sigma,2,128,1000,4,1,101,201,301,0.0026492374241352083,0.00522325313091278,3.788278019055724e-05,2.3293818478123285e-05,2000,max_epochs,10.765706090955064
mu+sigma,2,128,1000,4,2,102,202,302,0.0036955194175243376,0.0068037863969802855,6.65239910595119e-05,6.215015781344846e-05,2000,max_epochs,10.625271208991762
mu+sigma,2,128,1000,4,3,103,203,303,0.019090362548828125,0.03831128454208374,0.0016500670760869979,0.0008188547082245349,2000,max_epochs,10.573797336954158
mu+sigma,2,128,1000,4,4,104,204,304,0.003698719322681427,0.006651456475257874,6.399881420657039e-05,7.178954849950969e-05,2000,max_epochs,10.741131962975487
mu+sigma,2,128,1000,4,5,105,205,305,0.003713130384683609,0.007511128067970276,7.406171318143606e-05,6.528172083199025e-05,2000,max_epochs,10.789118325978052
mu+sigma,2,128,1000,4,6,106,206,306,0.003712027192115784,0.006595789134502411,6.27446984872222e-05,6.431680166861043e-05,2000,max_epochs,10.557388608984184
mu+sigma,2,128,1000,8,0,100,200,300,0.003780874788761139,0.006876697659492493,7.367708254605531e-05,7.307263155234977e-05,2000,max_epochs,10.534870262024924
mu+sigma,2,128,1000,8,1,101,201,301,0.0038570332527160644,0.006984270572662353,6.962040206417441e-05,6.793011276749893e-05,2000,max_epochs,10.534281639032997
mu+sigma,2,128,1000,8,2,102,202,302,0.019932233095169068,0.03915220308303833,0.001607911229133606,0.0010583812287077309,2000,max_epochs,10.560327190964017
mu+sigma,2,128,1000,8,3,103,203,303,0.0036915302574634552,0.006712000489234924,6.686452962458134e-05,6.923796073533595e-05,2000,max_epochs,10.554203391016927
mu+sigma,2,128,1000,8,4,104,204,304,0.004445001006126404,0.008752772212028503,0.00011809043493121862,7.265053741866723e-05,2000,max_epochs,10.602737914014142
mu+sigma,2,128,1000,8,5,105,205,305,0.0032150482535362244,0.005973195493221283,5.483949976041913e-05,5.643562402110547e-05,2000,max_epochs,10.629134415008593
mu+sigma,2,128,1000,8,6,106,206,306,0.003932086259126663,0.007293376386165619,8.934308774769307e-05,0.00010687121009686962,2000,max_epochs,10.7513191679609
mu+sigma,2,256,5,1,0,100,200,300,0.0060403961539268495,0.011047443985939025,0.00019151756912469864,9.994421361625427e-07,1717,stopping_threshold,2.28029482398415
mu+sigma,2,256,5,1,1,101,201,301,0.007132821261882782,0.011213615775108337,0.00023086743615567684,8.578964298067149e-06,2000,max_epochs,2.6376646619755775
mu+sigma,2,256,5,1,2,102,202,302,0.042070927143096924,0.052676233291625976,0.013857278704643249,9.96868834590714e-07,1424,stopping_threshold,1.8814032310037874
mu+sigma,2,256,5,1,3,103,203,303,0.011249175548553467,0.022741122722625733,0.0006837560757994652,0.1262274980545044,2000,max_epochs,2.6692018799949437
mu+sigma,2,256,5,1,4,104,204,304,0.015051788568496705,0.020158344864845277,0.00112407336384058,2.3891595901659457e-06,2000,max_epochs,2.6776119520072825
mu+sigma,2,256,5,1,5,105,205,305,0.0044169436097145085,0.007955307364463806,0.00010332302935421467,1.2059838354616659e-06,2000,max_epochs,2.668276173004415
mu+sigma,2,256,5,1,6,106,206,306,0.03911359214782715,0.04935209751129151,0.00870362651348114,2.48088190346607e-06,2000,max_epochs,2.674713835993316
mu+sigma,2,256,5,2,0,100,200,300,0.00514929723739624,0.00880343109369278,0.00014143314305692912,4.61653689853847e-06,2000,max_epochs,2.65187976998277
mu+sigma,2,256,5,2,1,101,201,301,0.006837091863155365,0.011203054666519165,0.0002084681186825037,6.1112527873774525e-06,2000,max_epochs,2.652611314028036
mu+sigma,2,256,5,2,2,102,202,302,0.03391711521148682,0.04271254777908325,0.008098105609416961,9.625825441617053e-06,2000,max_epochs,2.642095561954193
mu+sigma,2,256,5,2,3,103,203,303,0.007414880454540253,0.011051116585731506,0.0002859201971441507,1.2305486961849965e-05,2000,max_epochs,2.6556004799786024
mu+sigma,2,256,5,2,4,104,204,304,0.020662431955337523,0.030600388288497926,0.001624395415186882,0.00010352362005505711,2000,max_epochs,2.650882102025207
mu+sigma,2,256,5,2,5,105,205,305,0.004307612180709839,0.007810367345809937,9.939143713563681e-05,1.2445052561815828e-06,2000,max_epochs,2.6471957130124792
mu+sigma,2,256,5,2,6,106,206,306,0.03395231628417969,0.04418216133117676,0.005823877215385437,9.93811227090191e-07,1489,stopping_threshold,1.9724462529993616
mu+sigma,2,256,5,3,0,100,200,300,0.005475554645061493,0.009484957098960876,0.0001577315293252468,9.976027968150447e-07,1782,stopping_threshold,2.348047261009924
mu+sigma,2,256,5,3,1,101,201,301,0.006914543211460114,0.011156665086746216,0.00021508651971817016,5.839726782141952e-06,2000,max_epochs,2.6338871989864856
mu+sigma,2,256,5,3,2,102,202,302,0.04493728685379028,0.05627819299697876,0.015564987540245056,9.985490123654017e-07,1533,stopping_threshold,2.0279639429645613
mu+sigma,2,256,5,3,3,103,203,303,0.007261399865150451,0.011086389660835265,0.00025597084313631056,1.0176192517974414e-05,2000,max_epochs,2.645097827014979
mu+sigma,2,256,5,3,4,104,204,304,0.015939043641090393,0.021722877502441406,0.0011958420872688294,1.1365782484062947e-05,2000,max_epochs,2.6553448930499144
mu+sigma,2,256,5,3,5,105,205,305,0.006713307976722717,0.012160750269889832,0.0001974272672086954,0.00029309402452781796,2000,max_epochs,2.64432337495964
mu+sigma,2,256,5,3,6,106,206,306,0.036632598400115964,0.046701674461364744,0.00726916366815567,1.9028869928661152e-06,2000,max_epochs,2.646927743044216
mu+sigma,2,256,5,4,0,100,200,300,0.005945781171321869,0.010964826703071594,0.00018875734508037566,9.999497478929698e-07,1510,stopping_threshold,1.9527364280074835
mu+sigma,2,256,5,4,1,101,201,301,0.007376887559890747,0.01220790946483612,0.00025542149506509307,9.96408175524266e-07,1883,stopping_threshold,2.4185430859797634
mu+sigma,2,256,5,4,2,102,202,302,0.04250582218170166,0.05317465734481812,0.013991707563400268,9.990435501094908e-07,1451,stopping_threshold,1.8418016500072554
mu+sigma,2,256,5,4,3,103,203,303,0.007246025741100311,0.010912463784217834,0.00024672940373420715,1.2599278306879569e-05,2000,max_epochs,2.528016601980198
mu+sigma,2,256,5,4,4,104,204,304,0.01869757878780365,0.032397578239440915,0.0014252082109451295,0.0008186159539036453,2000,max_epochs,2.536517851985991
mu+sigma,2,256,5,4,5,105,205,305,0.05958238267898559,0.12106365585327149,0.01598218846321106,0.014067443087697029,2000,max_epochs,2.5378216370008886
mu+sigma,2,256,5,4,6,106,206,306,0.0821080436706543,0.13328085708618165,0.02221817421913147,0.009770705364644527,2000,max_epochs,2.5284503669827245
mu+sigma,2,256,5,8,0,100,200,300,0.005371545016765594,0.009231380820274353,0.000152173544280231,9.986083568946924e-07,1634,stopping_threshold,2.0750957670388743
mu+sigma,2,256,5,8,1,101,201,301,0.007304476857185363,0.011858258485794068,0.0002536121439188719,1.9530343706719577e-06,2000,max_epochs,2.545029014989268
mu+sigma,2,256,5,8,2,102,202,302,0.04474898910522461,0.0560747447013855,0.015235573768615722,9.982819619835936e-07,1585,stopping_threshold,2.0059354130062275
mu+sigma,2,256,5,8,3,103,203,303,0.00828063440322876,0.014835564613342286,0.0003581297472119331,0.00010983394895447418,2000,max_epochs,2.538958946010098
mu+sigma,2,256,5,8,4,104,204,304,0.015084148645401,0.020232670545578004,0.0011219915822148323,2.733777819230454e-06,2000,max_epochs,2.543119855981786
mu+sigma,2,256,5,8,5,105,205,305,0.004487358808517456,0.008050385057926178,0.00010451251361519098,1.3910985217080452e-06,2000,max_epochs,2.5424043090315536
mu+sigma,2,256,5,8,6,106,206,306,0.03586760210990906,0.045822689056396484,0.00689198511838913,2.054485548796947e-06,2000,max_epochs,2.6070099960197695
mu+sigma,2,256,10,1,0,100,200,300,0.0222331166267395,0.04992370939254761,0.003987412393093109,0.0001771566312527284,2000,max_epochs,2.6600677850074135
mu+sigma,2,256,10,1,1,101,201,301,0.0052165682911872865,0.008785699248313903,0.00012978983856737613,2.7887244868907146e-05,2000,max_epochs,2.66217800299637
mu+sigma,2,256,10,1,2,102,202,302,0.02730051851272583,0.0348662440776825,0.004728122621774674,2.7017024422093527e-06,2000,max_epochs,2.659723953984212
mu+sigma,2,256,10,1,3,103,203,303,0.010619412064552308,0.015794286012649535,0.0006556385755538941,3.062704490730539e-05,2000,max_epochs,2.6671681070001796
mu+sigma,2,256,10,1,4,104,204,304,0.005630534887313843,0.009261791169643402,0.0001486001741141081,3.2102663681143895e-05,2000,max_epochs,2.663348108995706
mu+sigma,2,256,10,1,5,105,205,305,0.019110035181045534,0.025018574237823485,0.0034494531452655794,5.450143817142816e-06,2000,max_epochs,2.6669158689910546
mu+sigma,2,256,10,1,6,106,206,306,0.003765773445367813,0.006737584054470063,7.302242750301958e-05,2.1821253540110774e-05,2000,max_epochs,2.660816960968077
mu+sigma,2,256,10,2,0,100,200,300,0.01581281852722168,0.03530193877220154,0.002647195041179657,0.00015144709323067218,2000,max_epochs,2.648060934036039
mu+sigma,2,256,10,2,1,101,201,301,0.004891374289989471,0.008510740280151367,0.00010554246790707111,3.006535189342685e-05,2000,max_epochs,2.6402589850476943
mu+sigma,2,256,10,2,2,102,202,302,0.026433380126953124,0.03673893737792969,0.003573217660188675,0.0004553498874884099,2000,max_epochs,2.6412682500085793
mu+sigma,2,256,10,2,3,103,203,303,0.009053853809833527,0.012415700197219848,0.0005858056545257568,5.379416052164743e-06,2000,max_epochs,2.6474311460042372
mu+sigma,2,256,10,2,4,104,204,304,0.007699172854423523,0.013324791431427003,0.0002875157259404659,4.3062893382739276e-05,2000,max_epochs,2.654146725020837
mu+sigma,2,256,10,2,5,105,205,305,0.018180569887161255,0.024228702783584594,0.0029280256628990173,4.828516011912143e-06,2000,max_epochs,2.641740385966841
mu+sigma,2,256,10,2,6,106,206,306,0.009539414048194885,0.018638911962509157,0.0004279321953654289,0.0004187473969068378,2000,max_epochs,2.655807300005108
mu+sigma,2,256,10,3,0,100,200,300,0.011562060117721557,0.028450949430465697,0.002121112123131752,0.00018415972590446472,2000,max_epochs,2.642955809016712
mu+sigma,2,256,10,3,1,101,201,301,0.004848147392272949,0.008515194416046142,0.00010483990982174873,3.015447327925358e-05,2000,max_epochs,2.641598318994511
mu+sigma,2,256,10,3,2,102,202,302,0.029424070596694947,0.03733818340301514,0.005738970458507538,2.1743041997979162e-06,2000,max_epochs,2.6467948260251433
mu+sigma,2,256,10,3,3,103,203,303,0.016543081760406496,0.0279724862575531,0.0009894547834992408,0.0009694448090158403,2000,max_epochs,2.6452240050421096
mu+sigma,2,256,10,3,4,104,204,304,0.006650970876216888,0.010599633693695069,0.00020887821353971959,2.612655771372374e-05,2000,max_epochs,2.6463320939801633
mu+sigma,2,256,10,3,5,105,205,305,0.03722875881195068,0.06402297115325928,0.0057085885405540465,0.0003927817160729319,2000,max_epochs,2.645592479966581
mu+sigma,2,256,10,3,6,106,206,306,0.004391217648983002,0.007950904428958893,8.486264292150736e-05,4.566547067952342e-05,2000,max_epochs,2.656074269034434
mu+sigma,2,256,10,4,0,100,200,300,0.014215036749839783,0.034465824127197266,0.0030258147716522217,3.2732630188547773e-06,2000,max_epochs,2.6457656690035947
mu+sigma,2,256,10,4,1,101,201,301,0.004830735564231872,0.008372744500637054,0.00010388100612908601,2.8209744414198212e-05,2000,max_epochs,2.644641419989057
mu+sigma,2,256,10,4,2,102,202,302,0.028907376527786254,0.036811198711395265,0.005444354355335235,2.629372602314106e-06,2000,max_epochs,2.6456743970047683
mu+sigma,2,256,10,4,3,103,203,303,0.007668819010257721,0.011644108176231384,0.0003095707017928362,2.791300903481897e-05,2000,max_epochs,2.6246334980241954
mu+sigma,2,256,10,4,4,104,204,304,0.00562279361486435,0.008813153564929963,0.0001524492595344782,4.539946894510649e-05,2000,max_epochs,2.6414655730477534
mu+sigma,2,256,10,4,5,105,205,305,0.016776149272918702,0.02227187967300415,0.0023571939915418626,5.964410320302704e-06,2000,max_epochs,2.626682241971139
mu+sigma,2,256,10,4,6,106,206,306,0.0036689659953117373,0.0064688497185707095,7.155846059322358e-05,1.4523992831527721e-05,2000,max_epochs,2.580945633992087
mu+sigma,2,256,10,8,0,100,200,300,0.006082058370113373,0.013517262935638428,0.0003266711309552193,4.563381298794411e-05,2000,max_epochs,2.5735795719665475
mu+sigma,2,256,10,8,1,101,201,301,0.005212042093276977,0.008940341711044311,0.0001288433615118265,3.136551458737813e-05,2000,max_epochs,2.5677404779708013
mu+sigma,2,256,10,8,2,102,202,302,0.02444030499458313,0.03134802794456482,0.003665693908929825,2.4944076812971616e-06,2000,max_epochs,2.5609909810009412
mu+sigma,2,256,10,8,3,103,203,303,0.008064000189304352,0.01138127636909485,0.0004129988849163055,9.599020813766401e-06,2000,max_epochs,2.5623361530015245
mu+sigma,2,256,10,8,4,104,204,304,0.0060523667931556705,0.009904862403869629,0.00016823319159448146,9.039418364409357e-05,2000,max_epochs,2.567422929976601
mu+sigma,2,256,10,8,5,105,205,305,0.016311402678489684,0.022016660690307617,0.0021130010932683945,5.114412033435656e-06,2000,max_epochs,2.566389534040354
mu+sigma,2,256,10,8,6,106,206,306,0.003634756177663803,0.006394048750400543,7.099036127328873e-05,1.363735555059975e-05,2000,max_epochs,2.5643404299626127
mu+sigma,2,256,100,1,0,100,200,300,0.027895933866500855,0.05541695261001587,0.0033260660469532012,0.01997939683496952,2000,max_epochs,2.607606504985597
mu+sigma,2,256,100,1,1,101,201,301,0.0036002524197101594,0.006381274759769439,6.591504719108343e-05,5.072598287370056e-05,2000,max_epochs,2.588390900986269
mu+sigma,2,256,100,1,2,102,202,302,0.004243986129760742,0.007006348490715027,7.868442870676518e-05,5.063973367214203e-05,2000,max_epochs,2.6009149460005574
mu+sigma,2,256,100,1,3,103,203,303,0.009428945779800415,0.01943310058116913,0.00047978733479976654,0.00429196422919631,2000,max_epochs,2.5992856440134346
mu+sigma,2,256,100,1,4,104,204,304,0.003795690029859543,0.006508610546588898,6.333295721560716e-05,7.625000580446795e-05,2000,max_epochs,2.602631190966349
mu+sigma,2,256,100,1,5,105,205,305,0.004168768525123596,0.007350923478603363,9.024763200432063e-05,7.36181391403079e-05,2000,max_epochs,2.5984162330278195
mu+sigma,2,256,100,1,6,106,206,306,0.003921947538852692,0.006996687948703766,7.17439940199256e-05,5.480970139615238e-05,2000,max_epochs,2.599939602019731
mu+sigma,2,256,100,2,0,100,200,300,0.0039577997922897335,0.007081562578678131,7.571974117308855e-05,6.113292329246178e-05,2000,max_epochs,2.6676636809716
mu+sigma,2,256,100,2,1,101,201,301,0.0036599414944648743,0.006528911292552948,6.65603163652122e-05,5.275078001432121e-05,2000,max_epochs,2.6706619320320897
mu+sigma,2,256,100,2,2,102,202,302,0.008522432208061217,0.016177687406539916,0.00032365744188427926,0.0003817708638962358,2000,max_epochs,2.6643095089821145
mu+sigma,2,256,100,2,3,103,203,303,0.0035948688089847565,0.006425311923027039,6.363074854016304e-05,5.3090516303200275e-05,2000,max_epochs,2.6742095979861915
mu+sigma,2,256,100,2,4,104,204,304,0.0039311029613018035,0.00686942458152771,6.771731097251177e-05,7.900752098066732e-05,2000,max_epochs,2.6638043129933067
mu+sigma,2,256,100,2,5,105,205,305,0.0059279253482818605,0.010439896583557129,0.00018662340566515923,9.395919187227264e-05,2000,max_epochs,2.6629497609683312
mu+sigma,2,256,100,2,6,106,206,306,0.024557318687438965,0.04916211032867432,0.0026637589037418366,0.002105955732986331,2000,max_epochs,2.659222707967274
mu+sigma,2,256,100,3,0,100,200,300,0.005187489926815033,0.009943643033504486,0.00015220623277127743,0.00023565527226310223,2000,max_epochs,2.6325112429913133
mu+sigma,2,256,100,3,1,101,201,301,0.014003116130828858,0.0270465886592865,0.0008601600602269173,0.0010698923142626882,2000,max_epochs,2.58701800100971
mu+sigma,2,256,100,3,2,102,202,302,0.004167434006929397,0.007025876462459564,7.556777447462082e-05,5.229025555308908e-05,2000,max_epochs,2.5865494169993326
mu+sigma,2,256,100,3,3,103,203,303,0.0034971668720245363,0.006266682267189026,5.936333676800132e-05,5.3795738494955e-05,2000,max_epochs,2.591090328001883
mu+sigma,2,256,100,3,4,104,204,304,0.0038465604782104493,0.0066645492315292355,6.466741487383842e-05,7.750151416985318e-05,2000,max_epochs,2.5848473079968244
mu+sigma,2,256,100,3,5,105,205,305,0.004218347191810608,0.007205998182296753,0.00010005134157836437,6.523830961668864e-05,2000,max_epochs,2.5905459920177236
mu+sigma,2,256,100,3,6,106,206,306,0.006331996142864228,0.012262412667274476,0.00020073589868843555,0.00010985209519276395,2000,max_epochs,2.5822387529769912
mu+sigma,2,256,100,4,0,100,200,300,0.003974192589521408,0.007170676052570343,7.24318576976657e-05,6.567133095813915e-05,2000,max_epochs,2.578399977006484
mu+sigma,2,256,100,4,1,101,201,301,0.0035813247859477998,0.0063407537937164304,6.417114147916437e-05,5.080272239865735e-05,2000,max_epochs,2.5804802749771625
mu+sigma,2,256,100,4,2,102,202,302,0.004463325917720795,0.007617781221866607,8.502768073230982e-05,6.154426228022203e-05,2000,max_epochs,2.5844809940317646
mu+sigma,2,256,100,4,3,103,203,303,0.0035168357491493227,0.006299678564071655,6.385684432461858e-05,5.494115612236783e-05,2000,max_epochs,2.583122033975087
mu+sigma,2,256,100,4,4,104,204,304,0.0037942057847976684,0.006502278923988343,6.352086272090673e-05,7.633162749698386e-05,2000,max_epochs,2.5825498240301386
mu+sigma,2,256,100,4,5,105,205,305,0.0042148996591568,0.0073402045369148254,9.147458616644145e-05,6.953270349185914e-05,2000,max_epochs,2.583780291955918
mu+sigma,2,256,100,4,6,106,206,306,0.013904699563980102,0.027239997148513793,0.0008573655039072036,0.0007185732247307897,2000,max_epochs,2.58809796301648
mu+sigma,2,256,100,8,0,100,200,300,0.0037322514057159424,0.006746127963066101,6.596704386174678e-05,6.156988092698157e-05,2000,max_epochs,2.591061929007992
mu+sigma,2,256,100,8,1,101,201,301,0.003762065827846527,0.006737628161907196,6.935923360288143e-05,5.45574257557746e-05,2000,max_epochs,2.5920211690245196
mu+sigma,2,256,100,8,2,102,202,302,0.004211275339126587,0.007021612524986267,7.76208583265543e-05,5.068861355539411e-05,2000,max_epochs,2.5898573650047183
mu+sigma,2,256,100,8,3,103,203,303,0.0036320295929908753,0.006625642776489258,6.55322247184813e-05,5.9639605751726776e-05,2000,max_epochs,2.5851522230077535
mu+sigma,2,256,100,8,4,104,204,304,0.010657753944396973,0.02066560912132263,0.0005096712149679661,0.0006813990767113864,2000,max_epochs,2.578612868033815
mu+sigma,2,256,100,8,5,105,205,305,0.0038951625823974607,0.006631071209907532,8.650802914053202e-05,6.854793173260987e-05,2000,max_epochs,2.582739788980689
mu+sigma,2,256,100,8,6,106,206,306,0.005016915082931519,0.00942354816198349,0.00011962093971669673,0.00016708072507753968,2000,max_epochs,2.59017058997415
mu+sigma,2,256,1000,1,0,100,200,300,0.008012846648693084,0.016280089139938354,0.0003435100689530373,0.0004399062157608569,2000,max_epochs,13.576675059972331
mu+sigma,2,256,1000,1,1,101,201,301,0.006869848787784577,0.013472196102142333,0.0002328255455940962,0.0002633700967999175,2000,max_epochs,13.530750192003325
mu+sigma,2,256,1000,1,2,102,202,302,0.0038676782250404358,0.007245736479759216,8.675813023000955e-05,6.310848239809275e-05,2000,max_epochs,13.573083193041384
mu+sigma,2,256,1000,1,3,103,203,303,0.006945185303688049,0.013661673069000244,0.0002401222288608551,0.0003375199707224965,2000,max_epochs,13.539921360032167
mu+sigma,2,256,1000,1,4,104,204,304,0.007815233886241913,0.01597419488430023,0.0003374486975371838,0.0003148111025802791,2000,max_epochs,13.57077541097533
mu+sigma,2,256,1000,1,5,105,205,305,0.007970277667045594,0.015698878884315492,0.00030848052352666855,0.00012893359863664955,2000,max_epochs,13.547960789990611
mu+sigma,2,256,1000,1,6,106,206,306,0.0036455450057983397,0.006441636621952057,6.127210892736912e-05,7.389209186658264e-05,2000,max_epochs,13.586477718956303
mu+sigma,2,256,1000,2,0,100,200,300,0.0013153170943260193,0.0027838019728660584,1.3853126089088619e-05,1.3761689893726725e-05,2000,max_epochs,14.144769222009927
mu+sigma,2,256,1000,2,1,101,201,301,0.005789261996746063,0.011108569622039795,0.00015973616205155848,0.00018467579991556703,2000,max_epochs,14.160324930038769
mu+sigma,2,256,1000,2,2,102,202,302,0.006249273478984832,0.012719274044036865,0.000206731129437685,0.0005808602937031537,2000,max_epochs,14.128232182003558
mu+sigma,2,256,1000,2,3,103,203,303,0.010468842267990112,0.020858245372772217,0.000523461639881134,0.00056928551197052,2000,max_epochs,14.170011334994342
mu+sigma,2,256,1000,2,4,104,204,304,0.008067544341087342,0.016524529933929444,0.00035437669977545736,0.00033666285849176346,2000,max_epochs,14.130276072013658
mu+sigma,2,256,1000,2,5,105,205,305,0.0032230521738529205,0.005972104549407959,5.1123940385878087e-05,8.30105579807423e-05,2000,max_epochs,14.157964756013826
mu+sigma,2,256,1000,2,6,106,206,306,0.004155233889818192,0.007823644816875457,9.959772136062384e-05,8.220354956574737e-05,2000,max_epochs,14.125603885040618
mu+sigma,2,256,1000,3,0,100,200,300,0.0073308714032173155,0.015401412487030029,0.00034059874527156355,0.0004285543451551348,2000,max_epochs,14.134141583985183
mu+sigma,2,256,1000,3,1,101,201,301,0.003938772112131119,0.0070924309492111206,6.876398297026754e-05,6.587697606300935e-05,2000,max_epochs,14.101967406983022
mu+sigma,2,256,1000,3,2,102,202,302,0.002581058084964752,0.004903179824352264,3.728384780697525e-05,3.270012981374748e-05,2000,max_epochs,14.146656803030055
mu+sigma,2,256,1000,3,3,103,203,303,0.004278555989265442,0.007818224370479583,7.685391046106815e-05,0.0002932852803496644,2000,max_epochs,14.097469297004864
mu+sigma,2,256,1000,3,4,104,204,304,0.001470568910241127,0.0028762532770633697,1.3736224151216448e-05,1.4569113962352276e-05,2000,max_epochs,14.132441346009728
mu+sigma,2,256,1000,3,5,105,205,305,0.0034345957338809967,0.006402690172195435,5.575766507536173e-05,0.00041199548449367284,2000,max_epochs,14.101809138024691
mu+sigma,2,256,1000,3,6,106,206,306,0.010838930487632752,0.02074824857711792,0.0004555983133614063,0.001826749307103455,2000,max_epochs,14.142648149980232
mu+sigma,2,256,1000,4,0,100,200,300,0.005208490490913391,0.010208032786846162,0.00011909477692097426,7.250896375626326e-05,2000,max_epochs,14.172239523963071
mu+sigma,2,256,1000,4,1,101,201,301,0.0036723753809928894,0.006546649158000946,6.189989857375621e-05,6.0353141947416586e-05,2000,max_epochs,14.194433216995094
mu+sigma,2,256,1000,4,2,102,202,302,0.008835683465003968,0.0177657356262207,0.0003738509863615036,0.0001393589423969388,2000,max_epochs,14.170529702969361
mu+sigma,2,256,1000,4,3,103,203,303,0.0051720643639564514,0.009947091102600098,0.0001308335103094578,0.00012065640499349683,2000,max_epochs,14.199843788985163
mu+sigma,2,256,1000,4,4,104,204,304,0.003628724306821823,0.006441578924655914,6.0888186562806365e-05,6.605420768028126e-05,2000,max_epochs,14.169741423043888
mu+sigma,2,256,1000,4,5,105,205,305,0.0034486697912216187,0.006094158053398132,6.118603190407157e-05,5.946285554091446e-05,2000,max_epochs,14.19708377000643
mu+sigma,2,256,1000,4,6,106,206,306,0.0035277543663978575,0.006182217538356781,5.977649986743927e-05,6.534941290738061e-05,2000,max_epochs,14.167020260996651
mu+sigma,2,256,1000,8,0,100,200,300,0.001942806288599968,0.0038911959528923033,2.810259349644184e-05,3.0108823237242177e-05,2000,max_epochs,14.23236620699754
mu+sigma,2,256,1000,8,1,101,201,301,0.001686498686671257,0.00358663010597229,2.194430259987712e-05,2.16244993644068e-05,2000,max_epochs,14.192238865012769
mu+sigma,2,256,1000,8,2,102,202,302,0.0013577167987823486,0.002785410940647125,1.4613293809816241e-05,2.0632614643545822e-05,2000,max_epochs,14.218561980000231
mu+sigma,2,256,1000,8,3,103,203,303,0.00365780571103096,0.006699108958244324,6.552420463413e-05,7.785936677828431e-05,2000,max_epochs,14.206932234985288
mu+sigma,2,256,1000,8,4,104,204,304,0.005993540406227112,0.01195076084136963,0.000167699221521616,0.0002589034892152995,2000,max_epochs,14.225106117024552
mu+sigma,2,256,1000,8,5,105,205,305,0.004646789789199829,0.009158079624176025,0.00013185872975736857,7.98368682153523e-05,2000,max_epochs,14.197909815004095
mu+sigma,2,256,1000,8,6,106,206,306,0.010852480888366699,0.021425033807754516,0.0005384148955345153,0.0005918419458903373,2000,max_epochs,14.225379340001382
mu+sigma,2,512,5,1,0,100,200,300,0.005240519523620605,0.009387348532676696,0.00014879070222377776,9.98443169919483e-07,172,stopping_threshold,0.2228279819828458
mu+sigma,2,512,5,1,1,101,201,301,0.03752323055267334,0.07526826572418213,0.006371560156345367,0.0004950907896272838,2000,max_epochs,2.574917735008057
mu+sigma,2,512,5,1,2,102,202,302,0.023171683549880983,0.030245739221572875,0.005533706903457641,7.279194051079685e-06,2000,max_epochs,2.566528305003885
mu+sigma,2,512,5,1,3,103,203,303,0.006789567768573761,0.010458899736404419,0.0002036653161048889,1.5852008800720796e-05,2000,max_epochs,2.566672245040536
mu+sigma,2,512,5,1,4,104,204,304,0.01646355390548706,0.02185460424423218,0.0014031939953565598,1.7930477724803495e-06,2000,max_epochs,2.5617503600078635
mu+sigma,2,512,5,1,5,105,205,305,0.004646172702312469,0.008101161420345306,0.00010900096222758294,9.99534336187935e-07,665,stopping_threshold,0.8533462039777078
mu+sigma,2,512,5,1,6,106,206,306,0.03263337969779968,0.041548912525177,0.005841967344284058,3.624564214987913e-06,2000,max_epochs,2.560785648005549
mu+sigma,2,512,5,2,0,100,200,300,0.004854855060577393,0.008585310816764832,0.00012826393637806177,9.999428129958687e-07,583,stopping_threshold,0.7463597559835762
mu+sigma,2,512,5,2,1,101,201,301,0.0069382510185241695,0.011213896036148072,0.00021998507343232632,3.064880047531915e-06,2000,max_epochs,2.5471378480433486
mu+sigma,2,512,5,2,2,102,202,302,0.01754037010669708,0.02335122609138489,0.0024301010072231293,7.815849130565766e-06,2000,max_epochs,2.5542379679973237
mu+sigma,2,512,5,2,3,103,203,303,0.0067081708312034605,0.010289342284202576,0.00020648401603102684,1.626420271350071e-05,2000,max_epochs,2.54377943900181
mu+sigma,2,512,5,2,4,104,204,304,0.0167098468542099,0.022091914176940917,0.001433327168226242,3.7567733670584857e-06,2000,max_epochs,2.5520983780152164
mu+sigma,2,512,5,2,5,105,205,305,0.0045290467441082,0.007979785263538361,0.0001041304161772132,9.999849908126635e-07,1326,stopping_threshold,1.6896358979865909
mu+sigma,2,512,5,2,6,106,206,306,0.02745875883102417,0.03593389320373535,0.0036810849010944367,9.347745049126388e-07,382,stopping_threshold,0.48879730398766696
mu+sigma,2,512,5,3,0,100,200,300,0.004921828269958496,0.008718241214752197,0.0001264606472104788,9.999833991969354e-07,505,stopping_threshold,0.6486489429953508
mu+sigma,2,512,5,3,1,101,201,301,0.007323083698749542,0.012108615279197692,0.0002474800013005734,4.733817149826791e-06,2000,max_epochs,2.551911501970608
mu+sigma,2,512,5,3,2,102,202,302,0.0227434344291687,0.029571300268173218,0.004594919174909591,8.259933565568645e-06,2000,max_epochs,2.555984568025451
mu+sigma,2,512,5,3,3,103,203,303,0.006976928651332855,0.010960475564002991,0.00021802418865263462,1.109718232328305e-05,2000,max_epochs,2.5648971530026756
mu+sigma,2,512,5,3,4,104,204,304,0.01780579400062561,0.029203137397766112,0.0012611245959997176,0.0003659545909613371,2000,max_epochs,2.563453891023528
mu+sigma,2,512,5,3,5,105,205,305,0.004663071542978287,0.008249058842658996,0.00011028592567890883,9.995721939048963e-07,383,stopping_threshold,0.49160778400255367
mu+sigma,2,512,5,3,6,106,206,306,0.03148106360435486,0.04054762935638428,0.005051208794116974,4.432685091160238e-05,2000,max_epochs,2.5644900720217265
mu+sigma,2,512,5,4,0,100,200,300,0.0051138755083084105,0.009112877428531646,0.00014233766589313745,9.996322205552133e-07,278,stopping_threshold,0.3578214049921371
mu+sigma,2,512,5,4,1,101,201,301,0.007226226091384888,0.011944236755371094,0.00023447012156248092,9.97377242129005e-07,1004,stopping_threshold,1.2908151980373077
mu+sigma,2,512,5,4,2,102,202,302,0.02533480978012085,0.032742720365524294,0.006193462491035462,8.193244866561145e-06,2000,max_epochs,2.5629116450436413
mu+sigma,2,512,5,4,3,103,203,303,0.006995646834373474,0.011264033436775208,0.00022607560828328134,1.1026636457245331e-05,2000,max_epochs,2.5678859669715166
mu+sigma,2,512,5,4,4,104,204,304,0.018624817848205567,0.025477691173553467,0.0015546723157167435,0.00015067914500832558,2000,max_epochs,2.569886991987005
mu+sigma,2,512,5,4,5,105,205,305,0.004796413660049438,0.008348246216773986,0.0001154875298961997,9.99718508865044e-07,508,stopping_threshold,0.6540349249844439
mu+sigma,2,512,5,4,6,106,206,306,0.033323002099990846,0.04241227722167969,0.006004469454288483,1.865095146058593e-05,2000,max_epochs,2.570716259011533
mu+sigma,2,512,5,8,0,100,200,300,0.004929127514362335,0.008714545547962188,0.00012987039051949977,9.997069128075964e-07,692,stopping_threshold,0.8898328259820119
mu+sigma,2,512,5,8,1,101,201,301,0.0073900316953659055,0.011970818877220154,0.00026174506545066834,9.99564576886769e-07,1577,stopping_threshold,2.0194938519853167
mu+sigma,2,512,5,8,2,102,202,302,0.025697603225708007,0.03317451739311218,0.006378039300441742,7.696448847127613e-06,2000,max_epochs,2.564935242990032
mu+sigma,2,512,5,8,3,103,203,303,0.010564195513725281,0.017715322494506837,0.000455405592918396,0.0005748590920120478,2000,max_epochs,2.564609245979227
mu+sigma,2,512,5,8,4,104,204,304,0.016741877675056457,0.0222333288192749,0.0014578800946474075,2.111232561219367e-06,2000,max_epochs,2.5586675999802537
mu+sigma,2,512,5,8,5,105,205,305,0.011648833870887757,0.02189904546737671,0.0005689421221613884,0.0010105852270498872,2000,max_epochs,2.5654908299911767
mu+sigma,2,512,5,8,6,106,206,306,0.030799231052398682,0.0395933895111084,0.004962697625160217,2.895613306463929e-06,2000,max_epochs,2.5779441780177876
mu+sigma,2,512,10,1,0,100,200,300,0.010775344371795654,0.02561791229248047,0.0015663416460156441,1.1688341146509629e-05,2000,max_epochs,2.589782017050311
mu+sigma,2,512,10,1,1,101,201,301,0.005256535172462463,0.0087984299659729,0.00013447498809546232,2.6760599212138914e-05,2000,max_epochs,2.5962689689476974
mu+sigma,2,512,10,1,2,102,202,302,0.0450018949508667,0.056283957958221435,0.013801265716552734,1.4671788903797278e-06,2000,max_epochs,2.59179196000332
mu+sigma,2,512,10,1,3,103,203,303,0.017463127613067626,0.027948525190353395,0.001546488657593727,0.000239428598433733,2000,max_epochs,2.597055409976747
mu+sigma,2,512,10,1,4,104,204,304,0.007266341269016266,0.011157299876213073,0.000242076363414526,2.5292201826232485e-05,2000,max_epochs,2.5967770070419647
mu+sigma,2,512,10,1,5,105,205,305,0.01662937617301941,0.02202112364768982,0.00262238247692585,9.644360034144484e-06,2000,max_epochs,2.594264777028002
mu+sigma,2,512,10,1,6,106,206,306,0.003851261645555496,0.006845901310443878,7.35125569626689e-05,2.1726023987866938e-05,2000,max_epochs,2.593158299976494
mu+sigma,2,512,10,2,0,100,200,300,0.012079540848731994,0.029469577074050905,0.0021908100992441178,1.1988594451395329e-05,2000,max_epochs,2.5778330699540675
mu+sigma,2,512,10,2,1,101,201,301,0.005291205704212189,0.00893688428401947,0.00013507328368723393,2.7336296625435352e-05,2000,max_epochs,2.5754001780296676
mu+sigma,2,512,10,2,2,102,202,302,0.04216034650802612,0.05280569076538086,0.012128926277160645,1.735550722514745e-05,2000,max_epochs,2.594191097014118
mu+sigma,2,512,10,2,3,103,203,303,0.00876454222202301,0.011999664545059205,0.000526515182107687,6.147706244519213e-06,2000,max_epochs,2.601865718024783
mu+sigma,2,512,10,2,4,104,204,304,0.00856637442111969,0.013268110275268554,0.0003512769341468811,2.9781656849081628e-05,2000,max_epochs,2.595531441969797
mu+sigma,2,512,10,2,5,105,205,305,0.024449400663375854,0.03199556183815003,0.007073831260204316,7.3772257564996835e-06,2000,max_epochs,2.5910617660265416
mu+sigma,2,512,10,2,6,106,206,306,0.0043219332695007325,0.008010805606842041,0.00010203730687499047,3.4375098039163277e-05,2000,max_epochs,2.6083303609630093
mu+sigma,2,512,10,3,0,100,200,300,0.011419700384140015,0.027657644033432006,0.001939477413892746,8.15755902294768e-06,2000,max_epochs,2.614263993978966
mu+sigma,2,512,10,3,1,101,201,301,0.009367213010787964,0.018008833885192872,0.0004217446520924568,0.00021983507031109184,2000,max_epochs,2.607808899017982
mu+sigma,2,512,10,3,2,102,202,302,0.04818652486801148,0.060051364421844486,0.016110233902931214,1.2702831782007706e-06,2000,max_epochs,2.6094163930392824
mu+sigma,2,512,10,3,3,103,203,303,0.02355835437774658,0.04358858823776245,0.0020695421248674395,0.005126866977661848,2000,max_epochs,2.6024640509858727
mu+sigma,2,512,10,3,4,104,204,304,0.009844260692596436,0.014983432054519654,0.0004529821649193764,3.045963603653945e-05,2000,max_epochs,2.606940171972383
mu+sigma,2,512,10,3,5,105,205,305,0.016744370341300965,0.022445081233978273,0.0025752524435520173,1.014864301396301e-05,2000,max_epochs,2.6087840810068883
mu+sigma,2,512,10,3,6,106,206,306,0.025068363666534425,0.049383281707763675,0.0026590268015861513,0.002089922549203038,2000,max_epochs,2.610237570013851
mu+sigma,2,512,10,4,0,100,200,300,0.011682184457778931,0.02833949089050293,0.0020375613272190095,8.918112143874168e-06,2000,max_epochs,2.6076587029965594
mu+sigma,2,512,10,4,1,101,201,301,0.004854622185230255,0.00830243855714798,0.00011011594347655773,2.571523691585753e-05,2000,max_epochs,2.603723861044273
mu+sigma,2,512,10,4,2,102,202,302,0.04687730264663696,0.05856198024749756,0.015144432544708252,1.406368824063975e-06,2000,max_epochs,2.6045988260302693
mu+sigma,2,512,10,4,3,103,203,303,0.011502496361732483,0.018534538269042968,0.0005623570680618286,0.00020875874906778336,2000,max_epochs,2.6057790059712715
mu+sigma,2,512,10,4,4,104,204,304,0.008600752294063568,0.012436890840530396,0.000381137739866972,2.3987668100744486e-05,2000,max_epochs,2.592221514962148
mu+sigma,2,512,10,4,5,105,205,305,0.01660513162612915,0.02183805847167969,0.002664708063006401,1.0882861715799663e-05,2000,max_epochs,2.5961567809572443
mu+sigma,2,512,10,4,6,106,206,306,0.006291118621826172,0.0117732093334198,0.00018179800361394882,0.0001386945805279538,2000,max_epochs,2.5980127890361473
mu+sigma,2,512,10,8,0,100,200,300,0.005214725077152252,0.011841867566108704,0.00027923920191824436,1.2284770491532981e-05,2000,max_epochs,2.6017431459622458
mu+sigma,2,512,10,8,1,101,201,301,0.005384162604808808,0.009123398184776307,0.00014150824304670094,2.8414971893653274e-05,2000,max_epochs,2.600308952969499
mu+sigma,2,512,10,8,2,102,202,302,0.044081947326660154,0.05511901473999024,0.01314152753353119,1.4510450228044647e-06,2000,max_epochs,2.599321100045927
mu+sigma,2,512,10,8,3,103,203,303,0.007799801588058472,0.011436230301856995,0.0003447102680802345,2.1226964236120693e-05,2000,max_epochs,2.6048166769905947
mu+sigma,2,512,10,8,4,104,204,304,0.00935944551229477,0.013818703651428222,0.0004256386049091816,2.1979916709824465e-05,2000,max_epochs,2.5957238390110433
mu+sigma,2,512,10,8,5,105,205,305,0.016204992055892944,0.022243735790252687,0.00234185466170311,6.420820227504009e-06,2000,max_epochs,2.6124175809673034
mu+sigma,2,512,10,8,6,106,206,306,0.0036440044045448305,0.006334314882755279,6.725335633382202e-05,1.6161360690603033e-05,2000,max_epochs,2.607031124003697
mu+sigma,2,512,100,1,0,100,200,300,0.009052156627178192,0.018132246375083923,0.00041517195105552674,0.00018055950931739062,2000,max_epochs,3.0597730259760283
mu+sigma,2,512,100,1,1,101,201,301,0.019714301347732544,0.03931577873229981,0.0017108186781406402,0.0021663056686520576,2000,max_epochs,3.060074765991885
mu+sigma,2,512,100,1,2,102,202,302,0.003993864953517914,0.006750268936157227,7.036337908357382e-05,5.0514972826931626e-05,2000,max_epochs,3.0580451090354472
mu+sigma,2,512,100,1,3,103,203,303,0.004572109699249267,0.008759711980819701,0.0001217340361326933,0.00023963183048181236,2000,max_epochs,3.056042146985419
mu+sigma,2,512,100,1,4,104,204,304,0.0038111961185932157,0.006495902717113495,6.29187892191112e-05,7.778781582601368e-05,2000,max_epochs,3.061842830036767
mu+sigma,2,512,100,1,5,105,205,305,0.005384853303432464,0.008722411215305328,0.0003567084334790707,6.048282375559211e-05,2000,max_epochs,3.0548095980193466
mu+sigma,2,512,100,1,6,106,206,306,0.003741804927587509,0.006810267746448517,6.557905906811356e-05,5.75889898755122e-05,2000,max_epochs,3.0722606570343487
mu+sigma,2,512,100,2,0,100,200,300,0.003929892152547836,0.007247203350067138,7.275704387575388e-05,6.600657070521265e-05,2000,max_epochs,3.0781695769983344
mu+sigma,2,512,100,2,1,101,201,301,0.0037136806845664977,0.006588785648345947,6.783178402110934e-05,5.472677730722353e-05,2000,max_epochs,3.071032229985576
mu+sigma,2,512,100,2,2,102,202,302,0.0048166999816894535,0.008071267247200012,9.66382259503007e-05,0.00010991103772539645,2000,max_epochs,3.0664123390452005
mu+sigma,2,512,100,2,3,103,203,303,0.0036156239807605744,0.0063804897665977476,6.670515984296798e-05,4.905120295006782e-05,2000,max_epochs,3.0728232620167546
mu+sigma,2,512,100,2,4,104,204,304,0.004009183347225189,0.00703100448846817,6.936840154230595e-05,8.123807492665946e-05,2000,max_epochs,3.0638326469925232
mu+sigma,2,512,100,2,5,105,205,305,0.005194626212120056,0.008252391099929809,0.0003440642487257719,5.58162500965409e-05,2000,max_epochs,3.059287043986842
mu+sigma,2,512,100,2,6,106,206,306,0.013135608434677124,0.02629404091835022,0.0008007639944553375,0.0007108338177204132,2000,max_epochs,3.0688377509941347
mu+sigma,2,512,100,3,0,100,200,300,0.0069172255396842955,0.013631317853927613,0.00024308360926806927,0.0002114120579790324,2000,max_epochs,3.0747359709930606
mu+sigma,2,512,100,3,1,101,201,301,0.010420466780662536,0.02135758376121521,0.0005642906427383423,0.0006073484546504915,2000,max_epochs,3.0717836910043843
mu+sigma,2,512,100,3,2,102,202,302,0.004693256169557572,0.007633589684963226,0.00012962615583091974,4.9171492719324306e-05,2000,max_epochs,3.0831182330148295
mu+sigma,2,512,100,3,3,103,203,303,0.00603408408164978,0.011695997595787048,0.00018047858029603958,0.00016292507643811405,2000,max_epochs,3.0837909859837964
mu+sigma,2,512,100,3,4,104,204,304,0.003886900156736374,0.006689209520816803,6.486896704882383e-05,7.884054502937943e-05,2000,max_epochs,3.0837107289698906
mu+sigma,2,512,100,3,5,105,205,305,0.05579136896133423,0.11226762962341309,0.013687455892562867,0.00710707064718008,2000,max_epochs,3.0791061399504542
mu+sigma,2,512,100,3,6,106,206,306,0.0037807715237140656,0.007004362940788269,7.247157022356986e-05,0.0006161040510050952,2000,max_epochs,3.082411694980692
mu+sigma,2,512,100,4,0,100,200,300,0.0037660121023654937,0.006883987545967102,6.691921316087246e-05,6.474589463323355e-05,2000,max_epochs,3.0638726170291193
mu+sigma,2,512,100,4,1,101,201,301,0.003560739427804947,0.006323764741420746,6.318058632314206e-05,5.281665289658122e-05,2000,max_epochs,3.0652931109652855
mu+sigma,2,512,100,4,2,102,202,302,0.004790578842163086,0.007979304850101471,0.00012308829370886087,5.945049997535534e-05,2000,max_epochs,3.059734024980571
mu+sigma,2,512,100,4,3,103,203,303,0.0043491127490997315,0.007945556640625,8.929028920829296e-05,6.738485535606742e-05,2000,max_epochs,3.065335243998561
mu+sigma,2,512,100,4,4,104,204,304,0.0037699214220046997,0.006410459816455841,6.291397893801332e-05,7.778582948958501e-05,2000,max_epochs,3.067135758989025
mu+sigma,2,512,100,4,5,105,205,305,0.011008930087089539,0.021510060787200927,0.0005484433919191361,0.0004135771014261991,2000,max_epochs,3.0638096990296617
mu+sigma,2,512,100,4,6,106,206,306,0.01012173902988434,0.02023300313949585,0.0005007772892713547,0.0007106533739715815,2000,max_epochs,3.059178454976063
mu+sigma,2,512,100,8,0,100,200,300,0.05237716150283814,0.10369421005249023,0.011407665491104125,0.00753798009827733,2000,max_epochs,3.072250304976478
mu+sigma,2,512,100,8,1,101,201,301,0.00374099001288414,0.006751257181167603,6.842921953648329e-05,5.753996083512902e-05,2000,max_epochs,3.075442010012921
mu+sigma,2,512,100,8,2,102,202,302,0.004290419518947601,0.0071551288962364195,9.12971431389451e-05,5.043424607720226e-05,2000,max_epochs,3.071402495028451
mu+sigma,2,512,100,8,3,103,203,303,0.03708238172531128,0.074791832447052,0.006091257274150849,0.003176736645400524,2000,max_epochs,3.070510662975721
mu+sigma,2,512,100,8,4,104,204,304,0.025765047550201415,0.05217014217376709,0.003020501047372818,0.001979085383936763,2000,max_epochs,3.0723257180070505
mu+sigma,2,512,100,8,5,105,205,305,0.00437440013885498,0.007870698750019074,8.682039845734835e-05,6.612563447561115e-05,2000,max_epochs,3.071644562005531
mu+sigma,2,512,100,8,6,106,206,306,0.003743089348077774,0.006791312873363495,6.371683534234762e-05,5.770571078755893e-05,2000,max_epochs,3.0758464349783026
mu+sigma,2,512,1000,1,0,100,200,300,0.006381949067115784,0.01283998692035675,0.00022712361253798008,0.000390316340373829,2000,max_epochs,23.585380734992214
mu+sigma,2,512,1000,1,1,101,201,301,0.0037183216810226442,0.006665503203868866,6.317039486020804e-05,6.208586582215503e-05,2000,max_epochs,23.610827172000427
mu+sigma,2,512,1000,1,2,102,202,302,0.004582806289196014,0.008733039498329162,0.0001024384805932641,0.00011568381323013454,2000,max_epochs,23.70206837099977
mu+sigma,2,512,1000,1,3,103,203,303,0.0035451640188694,0.006331607937812805,6.721721030771732e-05,8.657930075423792e-05,2000,max_epochs,23.554213029972743
mu+sigma,2,512,1000,1,4,104,204,304,0.007764304041862488,0.0158554904460907,0.00033215347304940224,0.00031484551029279826,2000,max_epochs,23.515223928028718
mu+sigma,2,512,1000,1,5,105,205,305,0.004005441814661026,0.007282090663909912,7.22628440707922e-05,6.285552855115383e-05,2000,max_epochs,23.6200805749977
mu+sigma,2,512,1000,1,6,106,206,306,0.01583605456352234,0.03064383339881897,0.0010417654067277908,0.0010552511848509311,2000,max_epochs,23.553670645982493
mu+sigma,2,512,1000,2,0,100,200,300,0.0037100127339363097,0.006653717219829559,6.265476858243346e-05,6.200264027575031e-05,2000,max_epochs,24.41405326803215
mu+sigma,2,512,1000,2,1,101,201,301,0.0082660693526268,0.016352872371673585,0.00033584211021661756,0.0003824998650234193,2000,max_epochs,24.519800829002634
mu+sigma,2,512,1000,2,2,102,202,302,0.005865002453327179,0.01146971583366394,0.00017248395271599292,0.00011551878438331187,2000,max_epochs,24.40612343099201
mu+sigma,2,512,1000,2,3,103,203,303,0.01912463915348053,0.03867137360572815,0.001666846215724945,0.001154054899699986,2000,max_epochs,24.43943741801195
mu+sigma,2,512,1000,2,4,104,204,304,0.011937349081039429,0.024532191038131715,0.0007218828499317169,0.0007392551065422595,2000,max_epochs,24.481302554020658
mu+sigma,2,512,1000,2,5,105,205,305,0.020533466815948486,0.04143287086486817,0.001892396256327629,0.0010848036697134376,2000,max_epochs,24.374091973993927
mu+sigma,2,512,1000,2,6,106,206,306,0.003680302679538727,0.006615328788757324,6.957232719287276e-05,6.922712095547467e-05,2000,max_epochs,24.37417241599178
mu+sigma,2,512,1000,3,0,100,200,300,0.0031342449486255644,0.005673468828201294,5.183485336601734e-05,5.8355403714813295e-05,2000,max_epochs,24.459926763025578
mu+sigma,2,512,1000,3,1,101,201,301,0.002687370330095291,0.005372674405574799,4.519765125587583e-05,8.848856633994728e-05,2000,max_epochs,24.343530118989293
mu+sigma,2,512,1000,3,2,102,202,302,0.003883703738451004,0.007253287851810455,7.391046267002821e-05,6.498388142790645e-05,2000,max_epochs,24.36989127501147
mu+sigma,2,512,1000,3,3,103,203,303,0.018226935386657716,0.03568994474411011,0.001328015461564064,0.001410028012469411,2000,max_epochs,24.469505173969083
mu+sigma,2,512,1000,3,4,104,204,304,0.0034738985896110536,0.006134264171123505,6.178713729605079e-05,6.453591748140753e-05,2000,max_epochs,24.361191077972762
mu+sigma,2,512,1000,3,5,105,205,305,0.005519453227519989,0.010631290316581726,0.00014713305048644543,0.00018339883419685066,2000,max_epochs,24.36686855199514
mu+sigma,2,512,1000,3,6,106,206,306,0.003683684408664703,0.006544502794742584,6.051301723346114e-05,6.350453686900437e-05,2000,max_epochs,24.441520733991638
mu+sigma,2,512,1000,4,0,100,200,300,0.003402699202299118,0.006738147139549256,6.745346169918776e-05,3.730198569246568e-05,2000,max_epochs,24.507568249013275
mu+sigma,2,512,1000,4,1,101,201,301,0.0036753495633602144,0.006604639291763306,6.402021879330277e-05,6.280367803992704e-05,2000,max_epochs,24.509067185979802
mu+sigma,2,512,1000,4,2,102,202,302,0.008584041357040405,0.017176259994506837,0.00035976110026240347,0.0003498547777999192,2000,max_epochs,24.602792960999068
mu+sigma,2,512,1000,4,3,103,203,303,0.005054033875465393,0.009640034675598144,0.00012251028418540954,0.00011291709449142218,2000,max_epochs,24.52238685701741
mu+sigma,2,512,1000,4,4,104,204,304,0.0051869691014289855,0.010316284894943238,0.0001585077028721571,0.00015531305235344915,2000,max_epochs,24.541809128015302
mu+sigma,2,512,1000,4,5,105,205,305,0.005477681279182434,0.01090657389163971,0.00013460886664688588,9.324851247947663e-05,2000,max_epochs,24.598906921979506
mu+sigma,2,512,1000,4,6,106,206,306,0.0036073138415813446,0.006520718276500702,7.173366192728281e-05,9.350276045734063e-05,2000,max_epochs,24.514505386003293
mu+sigma,2,512,1000,8,0,100,200,300,0.003467840999364853,0.006156484186649322,5.950766475871205e-05,6.130782654508948e-05,2000,max_epochs,24.639511206012685
mu+sigma,2,512,1000,8,1,101,201,301,0.0071265815496444705,0.014287277460098266,0.00025895086862146857,0.0003053651568479836,2000,max_epochs,24.71088393701939
mu+sigma,2,512,1000,8,2,102,202,302,0.007729514420032501,0.015462100148200989,0.00027770356833934783,0.0005677425663452595,2000,max_epochs,24.615652116015553
mu+sigma,2,512,1000,8,3,103,203,303,0.003690652161836624,0.0067401162981987,6.535211252048611e-05,6.62241613608785e-05,2000,max_epochs,24.64618706901092
mu+sigma,2,512,1000,8,4,104,204,304,0.002922818511724472,0.005896646797657013,4.590076860040426e-05,1.8700695771258323e-05,2000,max_epochs,24.690451036964078
mu+sigma,2,512,1000,8,5,105,205,305,0.002640329748392105,0.004914734423160553,3.788392059504986e-05,4.9387371342163535e-05,2000,max_epochs,24.59521015494829
mu+sigma,2,512,1000,8,6,106,206,306,0.006982914030551911,0.012465088725090027,0.00019874241575598716,0.0005215730497147888,2000,max_epochs,24.61881001497386
mu+sigma,2,1024,5,1,0,100,200,300,0.004600208878517151,0.007927765369415283,9.320085495710373e-05,3.612880391301587e-05,2000,max_epochs,2.599612745048944
mu+sigma,2,1024,5,1,1,101,201,301,0.008244824171066284,0.012467832326889038,0.00034207163378596305,7.052851287880912e-06,2000,max_epochs,2.6004667779779993
mu+sigma,2,1024,5,1,2,102,202,302,0.034810308694839476,0.04367057037353515,0.008476034760475159,3.5988389299745904e-06,2000,max_epochs,2.598497780971229
mu+sigma,2,1024,5,1,3,103,203,303,0.022558118820190428,0.03276428484916687,0.002431412324309349,0.00021426107559818774,2000,max_epochs,2.599645280977711
mu+sigma,2,1024,5,1,4,104,204,304,0.014960449814796448,0.01994801878929138,0.0011551906764507294,2.584073854450253e-06,2000,max_epochs,2.5999401590088382
mu+sigma,2,1024,5,1,5,105,205,305,0.0043398557305336,0.007862378835678101,0.00010051542147994041,9.9884698556707e-07,413,stopping_threshold,0.5387354840058833
mu+sigma,2,1024,5,1,6,106,206,306,0.03607995939254761,0.04562462043762207,0.007433849215507507,3.2154966902453452e-06,2000,max_epochs,2.600450628029648
mu+sigma,2,1024,5,2,0,100,200,300,0.006494108736515045,0.010820839524269104,0.00023854238912463188,2.710725993892993e-06,2000,max_epochs,2.581705246993806
mu+sigma,2,1024,5,2,1,101,201,301,0.006536164343357086,0.010813754320144654,0.0002136563491076231,0.00018801644910126925,2000,max_epochs,2.583257958991453
mu+sigma,2,1024,5,2,2,102,202,302,0.03240928554534912,0.041142484188079836,0.007700652718544006,7.446709059877321e-05,2000,max_epochs,2.5838093200000003
mu+sigma,2,1024,5,2,3,103,203,303,0.00796023565530777,0.011665698289871216,0.00030256329849362375,1.0751223271654453e-05,2000,max_epochs,2.5816315970150754
mu+sigma,2,1024,5,2,4,104,204,304,0.029465919733047484,0.04790719175338745,0.0028609576523303984,0.0034426450729370117,2000,max_epochs,2.5823617900023237
mu+sigma,2,1024,5,2,5,105,205,305,0.004241611510515213,0.007410588562488556,8.32964600995183e-05,9.389065098730498e-07,120,stopping_threshold,0.1553394540096633
mu+sigma,2,1024,5,2,6,106,206,306,0.03285297060012817,0.04208081674575806,0.0057763391733169555,1.9689687178470194e-06,2000,max_epochs,2.589099715987686
mu+sigma,2,1024,5,3,0,100,200,300,0.004893325448036194,0.00838746267557144,0.0001236317902803421,7.767785973555874e-06,2000,max_epochs,2.5868508329731412
mu+sigma,2,1024,5,3,1,101,201,301,0.03928447103500366,0.07614719486236572,0.006296322405338287,0.005414014682173729,2000,max_epochs,2.5866512450156733
mu+sigma,2,1024,5,3,2,102,202,302,0.03622780060768128,0.04554480457305908,0.009005485475063324,4.21310096498928e-06,2000,max_epochs,2.583331978006754
mu+sigma,2,1024,5,3,3,103,203,303,0.018321583032608033,0.032579236507415774,0.0015097670406103135,0.0005095428205095232,2000,max_epochs,2.5853578590322286
mu+sigma,2,1024,5,3,4,104,204,304,0.015983482360839844,0.024340756177902222,0.0010669818073511124,7.302878657355905e-05,2000,max_epochs,2.584815781970974
mu+sigma,2,1024,5,3,5,105,205,305,0.004476127684116363,0.008055245518684388,0.00010516430903226137,9.938977427736972e-07,297,stopping_threshold,0.3855805810308084
mu+sigma,2,1024,5,3,6,106,206,306,0.03231972122192383,0.04188001394271851,0.005457239985466003,7.235813427541871e-06,2000,max_epochs,2.583767208037898
mu+sigma,2,1024,5,4,0,100,200,300,0.005203627228736877,0.009341781735420227,0.00012536491267383098,0.0001373688137391582,2000,max_epochs,2.578420033038128
mu+sigma,2,1024,5,4,1,101,201,301,0.008456919312477112,0.013274792551994324,0.0003430681489408016,1.6967236433629296e-06,2000,max_epochs,2.582918893021997
mu+sigma,2,1024,5,4,2,102,202,302,0.03581916093826294,0.044997579097747806,0.009138914346694947,3.126788215013221e-06,2000,max_epochs,2.5765831230091862
mu+sigma,2,1024,5,4,3,103,203,303,0.010958592653274537,0.015263521909713746,0.0006385982632637024,6.515741461043945e-06,2000,max_epochs,2.5680350189795718
mu+sigma,2,1024,5,4,4,104,204,304,0.015032936930656432,0.021195757627487183,0.0010728662312030793,0.000789825280662626,2000,max_epochs,2.5663477680063806
mu+sigma,2,1024,5,4,5,105,205,305,0.00478340995311737,0.008437371730804444,0.0001169914212077856,9.987472822103882e-07,274,stopping_threshold,0.353143680957146
mu+sigma,2,1024,5,4,6,106,206,306,0.03424123525619507,0.04756842660903931,0.005670438408851623,0.00020369207777548581,2000,max_epochs,2.567813443019986
mu+sigma,2,1024,5,8,0,100,200,300,0.005316807746887207,0.009208936810493468,0.0001512148091569543,1.5650865634597722e-06,2000,max_epochs,2.5757920920150355
mu+sigma,2,1024,5,8,1,101,201,301,0.0082310152053833,0.01278221607208252,0.00034125735238194467,1.8741390022114501e-06,2000,max_epochs,2.5762782850069925
mu+sigma,2,1024,5,8,2,102,202,302,0.03781961369514465,0.04765185070037842,0.009556447386741638,4.206441644782899e-06,2000,max_epochs,2.592505510954652
mu+sigma,2,1024,5,8,3,103,203,303,0.012530248045921327,0.022385982751846313,0.0007024521455168724,0.0002353514137212187,2000,max_epochs,2.5731019100057893
mu+sigma,2,1024,5,8,4,104,204,304,0.015477932810783386,0.02045922541618347,0.0012482569664716721,6.205727004271466e-06,2000,max_epochs,2.57620756898541
mu+sigma,2,1024,5,8,5,105,205,305,0.004797783374786377,0.008275476932525635,0.00011331696528941392,9.99383587441116e-07,175,stopping_threshold,0.22623815899714828
mu+sigma,2,1024,5,8,6,106,206,306,0.032186463594436644,0.04136873435974121,0.0054312943816184995,2.4213834421971114e-06,2000,max_epochs,2.5709312990074977
mu+sigma,2,1024,10,1,0,100,200,300,0.022289122343063354,0.05310572099685669,0.005729074418544769,0.0002284538495587185,2000,max_epochs,2.6039550679852255
mu+sigma,2,1024,10,1,1,101,201,301,0.039901866436004636,0.07889545345306397,0.006689894139766693,0.0038845730014145374,2000,max_epochs,2.599410357011948
mu+sigma,2,1024,10,1,2,102,202,302,0.02916536259651184,0.036989253520965576,0.005291526734828949,1.6962820836852188e-06,2000,max_epochs,2.643873288994655
mu+sigma,2,1024,10,1,3,103,203,303,0.014676924467086792,0.02244269847869873,0.001272269904613495,0.00027291179867461324,2000,max_epochs,2.6010336179751903
mu+sigma,2,1024,10,1,4,104,204,304,0.005650339722633362,0.009340125620365142,0.0001479882812127471,3.622512667789124e-05,2000,max_epochs,2.5978089260170236
mu+sigma,2,1024,10,1,5,105,205,305,0.015022158265113831,0.020194647312164308,0.0017100926041603089,6.696567197650438e-06,2000,max_epochs,2.6049859749618918
mu+sigma,2,1024,10,1,6,106,206,306,0.0038351346254348754,0.0068075239062309265,7.357846014201641e-05,2.1181775082368404e-05,2000,max_epochs,2.593025451991707
mu+sigma,2,1024,10,2,0,100,200,300,0.017447702169418336,0.04382257413864136,0.0049659299850463865,9.351164771942422e-05,2000,max_epochs,2.5763185389805585
mu+sigma,2,1024,10,2,1,101,201,301,0.005670778334140778,0.009405595541000367,0.00014959281869232654,2.6904530386673287e-05,2000,max_epochs,2.572994430025574
mu+sigma,2,1024,10,2,2,102,202,302,0.02245953178405762,0.028287639617919923,0.0031861131489276887,9.936060223481036e-07,551,stopping_threshold,0.7167188670136966
mu+sigma,2,1024,10,2,3,103,203,303,0.009620731592178345,0.013017783999443054,0.00073048085719347,4.736738901556237e-06,2000,max_epochs,2.5809307820163667
mu+sigma,2,1024,10,2,4,104,204,304,0.0066197670698165895,0.0108428852558136,0.00021369756013154984,4.200926923658699e-05,2000,max_epochs,2.5794118449557573
mu+sigma,2,1024,10,2,5,105,205,305,0.009935209035873412,0.015019502997398376,0.0007057944610714912,4.9741574912332e-06,2000,max_epochs,2.5802320439834148
mu+sigma,2,1024,10,2,6,106,206,306,0.004186959624290466,0.007398819148540497,7.56293786689639e-05,4.408802851685323e-05,2000,max_epochs,2.582307200995274
mu+sigma,2,1024,10,3,0,100,200,300,0.014229729056358338,0.03592363047599793,0.0035628345310688017,2.827002390404232e-05,2000,max_epochs,2.5777715820004232
mu+sigma,2,1024,10,3,1,101,201,301,0.00513903546333313,0.00906667333841324,0.00012411796767264604,0.0005079377442598343,2000,max_epochs,2.5816443899529986
mu+sigma,2,1024,10,3,2,102,202,302,0.03036855673789978,0.038376338005065916,0.006013023853302002,1.4500243423754e-06,2000,max_epochs,2.578042185981758
mu+sigma,2,1024,10,3,3,103,203,303,0.008221256256103515,0.011290315628051759,0.0004592488147318363,5.838926426804392e-06,2000,max_epochs,2.580532938009128
mu+sigma,2,1024,10,3,4,104,204,304,0.010830533027648926,0.018311137557029723,0.0005104435421526432,0.0004745230544358492,2000,max_epochs,2.578282783040777
mu+sigma,2,1024,10,3,5,105,205,305,0.01671834409236908,0.022401715993881226,0.002523485630750656,7.643679964530747e-06,2000,max_epochs,2.5785962070222013
mu+sigma,2,1024,10,3,6,106,206,306,0.006025670766830444,0.011834259510040284,0.00019241406954824926,5.603154932032339e-05,2000,max_epochs,2.5731671400135383
mu+sigma,2,1024,10,4,0,100,200,300,0.014805976390838624,0.037452971458435055,0.0037905563712120056,4.107824497623369e-05,2000,max_epochs,2.6262188580003567
mu+sigma,2,1024,10,4,1,101,201,301,0.0051214823126792906,0.008602332055568694,0.000127859097905457,2.100313395203557e-05,2000,max_epochs,2.637535988993477
mu+sigma,2,1024,10,4,2,102,202,302,0.029907159805297852,0.03790934944152832,0.0057489100694656375,1.6225282024606713e-06,2000,max_epochs,2.5747745449771173
mu+sigma,2,1024,10,4,3,103,203,303,0.015137964248657227,0.024787856101989747,0.001011124387383461,0.0006162081263028085,2000,max_epochs,2.5798765840008855
mu+sigma,2,1024,10,4,4,104,204,304,0.006161383271217346,0.009917475342750549,0.00017669256217777728,3.593447036109865e-05,2000,max_epochs,2.5775320819811895
mu+sigma,2,1024,10,4,5,105,205,305,0.016246235013008117,0.021825888872146607,0.002248952507972717,7.16972454029019e-06,2000,max_epochs,2.5779690890340135
mu+sigma,2,1024,10,4,6,106,206,306,0.013819234967231751,0.027856623172760008,0.0008970164358615875,0.0010592492762953043,2000,max_epochs,2.645991210010834
mu+sigma,2,1024,10,8,0,100,200,300,0.004745815634727478,0.009644806742668151,0.00014013548009097576,3.720885797520168e-05,2000,max_epochs,2.641775119001977
mu+sigma,2,1024,10,8,1,101,201,301,0.005580719232559204,0.009407494187355042,0.00015292071364820004,2.620515260787215e-05,2000,max_epochs,2.6600838840240613
mu+sigma,2,1024,10,8,2,102,202,302,0.030060341835021973,0.038064233779907225,0.005799285233020783,1.6018926771721453e-06,2000,max_epochs,2.6580191199900582
mu+sigma,2,1024,10,8,3,103,203,303,0.009677949666976928,0.015368536233901978,0.00048112817481160166,6.520342139992863e-05,2000,max_epochs,2.6565718720084988
mu+sigma,2,1024,10,8,4,104,204,304,0.00866003155708313,0.014547274827957153,0.0003343706913292408,6.990943074924871e-05,2000,max_epochs,2.660936358035542
mu+sigma,2,1024,10,8,5,105,205,305,0.01656109607219696,0.02302427387237549,0.002260246530175209,5.054837401985424e-06,2000,max_epochs,2.6577149290242232
mu+sigma,2,1024,10,8,6,106,206,306,0.0036650876998901368,0.0063717936873435976,6.731991795822978e-05,1.4441829080169555e-05,2000,max_epochs,2.6609002460027114
mu+sigma,2,1024,100,1,0,100,200,300,0.004081881552934647,0.007644407749176026,9.554910007864237e-05,0.00010065993410535157,2000,max_epochs,4.916182548971847
mu+sigma,2,1024,100,1,1,101,201,301,0.0036797621846199036,0.006472455382347107,6.816289201378822e-05,4.934703974868171e-05,2000,max_epochs,4.9209995699930005
mu+sigma,2,1024,100,1,2,102,202,302,0.0045203760862350464,0.007417033910751342,0.00010051373112946749,4.709422501036897e-05,2000,max_epochs,4.921510769985616
mu+sigma,2,1024,100,1,3,103,203,303,0.004360384464263916,0.008020295083522797,8.879205584526063e-05,9.561839397065341e-05,2000,max_epochs,4.923955334001221
mu+sigma,2,1024,100,1,4,104,204,304,0.0038421410620212556,0.006468505442142487,6.952058104798197e-05,6.776100053684786e-05,2000,max_epochs,4.918462014000397
mu+sigma,2,1024,100,1,5,105,205,305,0.003872160464525223,0.006923040568828582,7.070042286068201e-05,6.77740026731044e-05,2000,max_epochs,4.92402543197386
mu+sigma,2,1024,100,1,6,106,206,306,0.003706467270851135,0.006761305034160614,6.454596668481827e-05,5.738995969295502e-05,2000,max_epochs,4.931527141015977
mu+sigma,2,1024,100,2,0,100,200,300,0.003922293514013291,0.007255189001560212,7.251729071140289e-05,6.781346746720374e-05,2000,max_epochs,5.112453068024479
mu+sigma,2,1024,100,2,1,101,201,301,0.0037590237557888033,0.006619650959968567,6.934361718595029e-05,5.0440819904906675e-05,2000,max_epochs,5.128342742973473
mu+sigma,2,1024,100,2,2,102,202,302,0.004007770627737045,0.006745299518108368,7.189114298671484e-05,4.884736335952766e-05,2000,max_epochs,5.111977740947623
mu+sigma,2,1024,100,2,3,103,203,303,0.0035103147625923157,0.006323905050754547,6.016612332314253e-05,5.490679177455604e-05,2000,max_epochs,5.107575470989104
mu+sigma,2,1024,100,2,4,104,204,304,0.0041390161216259,0.0070562025308609005,8.384508360177278e-05,6.956237484700978e-05,2000,max_epochs,5.125648609013297
mu+sigma,2,1024,100,2,5,105,205,305,0.004610726237297058,0.007377975583076477,0.00032285150978714227,5.847034844919108e-05,2000,max_epochs,5.107184565975331
mu+sigma,2,1024,100,2,6,106,206,306,0.010585801362991334,0.020977609634399413,0.0005277148559689522,0.00041595054790377617,2000,max_epochs,5.097400457016192
mu+sigma,2,1024,100,3,0,100,200,300,0.007116708338260651,0.013988126039505005,0.00025190610997378825,0.00012503532343544066,2000,max_epochs,5.093515360960737
mu+sigma,2,1024,100,3,1,101,201,301,0.008666759967803955,0.016688375234603883,0.0003544623926281929,0.00028549364651553333,2000,max_epochs,5.086553253000602
mu+sigma,2,1024,100,3,2,102,202,302,0.004184805005788803,0.00704269140958786,8.565284684300422e-05,4.793172047357075e-05,2000,max_epochs,5.089620460988954
mu+sigma,2,1024,100,3,3,103,203,303,0.003457656115293503,0.006198056340217591,5.905803758651018e-05,5.374443207983859e-05,2000,max_epochs,5.100369536026847
mu+sigma,2,1024,100,3,4,104,204,304,0.0038005928695201874,0.006569545686244965,6.291090603917837e-05,7.47662124922499e-05,2000,max_epochs,5.083537977014203
mu+sigma,2,1024,100,3,5,105,205,305,0.003664600312709808,0.006391676068305969,6.492463685572147e-05,6.374317308655009e-05,2000,max_epochs,5.080876665015239
mu+sigma,2,1024,100,3,6,106,206,306,0.012000069260597228,0.022491633892059326,0.0009536595642566681,0.0005637394497171044,2000,max_epochs,5.101697756035719
mu+sigma,2,1024,100,4,0,100,200,300,0.0037718130946159363,0.006918118834495545,6.678890623152256e-05,6.643603410338983e-05,2000,max_epochs,5.092535333998967
mu+sigma,2,1024,100,4,1,101,201,301,0.0036347086727619173,0.006396424353122711,6.509242579340935e-05,4.950117727275938e-05,2000,max_epochs,5.092469126044307
mu+sigma,2,1024,100,4,2,102,202,302,0.004507839679718018,0.007664802432060242,0.00010191672388464212,5.786934707430191e-05,2000,max_epochs,5.101002149982378
mu+sigma,2,1024,100,4,3,103,203,303,0.00414525094628334,0.007569619059562683,7.789506204426289e-05,5.099972622701898e-05,2000,max_epochs,5.089919716003351
mu+sigma,2,1024,100,4,4,104,204,304,0.03540785241127014,0.0695693063735962,0.005177098393440246,0.003770558862015605,2000,max_epochs,5.087403161043767
mu+sigma,2,1024,100,4,5,105,205,305,0.005792895495891571,0.010826804041862488,0.00015669628977775572,9.62330013862811e-05,2000,max_epochs,5.0980913350358605
mu+sigma,2,1024,100,4,6,106,206,306,0.005114626884460449,0.008286273300647736,0.0003916750168427825,5.3683994337916374e-05,2000,max_epochs,5.08899909601314
mu+sigma,2,1024,100,8,0,100,200,300,0.0036849099099636076,0.006714927613735199,6.381249241530896e-05,6.453673995565623e-05,2000,max_epochs,5.109417843981646
mu+sigma,2,1024,100,8,1,101,201,301,0.003659161627292633,0.0064396681189537045,6.647337507456541e-05,4.8781836085254326e-05,2000,max_epochs,5.119869215006474
mu+sigma,2,1024,100,8,2,102,202,302,0.004340843588113785,0.0071603282690048215,9.731737244874238e-05,4.588652154779993e-05,2000,max_epochs,5.11079712503124
mu+sigma,2,1024,100,8,3,103,203,303,0.0023861768245697023,0.00489128303527832,3.6262594163417813e-05,3.219005520804785e-05,2000,max_epochs,5.1086191739887
mu+sigma,2,1024,100,8,4,104,204,304,0.017657510638237,0.034261492252349854,0.0013019788414239883,0.0007833785493858159,2000,max_epochs,5.127881750988308
mu+sigma,2,1024,100,8,5,105,205,305,0.0043508650660514835,0.00841045606136322,0.00011224783770740033,0.00024527410278096795,2000,max_epochs,5.107428159040865
mu+sigma,2,1024,100,8,6,106,206,306,0.01919607925415039,0.038483833789825436,0.0016669471859931946,0.004564149305224419,2000,max_epochs,5.104660088021774
mu+sigma,2,1024,1000,1,0,100,200,300,0.010727754950523376,0.021796607971191408,0.0005727746225893497,0.0004875165396369994,2000,max_epochs,43.67654481099453
mu+sigma,2,1024,1000,1,1,101,201,301,0.0073214822411537175,0.0144680415391922,0.00026971373707056044,0.0003042817828245461,2000,max_epochs,43.561737451993395
mu+sigma,2,1024,1000,1,2,102,202,302,0.008046993374824524,0.016001558899879455,0.0003228149637579918,0.0006856545973569155,2000,max_epochs,43.575829404988326
mu+sigma,2,1024,1000,1,3,103,203,303,0.0035392420887947083,0.006355984508991242,6.230119103565812e-05,0.0003175772691029124,2000,max_epochs,43.709273560962174
mu+sigma,2,1024,1000,1,4,104,204,304,0.007841599583625793,0.0160532865524292,0.00033987370505928995,0.0003144397558644414,2000,max_epochs,43.4457046649768
mu+sigma,2,1024,1000,1,5,105,205,305,0.008805455327033997,0.01794631040096283,0.00040488478541374207,0.0007286839368753135,2000,max_epochs,43.51184009498684
mu+sigma,2,1024,1000,1,6,106,206,306,0.003566302567720413,0.006342383325099945,6.0024595353752374e-05,6.553790403995663e-05,2000,max_epochs,43.802117175015155
mu+sigma,2,1024,1000,2,0,100,200,300,0.0028873764872550966,0.00558725768327713,4.306048853322864e-05,4.841547453543171e-05,2000,max_epochs,44.81452025001636
mu+sigma,2,1024,1000,2,1,101,201,301,0.00886758780479431,0.017615878105163574,0.00038774297758936883,0.00036271767877042293,2000,max_epochs,44.77964834996965
mu+sigma,2,1024,1000,2,2,102,202,302,0.0037001360058784485,0.0067368302941322325,6.49067359045148e-05,6.167442968580872e-05,2000,max_epochs,44.94244657503441
mu+sigma,2,1024,1000,2,3,103,203,303,0.008908002614974975,0.01779576313495636,0.00039307472109794615,0.00039835427911020816,2000,max_epochs,44.76437766000163
mu+sigma,2,1024,1000,2,4,104,204,304,0.007978382527828216,0.016349562406539918,0.00034910623729228973,0.0003274914068169892,2000,max_epochs,44.75468637602171
mu+sigma,2,1024,1000,2,5,105,205,305,0.003877753347158432,0.006973874986171722,6.845759786665439e-05,6.82792054140009e-05,2000,max_epochs,44.9545916459756
mu+sigma,2,1024,1000,2,6,106,206,306,0.0036099225282669066,0.00638365238904953,5.9077242854982615e-05,6.298357376363128e-05,2000,max_epochs,44.73930506198667
mu+sigma,2,1024,1000,3,0,100,200,300,0.004549601376056671,0.007716891467571259,0.00010287286154925823,0.00011153814324643463,2000,max_epochs,44.70954025199171
mu+sigma,2,1024,1000,3,1,101,201,301,0.0036341957151889803,0.006407844126224518,6.106315599754452e-05,5.9479206218384204e-05,2000,max_epochs,44.90954030602006
mu+sigma,2,1024,1000,3,2,102,202,302,0.006921679854393005,0.013426319241523743,0.00019717583619058133,0.00011288446094840766,2000,max_epochs,44.7187489560456
mu+sigma,2,1024,1000,3,3,103,203,303,0.007313032388687133,0.01329003381729126,0.00020102228410542013,0.00019161896291188896,2000,max_epochs,44.74081305495929
mu+sigma,2,1024,1000,3,4,104,204,304,0.003227868854999542,0.006110552728176117,5.223759263753891e-05,4.4678378879325464e-05,2000,max_epochs,44.903075258014724
mu+sigma,2,1024,1000,3,5,105,205,305,0.0028786257803440096,0.005230057775974273,4.479045793414116e-05,5.991223655291833e-05,2000,max_epochs,44.69364106998546
mu+sigma,2,1024,1000,3,6,106,206,306,0.004101444035768509,0.0077600905299186704,8.026297856122256e-05,5.635557294590399e-05,2000,max_epochs,44.70863681001356
mu+sigma,2,1024,1000,4,0,100,200,300,0.002393524914979935,0.0047866135239601135,3.283443348482251e-05,2.5645404908573256e-05,2000,max_epochs,45.03574420401128
mu+sigma,2,1024,1000,4,1,101,201,301,0.002837576121091843,0.005519302070140839,4.3747685849666597e-05,3.5740179067943247e-05,2000,max_epochs,44.841240258014295
mu+sigma,2,1024,1000,4,2,102,202,302,0.002954535514116287,0.0055758306384086605,5.199561314657331e-05,3.96903284417931e-05,2000,max_epochs,44.84329855302349
mu+sigma,2,1024,1000,4,3,103,203,303,0.010535454869270326,0.021113949298858643,0.0005317616052925586,0.0002740002190694213,2000,max_epochs,45.062288423010614
mu+sigma,2,1024,1000,4,4,104,204,304,0.015820248246192933,0.032152066469192504,0.0011561341285705566,0.0012673937249928712,2000,max_epochs,44.86457664100453
mu+sigma,2,1024,1000,4,5,105,205,305,0.00459693717956543,0.009275870501995086,0.00010950475558638572,0.0002825921312905848,2000,max_epochs,44.84153012000024
mu+sigma,2,1024,1000,4,6,106,206,306,0.003989547282457351,0.007203543901443481,6.923033250495792e-05,6.950891250744462e-05,2000,max_epochs,44.982858891016804
mu+sigma,2,1024,1000,8,0,100,200,300,0.002018213242292404,0.0040274888873100285,2.4128133663907647e-05,2.364107964967843e-05,2000,max_epochs,45.08779847796541
mu+sigma,2,1024,1000,8,1,101,201,301,0.003766716420650482,0.0067274108529090885,6.346094561740756e-05,6.120577192632482e-05,2000,max_epochs,45.09357910102699
mu+sigma,2,1024,1000,8,2,102,202,302,0.0034675863683223725,0.007009831786155701,6.633320963010192e-05,4.976299687405117e-05,2000,max_epochs,45.28792411996983
mu+sigma,2,1024,1000,8,3,103,203,303,0.0036335701048374174,0.006647144317626953,6.340886047109962e-05,6.581150903366506e-05,2000,max_epochs,45.138491238991264
mu+sigma,2,1024,1000,8,4,104,204,304,0.007763419091701507,0.01599411129951477,0.00034039563313126563,0.0003136794075835496,2000,max_epochs,45.09299718902912
mu+sigma,2,1024,1000,8,5,105,205,305,0.003493123173713684,0.006533934533596039,5.987713299691677e-05,6.152413532254286e-05,2000,max_epochs,45.29629621497588
mu+sigma,2,1024,1000,8,6,106,206,306,0.00415614664554596,0.007597718894481659,7.605602219700814e-05,7.108887081267312e-05,2000,max_epochs,45.11422727297759
mu+sigma+eps,3,16,5,1,0,100,200,300,0.023370909452438353,0.05218841981887817,0.005012348264455796,0.00030392390908673406,2000,max_epochs,2.5579211380099878
mu+sigma+eps,3,16,5,1,1,101,201,301,0.01606689691543579,0.031079796075820922,0.001298382043838501,0.0014213589020073414,2000,max_epochs,2.5493531229440123
mu+sigma+eps,3,16,5,1,2,102,202,302,0.016487359166145323,0.02673198699951172,0.0014211691468954087,8.03785769676324e-06,2000,max_epochs,2.558265414030757
mu+sigma+eps,3,16,5,1,3,103,203,303,0.02391546869277954,0.03768808007240296,0.0024549911022186278,0.003904178738594055,2000,max_epochs,2.5607135759782977
mu+sigma+eps,3,16,5,1,4,104,204,304,0.017895915865898133,0.022507291316986085,0.0012601731419563294,2.119585406035185e-05,2000,max_epochs,2.5590305710211396
mu+sigma+eps,3,16,5,1,5,105,205,305,0.008071169316768646,0.013466703772544861,0.0006816368773579597,8.726796636437939e-07,152,stopping_threshold,0.19348759797867388
mu+sigma+eps,3,16,5,1,6,106,206,306,0.189495361328125,0.21587819290161134,0.16029325103759764,1.5266723494278267e-05,2000,max_epochs,2.5522207320318557
mu+sigma+eps,3,16,5,2,0,100,200,300,0.01039269733428955,0.01801922857761383,0.0007592865899205208,5.520070772035979e-05,2000,max_epochs,2.5640607639797963
mu+sigma+eps,3,16,5,2,1,101,201,301,0.01890864360332489,0.033387380123138424,0.001384668529033661,0.0006019618595018983,2000,max_epochs,2.5994934330228716
mu+sigma+eps,3,16,5,2,2,102,202,302,0.018274531245231627,0.02830202865600586,0.0016295132339000703,8.38598316477146e-06,2000,max_epochs,2.598806120979134
mu+sigma+eps,3,16,5,2,3,103,203,303,0.01581198036670685,0.022841161489486693,0.0012876079380512238,6.395408126991242e-05,2000,max_epochs,2.5953861930174753
mu+sigma+eps,3,16,5,2,4,104,204,304,0.018763764858245848,0.023423269271850587,0.001406320184469223,1.9152714230585843e-05,2000,max_epochs,2.594323617988266
mu+sigma+eps,3,16,5,2,5,105,205,305,0.00934478783607483,0.014465397357940673,0.0008821832314133644,9.98519453787594e-07,908,stopping_threshold,1.178822373971343
mu+sigma+eps,3,16,5,2,6,106,206,306,0.11048586940765381,0.12779820632934571,0.05314770984649658,5.102665090817027e-05,2000,max_epochs,2.600925737991929
mu+sigma+eps,3,16,5,3,0,100,200,300,0.013206447124481201,0.026108630418777465,0.0015682669579982758,3.32562535731995e-06,2000,max_epochs,2.597533278982155
mu+sigma+eps,3,16,5,3,1,101,201,301,0.008936197638511658,0.013385942339897155,0.0003728587366640568,8.01783608039841e-06,2000,max_epochs,2.6042086399975233
mu+sigma+eps,3,16,5,3,2,102,202,302,0.01788288688659668,0.02840446710586548,0.0015596688091754913,7.455751529050758e-06,2000,max_epochs,2.6031734999851324
mu+sigma+eps,3,16,5,3,3,103,203,303,0.013013694882392884,0.018722020149230956,0.0009090211540460587,0.00010789397492771968,2000,max_epochs,2.6012207560124807
mu+sigma+eps,3,16,5,3,4,104,204,304,0.019827412843704224,0.02433477210998535,0.0016222935765981673,1.8876371541409753e-05,2000,max_epochs,2.59842136799125
mu+sigma+eps,3,16,5,3,5,105,205,305,0.01364751374721527,0.01881517004966736,0.0013579360321164132,6.896700028846681e-07,121,stopping_threshold,0.15753398003289476
mu+sigma+eps,3,16,5,3,6,106,206,306,0.08801047039031983,0.10146305084228516,0.03398455357551575,3.420343273319304e-05,2000,max_epochs,2.5971168510150164
mu+sigma+eps,3,16,5,4,0,100,200,300,0.010445344805717469,0.015615415453910828,0.0007599983848631382,3.5418559036770603e-06,2000,max_epochs,2.6001604460179806
mu+sigma+eps,3,16,5,4,1,101,201,301,0.01053524386882782,0.01655808699131012,0.000534594938158989,9.986532631955924e-07,1910,stopping_threshold,2.4889160509919748
mu+sigma+eps,3,16,5,4,2,102,202,302,0.01669520115852356,0.024165687799453734,0.0011725722253322602,5.8395275118527934e-05,2000,max_epochs,2.599280591995921
mu+sigma+eps,3,16,5,4,3,103,203,303,0.015744346618652344,0.022821295976638793,0.0012579275667667388,0.00022554908355232328,2000,max_epochs,2.596353295026347
mu+sigma+eps,3,16,5,4,4,104,204,304,0.01919350528717041,0.023763136625289918,0.001479934073984623,2.1461832147906534e-05,2000,max_epochs,2.598290300986264
mu+sigma+eps,3,16,5,4,5,105,205,305,0.00817358011007309,0.013349846243858337,0.000704899225383997,9.896029951050878e-07,177,stopping_threshold,0.2293150220066309
mu+sigma+eps,3,16,5,4,6,106,206,306,0.09106121253967285,0.1272120132446289,0.03038084840774536,0.004652986768633127,2000,max_epochs,2.61304437200306
mu+sigma+eps,3,16,5,8,0,100,200,300,0.00971520984172821,0.014862270355224609,0.0006567871831357479,7.488988103432348e-06,2000,max_epochs,2.614757871022448
mu+sigma+eps,3,16,5,8,1,101,201,301,0.008869432985782624,0.014793887257575989,0.00040587376803159715,3.582016233849572e-06,2000,max_epochs,2.611812468036078
mu+sigma+eps,3,16,5,8,2,102,202,302,0.01781266236305237,0.02881114721298218,0.0016347640305757524,1.146355953096645e-05,2000,max_epochs,2.6132358030299656
mu+sigma+eps,3,16,5,8,3,103,203,303,0.014273474931716918,0.020380440711975097,0.0011050147041678428,7.536639168392867e-05,2000,max_epochs,2.6092606800375506
mu+sigma+eps,3,16,5,8,4,104,204,304,0.017473597407341005,0.02201675057411194,0.001191985309123993,2.0887380742351525e-05,2000,max_epochs,2.6159111370216124
mu+sigma+eps,3,16,5,8,5,105,205,305,0.008720797300338746,0.013977206110954285,0.0007496320828795433,9.969743359761196e-07,943,stopping_threshold,1.2292772930231877
mu+sigma+eps,3,16,5,8,6,106,206,306,0.21985568046569826,0.25076947021484375,0.21530245399475098,8.894988241081592e-06,2000,max_epochs,2.6087952249799855
mu+sigma+eps,3,16,10,1,0,100,200,300,0.007109352946281433,0.013416590809822082,0.0003186554666608572,0.00010078970808535814,2000,max_epochs,2.6426376670133322
mu+sigma+eps,3,16,10,1,1,101,201,301,0.08587099075317382,0.1685817813873291,0.03064829087257385,0.0010691700736060739,2000,max_epochs,2.6220466950326227
mu+sigma+eps,3,16,10,1,2,102,202,302,0.008122829973697662,0.012076303482055665,0.00038232383504509926,1.21827979455702e-05,2000,max_epochs,2.57030489097815
mu+sigma+eps,3,16,10,1,3,103,203,303,0.007187009274959564,0.011625719904899598,0.00032247257977724073,8.291955055028666e-06,2000,max_epochs,2.5729752340121195
mu+sigma+eps,3,16,10,1,4,104,204,304,0.013989762306213379,0.017636165380477905,0.0011944643780589105,2.7916603357880376e-05,2000,max_epochs,2.569501951977145
mu+sigma+eps,3,16,10,1,5,105,205,305,0.00835723090171814,0.015004997611045838,0.000657368503510952,1.814522511267569e-05,2000,max_epochs,2.5790102430037223
mu+sigma+eps,3,16,10,1,6,106,206,306,0.0076090989112854,0.012726299405097962,0.00031374863162636756,8.58671628520824e-05,2000,max_epochs,2.571108383999672
mu+sigma+eps,3,16,10,2,0,100,200,300,0.006769570291042328,0.012649199008941651,0.00024405140429735185,7.946896221255884e-05,2000,max_epochs,2.5446343070361763
mu+sigma+eps,3,16,10,2,1,101,201,301,0.02091628646850586,0.028094839096069336,0.002887237720191479,6.134396244306117e-05,2000,max_epochs,2.5479447359684855
mu+sigma+eps,3,16,10,2,2,102,202,302,0.045326563835144044,0.08963651752471924,0.008888617515563964,0.015392652712762356,2000,max_epochs,2.550673108024057
mu+sigma+eps,3,16,10,2,3,103,203,303,0.006763701856136322,0.010929397225379944,0.00032883014529943466,7.695147360209376e-06,2000,max_epochs,2.547455999010708
mu+sigma+eps,3,16,10,2,4,104,204,304,0.018206169843673705,0.02269910955429077,0.001575961746275425,1.7380190911353566e-05,2000,max_epochs,2.550235592003446
mu+sigma+eps,3,16,10,2,5,105,205,305,0.011967491149902344,0.018242282271385194,0.001228875756263733,1.9589335352065973e-05,2000,max_epochs,2.5474523679586127
mu+sigma+eps,3,16,10,2,6,106,206,306,0.012442358255386353,0.024250903606414794,0.0011654901802539825,0.00027647317619994283,2000,max_epochs,2.553431355045177
mu+sigma+eps,3,16,10,3,0,100,200,300,0.010303881227970123,0.023719409227371216,0.0013080939650535583,7.556624041171744e-05,2000,max_epochs,2.5453560950118117
mu+sigma+eps,3,16,10,3,1,101,201,301,0.017725774049758912,0.024226519584655763,0.0015949364602565765,4.326472480897792e-05,2000,max_epochs,2.553234123974107
mu+sigma+eps,3,16,10,3,2,102,202,302,0.009291713953018189,0.013019479870796203,0.0004583412408828735,6.033763384039048e-06,2000,max_epochs,2.5481888109934516
mu+sigma+eps,3,16,10,3,3,103,203,303,0.03598339056968689,0.07066206216812133,0.005564913868904114,0.007869523949921131,2000,max_epochs,2.550941481953487
mu+sigma+eps,3,16,10,3,4,104,204,304,0.01802732038497925,0.022559853672981262,0.0016201631277799606,1.614809843886178e-05,2000,max_epochs,2.5459489959757775
mu+sigma+eps,3,16,10,3,5,105,205,305,0.012556702375411987,0.019380286931991578,0.00124930689483881,1.9542003428796306e-05,2000,max_epochs,2.5544237759895623
mu+sigma+eps,3,16,10,3,6,106,206,306,0.01008673655986786,0.01978083610534668,0.0007652155980467796,8.835893095238134e-05,2000,max_epochs,2.547344819002319
mu+sigma+eps,3,16,10,4,0,100,200,300,0.03761219072341919,0.07370798873901367,0.00595831173658371,0.002804403193295002,2000,max_epochs,2.5542230540304445
mu+sigma+eps,3,16,10,4,1,101,201,301,0.014468145370483399,0.019376853585243225,0.0010980375334620476,4.4005912059219554e-05,2000,max_epochs,2.5519343829946592
mu+sigma+eps,3,16,10,4,2,102,202,302,0.007849399387836456,0.011845882773399354,0.0003363689221441746,1.1959339644818101e-05,2000,max_epochs,2.5524751970078796
mu+sigma+eps,3,16,10,4,3,103,203,303,0.01206066346168518,0.02188707661628723,0.0006520099565386772,0.0005148536874912679,2000,max_epochs,2.549726200988516
mu+sigma+eps,3,16,10,4,4,104,204,304,0.033983967781066896,0.05183999967575073,0.003798610121011734,0.0008479961543343961,2000,max_epochs,2.5465832510381006
mu+sigma+eps,3,16,10,4,5,105,205,305,0.013675011873245239,0.020699615716934204,0.0013819359168410301,1.8286204067408107e-05,2000,max_epochs,2.5474952710210346
mu+sigma+eps,3,16,10,4,6,106,206,306,0.007962299227714539,0.014377012848854065,0.00041804109886288643,7.995077612577006e-05,2000,max_epochs,2.546824710967485
mu+sigma+eps,3,16,10,8,0,100,200,300,0.008389296412467957,0.01656946074962616,0.0003890479952096939,0.00010162265971302986,2000,max_epochs,2.6127075430122204
mu+sigma+eps,3,16,10,8,1,101,201,301,0.016477784633636475,0.02230840253829956,0.0013821444213390351,1.9385803170735016e-05,2000,max_epochs,2.58678458398208
mu+sigma+eps,3,16,10,8,2,102,202,302,0.007726164638996124,0.011962400197982788,0.0003987845703959465,1.103871181840077e-05,2000,max_epochs,2.5466935290023685
mu+sigma+eps,3,16,10,8,3,103,203,303,0.007132898569107055,0.011338526606559754,0.00037733939848840235,1.0482895049790386e-05,2000,max_epochs,2.5385390549781732
mu+sigma+eps,3,16,10,8,4,104,204,304,0.016622190594673156,0.021123417139053344,0.0013700885027647018,1.733631688694004e-05,2000,max_epochs,2.545805055007804
mu+sigma+eps,3,16,10,8,5,105,205,305,0.029146355390548707,0.056720376968383786,0.0038602582812309267,0.00013304800086189061,2000,max_epochs,2.5453132039983757
mu+sigma+eps,3,16,10,8,6,106,206,306,0.014622952938079834,0.028254077911376952,0.0011074841916561126,0.00046839387505315244,2000,max_epochs,2.5461745669599622
mu+sigma+eps,3,16,100,1,0,100,200,300,0.007404152810573578,0.011391798377037049,0.0002699416819959879,0.00012365070870146155,2000,max_epochs,2.555235965992324
mu+sigma+eps,3,16,100,1,1,101,201,301,0.007369465053081513,0.011311341047286988,0.0003196266386657953,0.00014750301488675177,2000,max_epochs,2.566971201042179
mu+sigma+eps,3,16,100,1,2,102,202,302,0.007195560932159424,0.01136530339717865,0.00035023962706327437,8.51174263516441e-05,2000,max_epochs,2.5630859560333192
mu+sigma+eps,3,16,100,1,3,103,203,303,0.013314616918563843,0.026441434383392335,0.0009618995189666748,0.00016400234017055482,2000,max_epochs,2.5681438309838995
mu+sigma+eps,3,16,100,1,4,104,204,304,0.00881398105621338,0.012441924214363098,0.0007020034454762935,8.760678610997275e-05,2000,max_epochs,2.5600096359848976
mu+sigma+eps,3,16,100,1,5,105,205,305,0.008319829702377319,0.012485487699508666,0.003269502019509673,0.0001444378576707095,2000,max_epochs,2.5662738399696536
mu+sigma+eps,3,16,100,1,6,106,206,306,0.0058818463087081906,0.010210459589958192,0.00018552702106535435,0.0001501194783486426,2000,max_epochs,2.5649544409825467
mu+sigma+eps,3,16,100,2,0,100,200,300,0.007886179685592652,0.012258900880813599,0.00029118380323052407,0.000610034738201648,2000,max_epochs,2.5530117489979602
mu+sigma+eps,3,16,100,2,1,101,201,301,0.007951136589050292,0.011783939242362975,0.0003968634475022554,0.00014781512436456978,2000,max_epochs,2.5677648059790954
mu+sigma+eps,3,16,100,2,2,102,202,302,0.05285748243331909,0.10706885528564453,0.012824235916137695,0.01739954948425293,2000,max_epochs,2.558265940984711
mu+sigma+eps,3,16,100,2,3,103,203,303,0.0069394466876983646,0.011222025275230408,0.0003623906783759594,0.00015373446512967348,2000,max_epochs,2.5546746619511396
mu+sigma+eps,3,16,100,2,4,104,204,304,0.018340431928634642,0.021606495380401613,0.007646611869335174,8.460767276119441e-05,2000,max_epochs,2.5632440189947374
mu+sigma+eps,3,16,100,2,5,105,205,305,0.006897258698940277,0.012669221878051758,0.0003052289597690105,0.00039435975486412644,2000,max_epochs,2.5567354309605435
mu+sigma+eps,3,16,100,2,6,106,206,306,0.011146255254745484,0.021608465433120727,0.0005846702605485916,0.0036561195738613605,2000,max_epochs,2.5576982929487713
mu+sigma+eps,3,16,100,3,0,100,200,300,0.011386249542236328,0.01936744213104248,0.0005217047780752182,0.00018901719886343926,2000,max_epochs,2.556289125001058
mu+sigma+eps,3,16,100,3,1,101,201,301,0.008436805844306946,0.013952142357826233,0.00044580214470624923,0.0002562820736784488,2000,max_epochs,2.55550078995293
mu+sigma+eps,3,16,100,3,2,102,202,302,0.006933275401592254,0.011164231300354004,0.0003032493405044079,8.195076952688396e-05,2000,max_epochs,2.5525236460380256
mu+sigma+eps,3,16,100,3,3,103,203,303,0.006047968149185181,0.010177433013916016,0.00024013408459722997,0.00014675621059723198,2000,max_epochs,2.5553582460270263
mu+sigma+eps,3,16,100,3,4,104,204,304,0.02148211908340454,0.04249071645736694,0.002070655211806297,0.0013685928424820304,2000,max_epochs,2.5530935429851525
mu+sigma+eps,3,16,100,3,5,105,205,305,0.005954239904880524,0.010333165287971497,0.00019361471012234688,0.0001635995868127793,2000,max_epochs,2.5595126200350933
mu+sigma+eps,3,16,100,3,6,106,206,306,0.005993318676948548,0.010359991908073424,0.00018107387982308864,0.0001408675598213449,2000,max_epochs,2.556998121959623
mu+sigma+eps,3,16,100,4,0,100,200,300,0.010435020208358764,0.01721114146709442,0.0004548943042755127,0.00011949557665502653,2000,max_epochs,2.5589583439868875
mu+sigma+eps,3,16,100,4,1,101,201,301,0.009145794451236726,0.015961993217468263,0.00047882646322250366,0.0003439851861912757,2000,max_epochs,2.560675201995764
mu+sigma+eps,3,16,100,4,2,102,202,302,0.006650987207889557,0.010898753523826599,0.0002548814844340086,7.645184814464301e-05,2000,max_epochs,2.5599828329868615
mu+sigma+eps,3,16,100,4,3,103,203,303,0.03397383379936218,0.0687812008857727,0.005339618086814881,0.003312081331387162,2000,max_epochs,2.556593496003188
mu+sigma+eps,3,16,100,4,4,104,204,304,0.008927310347557067,0.012760539770126342,0.0007566023990511894,0.0001292053930228576,2000,max_epochs,2.559811522020027
mu+sigma+eps,3,16,100,4,5,105,205,305,0.00907608836889267,0.016663936376571657,0.0003793513886630535,0.00020870886510238051,2000,max_epochs,2.556347250996623
mu+sigma+eps,3,16,100,4,6,106,206,306,0.006316858232021332,0.01101422691345215,0.00019187206216156482,0.00014631521480623633,2000,max_epochs,2.5543645349680446
mu+sigma+eps,3,16,100,8,0,100,200,300,0.023349714040756225,0.04793194532394409,0.0026925739496946335,0.0021485919132828712,2000,max_epochs,2.555588659015484
mu+sigma+eps,3,16,100,8,1,101,201,301,0.011700600743293762,0.01489405620098114,0.0015589823983609677,0.00012837206304538995,2000,max_epochs,2.554233419999946
mu+sigma+eps,3,16,100,8,2,102,202,302,0.006884669423103332,0.01106699252128601,0.00026632693782448766,0.0003193916054442525,2000,max_epochs,2.566032132017426
mu+sigma+eps,3,16,100,8,3,103,203,303,0.005172824680805206,0.008903208732604981,0.00019137830659747123,9.259329817723483e-05,2000,max_epochs,2.6385492919944227
mu+sigma+eps,3,16,100,8,4,104,204,304,0.010522931277751923,0.014046067476272583,0.0013585198782384395,8.71170632308349e-05,2000,max_epochs,2.652671415009536
mu+sigma+eps,3,16,100,8,5,105,205,305,0.004498803228139878,0.007504859149456024,0.00011287416145205498,7.365708734141663e-05,2000,max_epochs,2.6442359919892624
mu+sigma+eps,3,16,100,8,6,106,206,306,0.003988647431135178,0.007510307848453522,0.00011877936962991952,8.647618960822001e-05,2000,max_epochs,2.6524273679824546
mu+sigma+eps,3,16,1000,1,0,100,200,300,0.012148236632347107,0.024579550743103026,0.0008238756284117698,0.0008175828894600272,2000,max_epochs,10.607512448041234
mu+sigma+eps,3,16,1000,1,1,101,201,301,0.008742516994476318,0.016153125882148744,0.0003521941863000393,0.00034649038733914494,2000,max_epochs,10.296871608006768
mu+sigma+eps,3,16,1000,1,2,102,202,302,0.010108295202255249,0.019077572464942932,0.0004581156000494957,0.0006843919726088643,2000,max_epochs,10.264439405000303
mu+sigma+eps,3,16,1000,1,3,103,203,303,0.00570889949798584,0.0098448406457901,0.00021049128286540508,0.00017297446611337365,2000,max_epochs,10.221752200974151
mu+sigma+eps,3,16,1000,1,4,104,204,304,0.008902006804943085,0.017232072353363038,0.00047858545929193496,0.00045810498180799187,2000,max_epochs,10.255695422005374
mu+sigma+eps,3,16,1000,1,5,105,205,305,0.006140058696269989,0.010359085202217101,0.00023781835101544858,0.00016928747424390167,2000,max_epochs,10.274282844970003
mu+sigma+eps,3,16,1000,1,6,106,206,306,0.006189915955066681,0.011178395748138427,0.00023961749114096163,0.00021879100473597645,2000,max_epochs,10.281779501994606
mu+sigma+eps,3,16,1000,2,0,100,200,300,0.0029151348173618316,0.005665105164051056,6.309163104742766e-05,0.0001514755667303689,2000,max_epochs,10.193535070982762
mu+sigma+eps,3,16,1000,2,1,101,201,301,0.012464544415473938,0.025114569425582885,0.000698087953031063,0.00017243151855655015,2000,max_epochs,10.186500796990003
mu+sigma+eps,3,16,1000,2,2,102,202,302,0.0015327650904655456,0.0028763006925582885,2.0766049972735345e-05,1.3041136735409964e-05,2000,max_epochs,10.198620119015686
mu+sigma+eps,3,16,1000,2,3,103,203,303,0.009356122195720672,0.01813615107536316,0.0004160169921815395,0.0002503205411485396,2000,max_epochs,10.188028703036252
mu+sigma+eps,3,16,1000,2,4,104,204,304,0.0026529133319854736,0.005115117490291595,5.193985067307949e-05,6.531127842026762e-05,2000,max_epochs,10.19758073304547
mu+sigma+eps,3,16,1000,2,5,105,205,305,0.0011817742362618447,0.002280467391014099,1.0787097970023751e-05,2.350899699376896e-05,2000,max_epochs,10.243645724025555
mu+sigma+eps,3,16,1000,2,6,106,206,306,0.0032983911335468293,0.004962669432163239,3.6198857706040145e-05,4.4808981067035345e-05,2000,max_epochs,10.199713217036333
mu+sigma+eps,3,16,1000,3,0,100,200,300,0.0010372333228588105,0.0021331210136413576,1.5097989526111632e-05,1.8496204997063616e-05,2000,max_epochs,10.201266575953923
mu+sigma+eps,3,16,1000,3,1,101,201,301,0.006031570255756378,0.01010596489906311,0.00020915533043444157,0.00020207654195837676,2000,max_epochs,10.217975120001938
mu+sigma+eps,3,16,1000,3,2,102,202,302,0.0061904933452606205,0.012056721925735474,0.00016268317028880118,0.00021296683722175658,2000,max_epochs,10.253443111956585
mu+sigma+eps,3,16,1000,3,3,103,203,303,0.0054633508920669555,0.009455994129180908,0.000194094056263566,0.00016122915723826737,2000,max_epochs,10.263147608959116
mu+sigma+eps,3,16,1000,3,4,104,204,304,0.001849468559026718,0.0033754235208034514,2.386395772919059e-05,2.7235761372139678e-05,2000,max_epochs,10.2320936860051
mu+sigma+eps,3,16,1000,3,5,105,205,305,0.003307513505220413,0.005939780831336975,6.79830964654684e-05,6.504251612932421e-05,2000,max_epochs,10.21876770502422
mu+sigma+eps,3,16,1000,3,6,106,206,306,0.006285584330558777,0.013062266945838927,0.00022545524127781392,0.0019101633802056312,2000,max_epochs,10.203303367015906
mu+sigma+eps,3,16,1000,4,0,100,200,300,0.025567471027374267,0.05149291181564331,0.0030153083801269533,0.004327437993139028,2000,max_epochs,10.183295538008679
mu+sigma+eps,3,16,1000,4,1,101,201,301,0.00613904345035553,0.010261978864669799,0.00021545223891735076,0.00020033361110836267,2000,max_epochs,10.21408489899477
mu+sigma+eps,3,16,1000,4,2,102,202,302,0.011609364867210387,0.022787662267684937,0.0005854565799236298,0.00023861676966771482,2000,max_epochs,10.233568051015027
mu+sigma+eps,3,16,1000,4,3,103,203,303,0.006491457343101501,0.012835023403167724,0.00018549541011452674,9.357929637189955e-05,2000,max_epochs,10.253604816971347
mu+sigma+eps,3,16,1000,4,4,104,204,304,0.005153577238321304,0.009026629090309143,9.989863727241755e-05,7.644762855488806e-05,2000,max_epochs,10.244892749004066
mu+sigma+eps,3,16,1000,4,5,105,205,305,0.0013654647022485734,0.0027311247289180758,1.5461696195416153e-05,1.30725409835577e-05,2000,max_epochs,10.25870051496895
mu+sigma+eps,3,16,1000,4,6,106,206,306,0.006928721904754639,0.012910819053649903,0.00017549360916018487,8.39385133003816e-05,2000,max_epochs,10.220925472967792
mu+sigma+eps,3,16,1000,8,0,100,200,300,0.0045337775349617,0.00886249440908432,0.00012115608621388674,9.621999191585929e-05,2000,max_epochs,10.21653424098622
mu+sigma+eps,3,16,1000,8,1,101,201,301,0.003450529336929321,0.005603487193584442,9.102835692465305e-05,8.09275379870087e-05,2000,max_epochs,10.222518743015826
mu+sigma+eps,3,16,1000,8,2,102,202,302,0.0021424004286527635,0.0042023551464080815,2.927560615353286e-05,2.239104255568236e-05,2000,max_epochs,10.213512627000455
mu+sigma+eps,3,16,1000,8,3,103,203,303,0.0076326743364334105,0.01496143627166748,0.00036070478707551955,0.00022886322904378176,2000,max_epochs,10.236200416984502
mu+sigma+eps,3,16,1000,8,4,104,204,304,0.0023563239127397536,0.004061246365308762,2.3550461512058973e-05,2.354317806020845e-05,2000,max_epochs,10.22733252402395
mu+sigma+eps,3,16,1000,8,5,105,205,305,0.0009985251128673553,0.0019313605427742004,7.4102955986745655e-06,7.137640386645216e-06,2000,max_epochs,10.225184622977395
mu+sigma+eps,3,16,1000,8,6,106,206,306,0.006019527554512024,0.009999334692955017,0.0001804497167468071,0.00019630239787511527,2000,max_epochs,10.213266275008209
mu+sigma+eps,3,32,5,1,0,100,200,300,0.012070510506629944,0.02202916669845581,0.0007544955387711525,4.332061143941246e-05,2000,max_epochs,2.545222906046547
mu+sigma+eps,3,32,5,1,1,101,201,301,0.011484296083450318,0.016717272996902465,0.00057608562707901,3.7604293083859375e-06,2000,max_epochs,2.5341878699837252
mu+sigma+eps,3,32,5,1,2,102,202,302,0.009177484810352325,0.013998570680618286,0.0004612259604036808,4.896763130091131e-06,2000,max_epochs,2.5356337610282935
mu+sigma+eps,3,32,5,1,3,103,203,303,0.03432769250869751,0.053025357246398924,0.0048513333797454835,5.5343748499581125e-06,2000,max_epochs,2.5349010030040517
mu+sigma+eps,3,32,5,1,4,104,204,304,0.025325028538703918,0.031988641262054446,0.0035803156942129134,6.881513400003314e-06,2000,max_epochs,2.5322484739590436
mu+sigma+eps,3,32,5,1,5,105,205,305,0.00867453521490097,0.014358177542686463,0.0005219510421156883,7.213292860797083e-07,126,stopping_threshold,0.1603950799908489
mu+sigma+eps,3,32,5,1,6,106,206,306,0.009345149278640746,0.013806724667549133,0.0004282132722437382,4.836415973841213e-05,2000,max_epochs,2.5373235989827663
mu+sigma+eps,3,32,5,2,0,100,200,300,0.008096042573451995,0.013640057682991027,0.00040426305681467056,6.890828899486223e-06,2000,max_epochs,2.5267759829876013
mu+sigma+eps,3,32,5,2,1,101,201,301,0.013224327683448792,0.02047259473800659,0.0007627801522612572,0.0034203745890408754,2000,max_epochs,2.506795022985898
mu+sigma+eps,3,32,5,2,2,102,202,302,0.011759368300437927,0.01737297987937927,0.000662839911878109,0.0002868589945137501,2000,max_epochs,2.498117849987466
mu+sigma+eps,3,32,5,2,3,103,203,303,0.04442255163192749,0.06162626552581787,0.008299305140972137,9.942529004547396e-07,1359,stopping_threshold,1.7119062980054878
mu+sigma+eps,3,32,5,2,4,104,204,304,0.018487988352775573,0.025567327022552492,0.001479549750685692,1.1585383617784828e-05,2000,max_epochs,2.5014705790090375
mu+sigma+eps,3,32,5,2,5,105,205,305,0.008392237186431884,0.013317689061164857,0.0005363365039229393,9.991485967475455e-07,309,stopping_threshold,0.39118277200032026
mu+sigma+eps,3,32,5,2,6,106,206,306,0.07975464677810669,0.09238331985473633,0.02746286463737488,2.2421550966100767e-05,2000,max_epochs,2.517390811990481
mu+sigma+eps,3,32,5,3,0,100,200,300,0.007422516047954559,0.013015593647956849,0.00033142051100730897,9.989279305955279e-07,1612,stopping_threshold,2.040417112992145
mu+sigma+eps,3,32,5,3,1,101,201,301,0.012213320970535279,0.01795198917388916,0.0006576901003718376,9.952432264981326e-07,1270,stopping_threshold,1.5986708559794351
mu+sigma+eps,3,32,5,3,2,102,202,302,0.011210144639015198,0.016935163021087645,0.0006392331346869468,3.1327560918725794e-06,2000,max_epochs,2.524672069994267
mu+sigma+eps,3,32,5,3,3,103,203,303,0.030795475959777833,0.05279566287994385,0.005018312066793442,9.74109752860386e-07,819,stopping_threshold,1.0337062809849158
mu+sigma+eps,3,32,5,3,4,104,204,304,0.018341730952262877,0.023804211616516115,0.0014254231750965118,1.9978440832346678e-05,2000,max_epochs,2.5164115559891798
mu+sigma+eps,3,32,5,3,5,105,205,305,0.01206301760673523,0.017129915475845338,0.0009409720078110695,9.426939868717454e-07,136,stopping_threshold,0.1719082859926857
mu+sigma+eps,3,32,5,3,6,106,206,306,0.10622931575775146,0.12411826229095459,0.04738218641281128,0.00010230129555566236,2000,max_epochs,2.5211039439891465
mu+sigma+eps,3,32,5,4,0,100,200,300,0.007743274569511413,0.012658373355865478,0.0003726194277405739,3.766359213841497e-06,2000,max_epochs,2.517267721996177
mu+sigma+eps,3,32,5,4,1,101,201,301,0.01291185462474823,0.01839387238025665,0.0007312988340854645,9.988873443944613e-07,762,stopping_threshold,0.9596146880066954
mu+sigma+eps,3,32,5,4,2,102,202,302,0.009835165977478027,0.016670253992080688,0.0004561727829277515,1.971559140656609e-05,2000,max_epochs,2.5159720000228845
mu+sigma+eps,3,32,5,4,3,103,203,303,0.04370062398910522,0.0609616641998291,0.007764512658119202,9.993638059313525e-07,1517,stopping_threshold,1.914762424014043
mu+sigma+eps,3,32,5,4,4,104,204,304,0.017424773693084716,0.0229048330783844,0.0012540161907672882,3.340473267599009e-05,2000,max_epochs,2.5134821979445405
mu+sigma+eps,3,32,5,4,5,105,205,305,0.009691056847572327,0.014776646614074707,0.0006549310721457004,9.9912392670376e-07,280,stopping_threshold,0.35474678402533755
mu+sigma+eps,3,32,5,4,6,106,206,306,0.08734146213531493,0.10255356979370117,0.03215576696395874,5.404927651397884e-05,2000,max_epochs,2.508749361964874
mu+sigma+eps,3,32,5,8,0,100,200,300,0.009968862295150756,0.0166479789018631,0.0005467968992888927,6.374014628818259e-05,2000,max_epochs,2.528610443987418
mu+sigma+eps,3,32,5,8,1,101,201,301,0.011181053280830383,0.01652916717529297,0.000549607515335083,9.990786793423467e-07,1135,stopping_threshold,1.429617176996544
mu+sigma+eps,3,32,5,8,2,102,202,302,0.01069573700428009,0.01731141698360443,0.0005601437464356423,9.683234338808688e-07,1754,stopping_threshold,2.212387420993764
mu+sigma+eps,3,32,5,8,3,103,203,303,0.04893517923355103,0.06486278295516967,0.01033294427394867,9.326653866992274e-07,1275,stopping_threshold,1.6064059110358357
mu+sigma+eps,3,32,5,8,4,104,204,304,0.023697099208831788,0.030684409379959105,0.002670580431818962,1.1322444152028766e-05,2000,max_epochs,2.5173574080108665
mu+sigma+eps,3,32,5,8,5,105,205,305,0.007814595460891723,0.0127370126247406,0.0004284172970801592,9.979021342587657e-07,788,stopping_threshold,0.9939840069855563
mu+sigma+eps,3,32,5,8,6,106,206,306,0.12489985561370849,0.1444655246734619,0.06723494958877564,1.6882579075172544e-05,2000,max_epochs,2.516873265034519
mu+sigma+eps,3,32,10,1,0,100,200,300,0.010649812936782837,0.023383529424667357,0.0010753651410341262,5.5761276598786935e-05,2000,max_epochs,2.555158475006465
mu+sigma+eps,3,32,10,1,1,101,201,301,0.015743853211402894,0.022662232875823973,0.0013052747398614884,4.6078315790509805e-05,2000,max_epochs,2.556324880977627
mu+sigma+eps,3,32,10,1,2,102,202,302,0.0074188106656074525,0.011461212038993836,0.0003666328638792038,6.891339126013918e-06,2000,max_epochs,2.535684950009454
mu+sigma+eps,3,32,10,1,3,103,203,303,0.009491505026817322,0.013683139324188232,0.00045801527425646784,0.0014757923781871796,2000,max_epochs,2.528255730983801
mu+sigma+eps,3,32,10,1,4,104,204,304,0.014461219191551208,0.01993862593173981,0.0010440671853721142,1.3863706044503488e-05,2000,max_epochs,2.5459031889913604
mu+sigma+eps,3,32,10,1,5,105,205,305,0.04833080148696899,0.06739968156814576,0.016803035020828246,0.0005225242348387837,2000,max_epochs,2.5532538469997235
mu+sigma+eps,3,32,10,1,6,106,206,306,0.007229946255683899,0.012360372304916382,0.00026527190394699574,0.00022044118668418378,2000,max_epochs,2.552950908022467
mu+sigma+eps,3,32,10,2,0,100,200,300,0.00771574467420578,0.01530898129940033,0.0004001113455742598,5.962416253169067e-05,2000,max_epochs,2.5115906730061397
mu+sigma+eps,3,32,10,2,1,101,201,301,0.01482652485370636,0.021529011964797975,0.0011137605458498001,7.71665945649147e-05,2000,max_epochs,2.504098086967133
mu+sigma+eps,3,32,10,2,2,102,202,302,0.010864339113235474,0.015547195196151734,0.0006684394553303719,3.703364563989453e-05,2000,max_epochs,2.5219219509745017
mu+sigma+eps,3,32,10,2,3,103,203,303,0.008721437215805053,0.01292528486251831,0.000389252781867981,1.0162219041376375e-05,2000,max_epochs,2.5209525019745342
mu+sigma+eps,3,32,10,2,4,104,204,304,0.01624821412563324,0.024758598804473876,0.0013508719950914383,0.0002011987817240879,2000,max_epochs,2.5292132300091907
mu+sigma+eps,3,32,10,2,5,105,205,305,0.04815475940704346,0.06240449380874634,0.02548871040344238,8.805183824733831e-06,2000,max_epochs,2.5072452779859304
mu+sigma+eps,3,32,10,2,6,106,206,306,0.009015664517879485,0.015310623168945313,0.0006482454426586627,0.00014924019342288375,2000,max_epochs,2.4869801090098917
mu+sigma+eps,3,32,10,3,0,100,200,300,0.019420159816741944,0.04862934637069702,0.007096132248640061,0.00016316132678184658,2000,max_epochs,2.4894942909595557
mu+sigma+eps,3,32,10,3,1,101,201,301,0.015640562295913697,0.022133747577667236,0.0013648048043251038,5.181101369089447e-05,2000,max_epochs,2.4956214890116826
mu+sigma+eps,3,32,10,3,2,102,202,302,0.012899428963661193,0.017416988015174866,0.0009676528871059418,5.428398708318127e-06,2000,max_epochs,2.5023212999803945
mu+sigma+eps,3,32,10,3,3,103,203,303,0.010057845830917359,0.014574326515197755,0.000526288203895092,9.783712812350132e-06,2000,max_epochs,2.4964127729763277
mu+sigma+eps,3,32,10,3,4,104,204,304,0.01388112199306488,0.01935987639427185,0.0010120346695184708,9.04400076251477e-06,2000,max_epochs,2.5026707829674706
mu+sigma+eps,3,32,10,3,5,105,205,305,0.09997038650512695,0.17065406990051268,0.04930255126953125,0.010116362944245338,2000,max_epochs,2.509477549989242
mu+sigma+eps,3,32,10,3,6,106,206,306,0.030818341016769408,0.06219377899169922,0.004631617069244385,0.0031050986144691706,2000,max_epochs,2.5002718049800023
mu+sigma+eps,3,32,10,4,0,100,200,300,0.023908710718154907,0.06153739976882935,0.012553216695785522,3.583414581953548e-05,2000,max_epochs,2.4954198140185326
mu+sigma+eps,3,32,10,4,1,101,201,301,0.01455080795288086,0.021098260164260866,0.0011174911931157111,5.498662358149886e-05,2000,max_epochs,2.4923824740108103
mu+sigma+eps,3,32,10,4,2,102,202,302,0.014193885564804077,0.019146913051605225,0.0012348412051796914,1.9913115465897135e-05,2000,max_epochs,2.491524888027925
mu+sigma+eps,3,32,10,4,3,103,203,303,0.009322373330593109,0.013668325304985046,0.00042061561346054077,3.071336686844006e-05,2000,max_epochs,2.4995509369764477
mu+sigma+eps,3,32,10,4,4,104,204,304,0.015551824331283569,0.02125407564640045,0.0012916449755430222,1.816131225496065e-05,2000,max_epochs,2.489566761010792
mu+sigma+eps,3,32,10,4,5,105,205,305,0.023666085720062256,0.02849430441856384,0.004515268951654434,0.00010271426435792819,2000,max_epochs,2.493165825959295
mu+sigma+eps,3,32,10,4,6,106,206,306,0.014209916234016419,0.026275089740753176,0.0012089113891124725,0.0006553333951160312,2000,max_epochs,2.540416839008685
mu+sigma+eps,3,32,10,8,0,100,200,300,0.0077290738224983216,0.0151712406873703,0.00039025641046464444,5.935296576353721e-05,2000,max_epochs,2.550186495005619
mu+sigma+eps,3,32,10,8,1,101,201,301,0.014156503319740296,0.020704667568206787,0.001085869714617729,7.623639976372942e-05,2000,max_epochs,2.494926975981798
mu+sigma+eps,3,32,10,8,2,102,202,302,0.011183826446533204,0.015617549300193786,0.0007545749023556709,5.268499080557376e-06,2000,max_epochs,2.4979254440404475
mu+sigma+eps,3,32,10,8,3,103,203,303,0.008612214505672455,0.01292426896095276,0.00039378565177321435,1.1108389116998296e-05,2000,max_epochs,2.493347548006568
mu+sigma+eps,3,32,10,8,4,104,204,304,0.01677632176876068,0.025147705078125,0.0014807375445961952,0.0001454565644962713,2000,max_epochs,2.49794821604155
mu+sigma+eps,3,32,10,8,5,105,205,305,0.025920626997947692,0.0328783848285675,0.005680637180805206,0.00011379233183106408,2000,max_epochs,2.503119736968074
mu+sigma+eps,3,32,10,8,6,106,206,306,0.012287832021713256,0.024603546857833863,0.0009830534309148789,0.00041038202471099794,2000,max_epochs,2.483780330978334
mu+sigma+eps,3,32,100,1,0,100,200,300,0.09757604217529296,0.19395108795166016,0.040664954900741575,0.02591763436794281,2000,max_epochs,2.5476486310362816
mu+sigma+eps,3,32,100,1,1,101,201,301,0.006231769680976868,0.01067331051826477,0.00019114985503256322,0.0001930857397383079,2000,max_epochs,2.5484225819818676
mu+sigma+eps,3,32,100,1,2,102,202,302,0.005812652707099915,0.009852539300918579,0.00019009782373905182,0.00010862521594390273,2000,max_epochs,2.546153104980476
mu+sigma+eps,3,32,100,1,3,103,203,303,0.016719361543655397,0.034288514614105224,0.0014555218070745467,0.00030735493055544794,2000,max_epochs,2.541085564997047
mu+sigma+eps,3,32,100,1,4,104,204,304,0.006052493691444397,0.009939923763275146,0.00022037926875054836,9.857790428213775e-05,2000,max_epochs,2.5506438959855586
mu+sigma+eps,3,32,100,1,5,105,205,305,0.006638878226280212,0.011164480686187745,0.00023468493670225144,0.00015808004536665976,2000,max_epochs,2.549400068994146
mu+sigma+eps,3,32,100,1,6,106,206,306,0.006499251067638398,0.010743429899215699,0.00023450507409870623,0.00015790326870046556,2000,max_epochs,2.5509205679991283
mu+sigma+eps,3,32,100,2,0,100,200,300,0.04411350297927857,0.09157805156707764,0.009559841275215149,0.02155669406056404,2000,max_epochs,2.538330573006533
mu+sigma+eps,3,32,100,2,1,101,201,301,0.006239045798778534,0.010379945516586303,0.00020776578970253467,0.00012140109902247787,2000,max_epochs,2.541185062029399
mu+sigma+eps,3,32,100,2,2,102,202,302,0.004274794578552246,0.007891483783721924,0.00011548151634633541,6.707452848786488e-05,2000,max_epochs,2.542694042029325
mu+sigma+eps,3,32,100,2,3,103,203,303,0.006474648952484131,0.010601240992546081,0.00023667370341718197,0.00011843509855680168,2000,max_epochs,2.5409945060382597
mu+sigma+eps,3,32,100,2,4,104,204,304,0.005443306565284729,0.009345238149166107,0.00016096435021609068,0.00010530848521739244,2000,max_epochs,2.537027649988886
mu+sigma+eps,3,32,100,2,5,105,205,305,0.009692938804626464,0.01816331112384796,0.00048130621016025544,0.00032332478440366685,2000,max_epochs,2.5434094960219227
mu+sigma+eps,3,32,100,2,6,106,206,306,0.006374995231628418,0.010484612345695496,0.00023316083662211894,0.000159469956997782,2000,max_epochs,2.540309010015335
mu+sigma+eps,3,32,100,3,0,100,200,300,0.0201853392124176,0.038811356782913205,0.0017794135212898254,0.0001485366519773379,2000,max_epochs,2.541243408981245
mu+sigma+eps,3,32,100,3,1,101,201,301,0.006197190463542938,0.010350046038627625,0.00020407157577574252,0.00012171625712653622,2000,max_epochs,2.53939894301584
mu+sigma+eps,3,32,100,3,2,102,202,302,0.006254665493965149,0.010240799188613892,0.00020717527903616427,9.395446249982342e-05,2000,max_epochs,2.5408078840118833
mu+sigma+eps,3,32,100,3,3,103,203,303,0.005828880667686462,0.009927297234535217,0.000187291968613863,0.00010637680679792538,2000,max_epochs,2.5395253450260498
mu+sigma+eps,3,32,100,3,4,104,204,304,0.030993141174316407,0.06273368644714356,0.004558324038982391,0.002943573519587517,2000,max_epochs,2.5399396799621172
mu+sigma+eps,3,32,100,3,5,105,205,305,0.006680831849575043,0.011119696617126465,0.0002543076071888208,0.00014699797611683607,2000,max_epochs,2.532846404996235
mu+sigma+eps,3,32,100,3,6,106,206,306,0.008293941140174866,0.012299965500831605,0.0005655342563986778,0.00026187789626419544,2000,max_epochs,2.595916831982322
mu+sigma+eps,3,32,100,4,0,100,200,300,0.0072890942692756654,0.011329428076744079,0.0002927299402654171,0.00010302569717168808,2000,max_epochs,2.52682166302111
mu+sigma+eps,3,32,100,4,1,101,201,301,0.006130595147609711,0.010239879727363586,0.00019356671907007694,0.00011897437070729211,2000,max_epochs,2.3757473999867216
mu+sigma+eps,3,32,100,4,2,102,202,302,0.006199343621730804,0.010292622208595276,0.0002159630274400115,9.725600102683529e-05,2000,max_epochs,2.373277471982874
mu+sigma+eps,3,32,100,4,3,103,203,303,0.006209330558776855,0.010470145702362061,0.00021861542575061322,0.0002050895127467811,2000,max_epochs,2.466739412979223
mu+sigma+eps,3,32,100,4,4,104,204,304,0.005499742269515991,0.009412044286727905,0.00016972703766077757,0.00010210225445916876,2000,max_epochs,2.600267860048916
mu+sigma+eps,3,32,100,4,5,105,205,305,0.006192810416221619,0.010498665332794189,0.00022943567484617233,0.00016006437363103032,2000,max_epochs,2.600594908988569
mu+sigma+eps,3,32,100,4,6,106,206,306,0.006272543907165527,0.010282604575157166,0.0002278092484921217,0.00019237693049944937,2000,max_epochs,2.5998130250372924
mu+sigma+eps,3,32,100,8,0,100,200,300,0.006935054838657379,0.010813070178031922,0.00023255847953259945,0.0001090613441192545,2000,max_epochs,2.5996691819746047
mu+sigma+eps,3,32,100,8,1,101,201,301,0.006050782144069671,0.010193618655204772,0.0001868024356663227,0.00012054348189849406,2000,max_epochs,2.59999970800709
mu+sigma+eps,3,32,100,8,2,102,202,302,0.005871643960475922,0.009927227258682251,0.00018004553206264973,9.747768490342423e-05,2000,max_epochs,2.601454110001214
mu+sigma+eps,3,32,100,8,3,103,203,303,0.006257538318634033,0.010491515517234802,0.00021695687994360924,0.00011845069093396887,2000,max_epochs,2.59581127401907
mu+sigma+eps,3,32,100,8,4,104,204,304,0.005792675256729126,0.009686757802963257,0.00019175195507705213,0.00010010958067141473,2000,max_epochs,2.4087651430163532
mu+sigma+eps,3,32,100,8,5,105,205,305,0.006806183755397797,0.011911585211753846,0.00027262301929295064,0.00014703172200825065,2000,max_epochs,2.366133864969015
mu+sigma+eps,3,32,100,8,6,106,206,306,0.007596519947052002,0.013146785259246827,0.0002830266021192074,0.00033565479679964483,2000,max_epochs,2.374945460993331
mu+sigma+eps,3,32,1000,1,0,100,200,300,0.012182806968688965,0.02343500256538391,0.000682240404188633,0.0008491138271056115,2000,max_epochs,9.52574327395996
mu+sigma+eps,3,32,1000,1,1,101,201,301,0.0061152917742729185,0.011049833178520202,0.00022647376358509065,0.00021052689920179546,2000,max_epochs,9.540799711016007
mu+sigma+eps,3,32,1000,1,2,102,202,302,0.010584213256835938,0.020156398296356202,0.000508218739181757,0.00045882009994238616,2000,max_epochs,9.534729171020444
mu+sigma+eps,3,32,1000,1,3,103,203,303,0.005529853701591492,0.009606244444847107,0.00017558453418314458,0.0001599202763172798,2000,max_epochs,9.518269904016051
mu+sigma+eps,3,32,1000,1,4,104,204,304,0.008603363871574402,0.017117504358291628,0.00045463865250349047,0.00045033919089473786,2000,max_epochs,9.532756212982349
mu+sigma+eps,3,32,1000,1,5,105,205,305,0.00668718832731247,0.012072733759880066,0.0002111914400011301,0.0005101554738357663,2000,max_epochs,9.795777843042742
mu+sigma+eps,3,32,1000,1,6,106,206,306,0.007755968511104583,0.013751522302627564,0.0003029281347990036,0.000535021492280066,2000,max_epochs,10.257286016014405
mu+sigma+eps,3,32,1000,2,0,100,200,300,0.002353924721479416,0.004828563839197159,4.34794407337904e-05,3.9204117987537756e-05,2000,max_epochs,9.568958690040745
mu+sigma+eps,3,32,1000,2,1,101,201,301,0.006298930287361145,0.011218045473098754,0.0001833976898342371,0.00016612175025511533,2000,max_epochs,9.489982514001895
mu+sigma+eps,3,32,1000,2,2,102,202,302,0.009674826562404632,0.018387276530265808,0.0004325873740017414,0.0003924721775110811,2000,max_epochs,9.867156229971442
mu+sigma+eps,3,32,1000,2,3,103,203,303,0.004663045048713684,0.009233603835105896,9.666224848479032e-05,0.00010351876536151395,2000,max_epochs,10.09468563500559
mu+sigma+eps,3,32,1000,2,4,104,204,304,0.003944262653589248,0.007331360280513764,0.00010594927053898573,0.00010391274589346722,2000,max_epochs,10.094909928040579
mu+sigma+eps,3,32,1000,2,5,105,205,305,0.0033111564218997955,0.006469848036766052,4.7829973977059126e-05,0.00013005905650788918,2000,max_epochs,9.803006482019555
mu+sigma+eps,3,32,1000,2,6,106,206,306,0.0007371682822704315,0.001318977564573288,4.781414521858096e-06,3.3089636690419864e-06,2000,max_epochs,9.497706645051949
mu+sigma+eps,3,32,1000,3,0,100,200,300,0.006450901508331299,0.011298548936843872,0.00019169344753026962,0.0001880139543209225,2000,max_epochs,9.478917494008783
mu+sigma+eps,3,32,1000,3,1,101,201,301,0.001415033295750618,0.002631124496459961,1.6925389412790538e-05,1.351829642226221e-05,2000,max_epochs,9.81127323396504
mu+sigma+eps,3,32,1000,3,2,102,202,302,0.01020277988910675,0.0195589280128479,0.000480440441519022,0.0004366415499243885,2000,max_epochs,9.500170439016074
mu+sigma+eps,3,32,1000,3,3,103,203,303,0.007128192245960236,0.011942415356636047,0.0002812372427433729,0.00028201956453267484,2000,max_epochs,9.574522840965074
mu+sigma+eps,3,32,1000,3,4,104,204,304,0.008346391916275024,0.015981049060821532,0.0002890975773334503,0.00012021235597785563,2000,max_epochs,9.482407898991369
mu+sigma+eps,3,32,1000,3,5,105,205,305,0.0037079103291034698,0.007215486526489258,6.182834086939692e-05,0.0003798043237766251,2000,max_epochs,9.492364211007953
mu+sigma+eps,3,32,1000,3,6,106,206,306,0.010695716381072999,0.020574366092681883,0.00045767122507095335,0.00048443093430250884,2000,max_epochs,9.488973842002451
mu+sigma+eps,3,32,1000,4,0,100,200,300,0.009988540887832641,0.01904996156692505,0.000472898181527853,0.00037684135674498977,2000,max_epochs,9.492978074995335
mu+sigma+eps,3,32,1000,4,1,101,201,301,0.013319949269294739,0.02605673146247864,0.0008396251425147056,0.0006944880657829344,2000,max_epochs,9.489376403973438
mu+sigma+eps,3,32,1000,4,2,102,202,302,0.019423813819885255,0.038185043334960936,0.0015880303978919983,0.0007597434334456921,2000,max_epochs,9.491566377982963
mu+sigma+eps,3,32,1000,4,3,103,203,303,0.00368614137172699,0.007228670239448547,7.367502246052026e-05,4.741628450574353e-05,2000,max_epochs,9.485328708018642
mu+sigma+eps,3,32,1000,4,4,104,204,304,0.0050710739493370054,0.008794817447662353,0.00014687673561275004,0.00015841262420872225,2000,max_epochs,9.484546830004547
mu+sigma+eps,3,32,1000,4,5,105,205,305,0.003323571026325226,0.006740583240985871,5.507234157994389e-05,1.8299031915375964e-05,2000,max_epochs,9.493119366001338
mu+sigma+eps,3,32,1000,4,6,106,206,306,0.005213351368904114,0.011062798142433166,0.00019302619248628617,0.0015426215296611189,2000,max_epochs,9.876008630963042
mu+sigma+eps,3,32,1000,8,0,100,200,300,0.010235186457633973,0.019451354503631592,0.0004134153053164482,0.00030697300471365453,2000,max_epochs,9.486219622020144
mu+sigma+eps,3,32,1000,8,1,101,201,301,0.009016214728355407,0.01806855535507202,0.00038517633453011513,0.00043898257799446585,2000,max_epochs,9.493784306978341
mu+sigma+eps,3,32,1000,8,2,102,202,302,0.005517763078212738,0.009437321186065674,0.00017643618769943713,0.0001683529377914965,2000,max_epochs,9.479011641000398
mu+sigma+eps,3,32,1000,8,3,103,203,303,0.00413458451628685,0.007795873761177063,0.00012295620981603861,0.00012327709066448734,2000,max_epochs,9.936285247036722
mu+sigma+eps,3,32,1000,8,4,104,204,304,0.00914198100566864,0.019015479683876037,0.0004283420816063881,0.00011957837198860943,2000,max_epochs,10.398460481024813
mu+sigma+eps,3,32,1000,8,5,105,205,305,0.004824819505214691,0.009019968390464784,0.0001326900077983737,0.00013238118833396585,2000,max_epochs,10.322173411026597
mu+sigma+eps,3,32,1000,8,6,106,206,306,0.0052338243722915645,0.008903401017189026,0.00015068255737423896,0.00016127941233571617,2000,max_epochs,10.330726686981507
mu+sigma+eps,3,64,5,1,0,100,200,300,0.007499549567699432,0.012572566270828247,0.00033320477977395057,4.818540674023097e-06,2000,max_epochs,2.593042991007678
mu+sigma+eps,3,64,5,1,1,101,201,301,0.013834692120552062,0.018944484233856203,0.0008412309437990189,1.709085154288914e-05,2000,max_epochs,2.5919406280154362
mu+sigma+eps,3,64,5,1,2,102,202,302,0.011150767803192138,0.01700141966342926,0.0006481071822345256,4.641890882339794e-06,2000,max_epochs,2.5921903729904443
mu+sigma+eps,3,64,5,1,3,103,203,303,0.029271008253097534,0.043152541637420654,0.004265781283378601,0.0004682013241108507,2000,max_epochs,2.595517920970451
mu+sigma+eps,3,64,5,1,4,104,204,304,0.018526721715927123,0.02320230460166931,0.0024859308898448943,1.895651439554058e-05,2000,max_epochs,2.589622713974677
mu+sigma+eps,3,64,5,1,5,105,205,305,0.009547712862491608,0.01582991421222687,0.0006335002705454827,2.90322219598238e-07,126,stopping_threshold,0.16445871599717066
mu+sigma+eps,3,64,5,1,6,106,206,306,0.02499492835998535,0.03036769413948059,0.0027426964342594146,2.361436781939119e-05,2000,max_epochs,2.5944434929988347
mu+sigma+eps,3,64,5,2,0,100,200,300,0.007609133243560791,0.012593785762786865,0.00033698116429150106,2.393946942902403e-06,2000,max_epochs,2.5718151350156404
mu+sigma+eps,3,64,5,2,1,101,201,301,0.013637037992477417,0.02088395977020264,0.0007946005612611771,5.477133163367398e-05,2000,max_epochs,2.5706265330081806
mu+sigma+eps,3,64,5,2,2,102,202,302,0.012078790307044982,0.017046387434005737,0.0007426955550909043,9.989815907829325e-07,1176,stopping_threshold,1.5147301859688014
mu+sigma+eps,3,64,5,2,3,103,203,303,0.06142714595794678,0.10725554084777832,0.014558602690696715,0.009163805283606052,2000,max_epochs,2.5716144499601796
mu+sigma+eps,3,64,5,2,4,104,204,304,0.014964181303977966,0.019374533772468568,0.0015494083128869533,1.9199782400391996e-05,2000,max_epochs,2.560746597999241
mu+sigma+eps,3,64,5,2,5,105,205,305,0.009232653379440308,0.014542222142219544,0.0006581642739474774,9.982633173422073e-07,492,stopping_threshold,0.6315676409867592
mu+sigma+eps,3,64,5,2,6,106,206,306,0.018186419010162352,0.024142263650894166,0.001415654569864273,1.0149882655241527e-05,2000,max_epochs,2.57161358097801
mu+sigma+eps,3,64,5,3,0,100,200,300,0.007487305641174316,0.012482263207435607,0.0003139107059687376,9.62943772719882e-07,1459,stopping_threshold,1.8817192220012657
mu+sigma+eps,3,64,5,3,1,101,201,301,0.011715014100074767,0.01750325119495392,0.0006716188825666904,9.963852107830462e-07,1651,stopping_threshold,2.133661742962431
mu+sigma+eps,3,64,5,3,2,102,202,302,0.011417844414710998,0.01646980583667755,0.0006670416444540024,1.095717152566067e-06,2000,max_epochs,2.5798450129805133
mu+sigma+eps,3,64,5,3,3,103,203,303,0.02015964674949646,0.027876201152801514,0.0021242452263832094,2.3076561774360016e-05,2000,max_epochs,2.5836813669884577
mu+sigma+eps,3,64,5,3,4,104,204,304,0.008957643985748292,0.01302484667301178,0.00034354053810238837,2.6616520699462853e-05,2000,max_epochs,2.58224177203374
mu+sigma+eps,3,64,5,3,5,105,205,305,0.013654845714569092,0.019102690458297728,0.0012102015763521194,8.374345270567574e-07,128,stopping_threshold,0.16478911601006985
mu+sigma+eps,3,64,5,3,6,106,206,306,0.022303128242492677,0.027476365089416505,0.0022394673526287077,1.555446579004638e-05,2000,max_epochs,2.5793976369895972
mu+sigma+eps,3,64,5,4,0,100,200,300,0.007648520648479462,0.012547706842422485,0.00034260726161301135,1.2640444992939592e-06,2000,max_epochs,2.5761314820265397
mu+sigma+eps,3,64,5,4,1,101,201,301,0.013567237496376037,0.019303221702575684,0.0007992807552218437,4.3486043068696745e-06,2000,max_epochs,2.571605784993153
mu+sigma+eps,3,64,5,4,2,102,202,302,0.011831541419029236,0.01778143858909607,0.0007164182886481285,5.4479241953231394e-06,2000,max_epochs,2.5740600840072148
mu+sigma+eps,3,64,5,4,3,103,203,303,0.02880277419090271,0.04858996772766113,0.003380013644695282,0.00044167181476950645,2000,max_epochs,2.558607600047253
mu+sigma+eps,3,64,5,4,4,104,204,304,0.019658868908882143,0.025624133825302126,0.0022986493930220605,0.00010923561785602942,2000,max_epochs,2.5603371809702367
mu+sigma+eps,3,64,5,4,5,105,205,305,0.010365356922149658,0.015682525634765625,0.0007461763732135296,9.022496669786051e-07,148,stopping_threshold,0.18976055696839467
mu+sigma+eps,3,64,5,4,6,106,206,306,0.050560012340545656,0.056181727886199954,0.013020982146263122,3.712690158863552e-05,2000,max_epochs,2.5782471850397997
mu+sigma+eps,3,64,5,8,0,100,200,300,0.008027963042259216,0.014928540706634522,0.0003680066578090191,1.2006583347101696e-05,2000,max_epochs,2.5742231539916247
mu+sigma+eps,3,64,5,8,1,101,201,301,0.011176568746566773,0.017661949396133424,0.0006047716811299324,7.644862307643052e-06,2000,max_epochs,2.570166470017284
mu+sigma+eps,3,64,5,8,2,102,202,302,0.01212005341053009,0.017209481239318848,0.0007471851035952568,1.1838882301162812e-06,2000,max_epochs,2.5712059349752963
mu+sigma+eps,3,64,5,8,3,103,203,303,0.028131039142608644,0.043969583511352536,0.003533587723970413,6.613206642214209e-05,2000,max_epochs,2.576017602987122
mu+sigma+eps,3,64,5,8,4,104,204,304,0.021593204736709594,0.028458059072494508,0.0028106613382697107,0.00031840853625908494,2000,max_epochs,2.5787397159729153
mu+sigma+eps,3,64,5,8,5,105,205,305,0.007956288039684296,0.013292631626129151,0.0004612802769988775,9.983172049032873e-07,685,stopping_threshold,0.880765886977315
mu+sigma+eps,3,64,5,8,6,106,206,306,0.022264569401741027,0.027794703483581543,0.002175453394651413,2.107216823787894e-05,2000,max_epochs,2.571622917021159
mu+sigma+eps,3,64,10,1,0,100,200,300,0.02863608193397522,0.07570243167877197,0.018105743646621705,4.306509072193876e-05,2000,max_epochs,2.595204464974813
mu+sigma+eps,3,64,10,1,1,101,201,301,0.03472953701019287,0.04690677976608276,0.009601578444242477,0.0004629394970834255,2000,max_epochs,2.5880195979843847
mu+sigma+eps,3,64,10,1,2,102,202,302,0.04234737157821655,0.04583325624465942,0.01207436203956604,1.2369447176752146e-05,2000,max_epochs,2.595180416945368
mu+sigma+eps,3,64,10,1,3,103,203,303,0.019044265985488893,0.03451219129562378,0.0017148989289999007,0.0005887747392989695,2000,max_epochs,2.58959968801355
mu+sigma+eps,3,64,10,1,4,104,204,304,0.04123452687263489,0.04514106464385986,0.017906494736671448,5.821509148518089e-06,2000,max_epochs,2.596017765987199
mu+sigma+eps,3,64,10,1,5,105,205,305,0.011116878628730774,0.018607686638832093,0.0007830330245196819,3.128370735794306e-05,2000,max_epochs,2.586907054996118
mu+sigma+eps,3,64,10,1,6,106,206,306,0.012113996267318726,0.0190098135471344,0.001539787083864212,9.269292604585644e-06,2000,max_epochs,2.5944788150372915
mu+sigma+eps,3,64,10,2,0,100,200,300,0.00661535656452179,0.013358514308929443,0.00028430858999490736,9.718778164824471e-05,2000,max_epochs,2.574805804004427
mu+sigma+eps,3,64,10,2,1,101,201,301,0.0478510103225708,0.05399693202972412,0.027625020682811738,6.110053800512105e-05,2000,max_epochs,2.577951933024451
mu+sigma+eps,3,64,10,2,2,102,202,302,0.03609443235397339,0.04073753619194031,0.008330543220043183,6.396984827006236e-05,2000,max_epochs,2.575161096989177
mu+sigma+eps,3,64,10,2,3,103,203,303,0.009013669073581695,0.013011290073394775,0.000463620126247406,3.0806291761109605e-05,2000,max_epochs,2.5751793939853087
mu+sigma+eps,3,64,10,2,4,104,204,304,0.016157167315483095,0.02131009817123413,0.0014774501398205756,4.363682455732487e-05,2000,max_epochs,2.5854580040322617
mu+sigma+eps,3,64,10,2,5,105,205,305,0.016609002709388733,0.024435007095336914,0.0017843697667121888,3.1517531169811264e-05,2000,max_epochs,2.5787896109977737
mu+sigma+eps,3,64,10,2,6,106,206,306,0.01645224726200104,0.02887459659576416,0.0011776461303234101,0.0008627133793197572,2000,max_epochs,2.593253400991671
mu+sigma+eps,3,64,10,3,0,100,200,300,0.04336240816116333,0.10999463176727295,0.03514582943916321,0.0003577540337573737,2000,max_epochs,2.5848497140104882
mu+sigma+eps,3,64,10,3,1,101,201,301,0.029881614208221434,0.038793234348297116,0.005717078268527985,0.00010267720062984154,2000,max_epochs,2.5880150739685632
mu+sigma+eps,3,64,10,3,2,102,202,302,0.06361838865280152,0.067250723361969,0.0317309136390686,1.3341850717552006e-05,2000,max_epochs,2.5867503830231726
mu+sigma+eps,3,64,10,3,3,103,203,303,0.010117114067077637,0.01422783625125885,0.0005802468657493591,2.4544719053665176e-05,2000,max_epochs,2.586253311019391
mu+sigma+eps,3,64,10,3,4,104,204,304,0.016244954228401186,0.021279896259307863,0.0015869041532278062,4.5225274334370624e-06,2000,max_epochs,2.5808479319675826
mu+sigma+eps,3,64,10,3,5,105,205,305,0.01781098687648773,0.02405016541481018,0.001915415570139885,0.0003415204701013863,2000,max_epochs,2.5564669350278564
mu+sigma+eps,3,64,10,3,6,106,206,306,0.013495322942733765,0.020192869901657105,0.0010164923071861267,0.0002559842250775546,2000,max_epochs,2.5409962920239195
mu+sigma+eps,3,64,10,4,0,100,200,300,0.0861474256515503,0.2098511600494385,0.09918453168869018,0.0010911759454756975,2000,max_epochs,2.5626130439923145
mu+sigma+eps,3,64,10,4,1,101,201,301,0.03186814570426941,0.038094745635986325,0.00905326521396637,6.292000034591183e-05,2000,max_epochs,2.5205891560181044
mu+sigma+eps,3,64,10,4,2,102,202,302,0.04653793334960937,0.05048271179199219,0.014672212958335876,3.287748040747829e-05,2000,max_epochs,2.544035436003469
mu+sigma+eps,3,64,10,4,3,103,203,303,0.010771029829978943,0.016015622735023497,0.0005289059393107891,9.362688433611766e-05,2000,max_epochs,2.5374507600208744
mu+sigma+eps,3,64,10,4,4,104,204,304,0.02715120017528534,0.03138650321960449,0.006809544503688812,5.070524821348954e-06,2000,max_epochs,2.5393943410017528
mu+sigma+eps,3,64,10,4,5,105,205,305,0.021174100160598754,0.0423759069442749,0.0025206622183322905,0.0011571631766855717,2000,max_epochs,2.566095279995352
mu+sigma+eps,3,64,10,4,6,106,206,306,0.0095145902633667,0.01523528289794922,0.0005972038060426712,4.61035524494946e-05,2000,max_epochs,2.577143578964751
mu+sigma+eps,3,64,10,8,0,100,200,300,0.03427606868743897,0.07181316232681274,0.006250344216823578,0.002459366573020816,2000,max_epochs,2.5835053690243512
mu+sigma+eps,3,64,10,8,1,101,201,301,0.03206853723526001,0.038472779512405395,0.009159464329481126,6.648577254964039e-05,2000,max_epochs,2.5892706989543512
mu+sigma+eps,3,64,10,8,2,102,202,302,0.05550338649749756,0.05871952676773071,0.024687697887420656,7.754023499728646e-06,2000,max_epochs,2.58387098897947
mu+sigma+eps,3,64,10,8,3,103,203,303,0.00844036215543747,0.01241642129421234,0.00038589217886328696,1.1107451427960768e-05,2000,max_epochs,2.585126243007835
mu+sigma+eps,3,64,10,8,4,104,204,304,0.020173588514328003,0.024820887565612793,0.00299097703397274,0.00021066806220915169,2000,max_epochs,2.5822901080246083
mu+sigma+eps,3,64,10,8,5,105,205,305,0.011119519710540772,0.019909752130508423,0.0007595074027776718,8.029360469663516e-05,2000,max_epochs,2.5904511169646867
mu+sigma+eps,3,64,10,8,6,106,206,306,0.01073779284954071,0.020256623268127442,0.0008946163952350617,2.042311643890571e-05,2000,max_epochs,2.5843724220176227
mu+sigma+eps,3,64,100,1,0,100,200,300,0.011750381350517272,0.024128193140029907,0.0009078471660614013,0.07907526195049286,2000,max_epochs,2.6138927540159784
mu+sigma+eps,3,64,100,1,1,101,201,301,0.006244607985019684,0.010498376965522766,0.00020634551905095578,0.00013344339095056057,2000,max_epochs,2.628003950987477
mu+sigma+eps,3,64,100,1,2,102,202,302,0.006511801362037659,0.010968322277069092,0.0001988844331353903,0.00010911442223004997,2000,max_epochs,2.625274091027677
mu+sigma+eps,3,64,100,1,3,103,203,303,0.01912706387042999,0.03861094284057617,0.0017750628143548964,0.001464633853174746,2000,max_epochs,2.6212180359871127
mu+sigma+eps,3,64,100,1,4,104,204,304,0.006121167659759522,0.010119104146957398,0.00023437620420008897,0.00015095900744199753,2000,max_epochs,2.625550220021978
mu+sigma+eps,3,64,100,1,5,105,205,305,0.007898138582706452,0.012695901393890381,0.0010162156373262406,0.00018384774739388376,2000,max_epochs,2.6257075060275383
mu+sigma+eps,3,64,100,1,6,106,206,306,0.006484172701835632,0.010675241708755494,0.00022705030255019664,0.0001124128102674149,2000,max_epochs,2.6306860049953684
mu+sigma+eps,3,64,100,2,0,100,200,300,0.04064536190032959,0.07827922344207763,0.006725713789463043,0.003726222086697817,2000,max_epochs,2.6210825559683144
mu+sigma+eps,3,64,100,2,1,101,201,301,0.006263103246688843,0.010553274035453796,0.00020770210586488246,0.00013302048319019377,2000,max_epochs,2.6173666750546545
mu+sigma+eps,3,64,100,2,2,102,202,302,0.0066290187239646916,0.01042579424381256,0.00023945160023868084,8.431800233665854e-05,2000,max_epochs,2.6172539440449327
mu+sigma+eps,3,64,100,2,3,103,203,303,0.006788748323917389,0.010991262555122375,0.0003109040427953005,0.00011584941239561886,2000,max_epochs,2.6174384049954824
mu+sigma+eps,3,64,100,2,4,104,204,304,0.0058604621887207034,0.009824794292449951,0.00017297975439578296,0.00015772093320265412,2000,max_epochs,2.6164562620106153
mu+sigma+eps,3,64,100,2,5,105,205,305,0.006231998205184937,0.01092984402179718,0.00025681277737021446,0.00016660492110531777,2000,max_epochs,2.6195761429844424
mu+sigma+eps,3,64,100,2,6,106,206,306,0.006868682980537414,0.011151863813400269,0.0002724435646086931,0.00011614916002145037,2000,max_epochs,2.6209282290074043
mu+sigma+eps,3,64,100,3,0,100,200,300,0.006731709539890289,0.010479974389076233,0.00025018030777573585,0.0003455695405136794,2000,max_epochs,2.5815133919822983
mu+sigma+eps,3,64,100,3,1,101,201,301,0.0066033537387847905,0.011596754789352418,0.0002483722474426031,0.00018238949996884912,2000,max_epochs,2.576009206008166
mu+sigma+eps,3,64,100,3,2,102,202,302,0.005777627825736999,0.00962155932188034,0.00018337006121873855,8.899030945030972e-05,2000,max_epochs,2.570698242983781
mu+sigma+eps,3,64,100,3,3,103,203,303,0.002330251753330231,0.004627641260623932,4.217368783429265e-05,2.2220368919079192e-05,2000,max_epochs,2.576970442023594
mu+sigma+eps,3,64,100,3,4,104,204,304,0.00628546667098999,0.010900176167488097,0.00023582600988447666,0.00020627905905712396,2000,max_epochs,2.573481507017277
mu+sigma+eps,3,64,100,3,5,105,205,305,0.007159080624580383,0.011613941073417663,0.0006385087743401527,0.00017309196118731052,2000,max_epochs,2.5753213060088456
mu+sigma+eps,3,64,100,3,6,106,206,306,0.045296702384948734,0.09177704620361328,0.009491384208202362,0.006283347494900227,2000,max_epochs,2.572907805966679
mu+sigma+eps,3,64,100,4,0,100,200,300,0.0073297213315963745,0.011083425998687745,0.0002885081395506859,0.00010738111450336874,2000,max_epochs,2.5778776940423995
mu+sigma+eps,3,64,100,4,1,101,201,301,0.006764146566390991,0.01164048933982849,0.0002752145994454622,0.00022008399537298828,2000,max_epochs,2.5733018270111643
mu+sigma+eps,3,64,100,4,2,102,202,302,0.005908798694610595,0.00973630392551422,0.0001848986241966486,9.125847282120958e-05,2000,max_epochs,2.5781518889707513
mu+sigma+eps,3,64,100,4,3,103,203,303,0.006253977715969086,0.01047758674621582,0.0002116604670882225,0.00011609832290560007,2000,max_epochs,2.5756753790192306
mu+sigma+eps,3,64,100,4,4,104,204,304,0.006076779663562775,0.010078322947025299,0.00019264138303697108,0.00014959850523155183,2000,max_epochs,2.5958998299902305
mu+sigma+eps,3,64,100,4,5,105,205,305,0.006747926115989685,0.011568096160888672,0.00032363579981029033,0.0001593374036019668,2000,max_epochs,2.6129760900512338
mu+sigma+eps,3,64,100,4,6,106,206,306,0.04342408800125122,0.08458404922485352,0.007606097579002381,0.005655492190271616,2000,max_epochs,2.618077861960046
mu+sigma+eps,3,64,100,8,0,100,200,300,0.007428001403808593,0.011119018077850342,0.00030521082505583766,9.853908704826608e-05,2000,max_epochs,2.6176227079704404
mu+sigma+eps,3,64,100,8,1,101,201,301,0.006322324693202972,0.010588406085968017,0.0002142484374344349,0.00013232280616648495,2000,max_epochs,2.6162016030284576
mu+sigma+eps,3,64,100,8,2,102,202,302,0.00593143367767334,0.00975866985321045,0.00018251854553818703,9.042819874593988e-05,2000,max_epochs,2.614121643011458
mu+sigma+eps,3,64,100,8,3,103,203,303,0.005931739330291748,0.009938421607017517,0.00019256793148815632,0.00011333708971505985,2000,max_epochs,2.571809593006037
mu+sigma+eps,3,64,100,8,4,104,204,304,0.0044044221043586735,0.008040713548660278,0.0001281488062813878,0.00012595932639669627,2000,max_epochs,2.579273739014752
mu+sigma+eps,3,64,100,8,5,105,205,305,0.012355305671691895,0.022590102434158325,0.0014916438162326812,0.00033904105657711625,2000,max_epochs,2.5749600720009767
mu+sigma+eps,3,64,100,8,6,106,206,306,0.022512856006622315,0.042884846210479735,0.002187606930732727,0.0011609882349148393,2000,max_epochs,2.582889591983985
mu+sigma+eps,3,64,1000,1,0,100,200,300,0.008372758388519287,0.016479012489318847,0.00041241977736353874,0.00034353208728134634,2000,max_epochs,10.360673624963965
mu+sigma+eps,3,64,1000,1,1,101,201,301,0.005803718328475952,0.010221595287322999,0.0001959427297115326,0.00015293111035134645,2000,max_epochs,10.329334681970067
mu+sigma+eps,3,64,1000,1,2,102,202,302,0.013338774085044861,0.025876771688461305,0.0008235290572047233,0.0006059285793453455,2000,max_epochs,10.393544252030551
mu+sigma+eps,3,64,1000,1,3,103,203,303,0.005615839719772339,0.009924185514450073,0.00015833713114261628,0.0001692392893601209,2000,max_epochs,10.418695259955712
mu+sigma+eps,3,64,1000,1,4,104,204,304,0.008438412189483643,0.01678421926498413,0.00043794328719377515,0.0004387965917121619,2000,max_epochs,10.515531928976998
mu+sigma+eps,3,64,1000,1,5,105,205,305,0.0062659262418746945,0.010440457701683045,0.0002695286776870489,0.0002062320290133357,2000,max_epochs,10.524558406963479
mu+sigma+eps,3,64,1000,1,6,106,206,306,0.03691784429550171,0.07275007486343384,0.00592659318447113,0.0007617590138688684,2000,max_epochs,10.510486672981642
mu+sigma+eps,3,64,1000,2,0,100,200,300,0.007874221920967102,0.015942507624626158,0.00033720139786601067,0.00021868519438430668,2000,max_epochs,10.425532610039227
mu+sigma+eps,3,64,1000,2,1,101,201,301,0.005464280962944031,0.009455734610557556,0.00016326723527163267,0.0001452345681609586,2000,max_epochs,10.458882616017945
mu+sigma+eps,3,64,1000,2,2,102,202,302,0.0026509653627872468,0.004875653505325318,3.496863786131143e-05,1.8938512715976684e-05,2000,max_epochs,10.51841364899883
mu+sigma+eps,3,64,1000,2,3,103,203,303,0.001815188094973564,0.0037457489371299744,3.0032620299607516e-05,1.9280317530501633e-05,2000,max_epochs,10.462814839964267
mu+sigma+eps,3,64,1000,2,4,104,204,304,0.008008576393127442,0.01596810507774353,0.00039921099692583084,0.0004084699295926839,2000,max_epochs,10.459067777032033
mu+sigma+eps,3,64,1000,2,5,105,205,305,0.03338198161125183,0.06912808799743653,0.005480734050273895,0.0036543302917853,2000,max_epochs,10.480325591983274
mu+sigma+eps,3,64,1000,2,6,106,206,306,0.005850161612033844,0.009425413250923156,0.00012912293896079064,0.0017852688673883677,2000,max_epochs,10.542462427983992
mu+sigma+eps,3,64,1000,3,0,100,200,300,0.006709624886512756,0.012647167563438415,0.00027171212993562223,0.00022921128617599607,2000,max_epochs,10.546447004016954
mu+sigma+eps,3,64,1000,3,1,101,201,301,0.0055099852681159975,0.009528452873229981,0.00016402602195739747,0.00014450422301888466,2000,max_epochs,10.612563138012774
mu+sigma+eps,3,64,1000,3,2,102,202,302,0.007087631702423096,0.012752081274986267,0.0002911255843937397,0.00025393225741572676,2000,max_epochs,10.744832091033459
mu+sigma+eps,3,64,1000,3,3,103,203,303,0.0013273505717515946,0.0028071062564849853,1.5311256051063537e-05,1.5801926208951044e-05,2000,max_epochs,10.648858629981987
mu+sigma+eps,3,64,1000,3,4,104,204,304,0.008779683351516724,0.017515954732894898,0.00036663641035556793,0.00040940900100395084,2000,max_epochs,10.657003150961827
mu+sigma+eps,3,64,1000,3,5,105,205,305,0.005578918099403382,0.009883979439735412,0.0001953914761543274,0.0001716192993335426,2000,max_epochs,10.662560049036983
mu+sigma+eps,3,64,1000,3,6,106,206,306,0.0024830274879932405,0.005021474421024323,4.050413239747286e-05,3.0499510961817576e-05,2000,max_epochs,10.74342528602574
mu+sigma+eps,3,64,1000,4,0,100,200,300,0.010872642517089843,0.021991873502731324,0.0006639648787677288,0.0006743008624762296,2000,max_epochs,10.714491872000508
mu+sigma+eps,3,64,1000,4,1,101,201,301,0.006410046339035034,0.011614935040473938,0.0001875148843973875,0.00025249612610787154,2000,max_epochs,10.527094863995444
mu+sigma+eps,3,64,1000,4,2,102,202,302,0.020311258554458617,0.03972026252746582,0.001688007652759552,0.00047242964431643485,2000,max_epochs,10.574874987010844
mu+sigma+eps,3,64,1000,4,3,103,203,303,0.0020849321484565737,0.004118482112884522,2.425708342343569e-05,2.404448005836457e-05,2000,max_epochs,10.552561792021152
mu+sigma+eps,3,64,1000,4,4,104,204,304,0.0012573508322238922,0.0024079839289188384,1.1463318136520684e-05,1.2623783411982004e-05,2000,max_epochs,10.50465554103721
mu+sigma+eps,3,64,1000,4,5,105,205,305,0.0069750754237174984,0.01218631637096405,0.00023193322867155075,0.00017976232815999538,2000,max_epochs,10.409686958999373
mu+sigma+eps,3,64,1000,4,6,106,206,306,0.009176294386386872,0.018199907064437866,0.00039217785745859144,0.001079150709323585,2000,max_epochs,10.448869646003004
mu+sigma+eps,3,64,1000,8,0,100,200,300,0.004699219644069672,0.00915874719619751,0.00010266511514782905,9.555797080975026e-05,2000,max_epochs,10.347931983007584
mu+sigma+eps,3,64,1000,8,1,101,201,301,0.004339123338460922,0.00869604480266571,9.591354336589575e-05,0.00010553431301377714,2000,max_epochs,10.3294564220123
mu+sigma+eps,3,64,1000,8,2,102,202,302,0.01029040515422821,0.0186503005027771,0.00036161286383867266,0.00316170119587332,2000,max_epochs,10.34468821901828
mu+sigma+eps,3,64,1000,8,3,103,203,303,0.0011342970877885818,0.002241177797317505,9.959043702110648e-06,8.668698101246263e-06,2000,max_epochs,10.368583105038851
mu+sigma+eps,3,64,1000,8,4,104,204,304,0.00813873827457428,0.016686288237571716,0.0003629447445273399,0.0004106223518028855,2000,max_epochs,10.520865664002486
mu+sigma+eps,3,64,1000,8,5,105,205,305,0.001338443860411644,0.0025822958052158355,1.534967275802046e-05,1.6287747843307444e-05,2000,max_epochs,10.374901700997725
mu+sigma+eps,3,64,1000,8,6,106,206,306,0.009989529967308045,0.018492244124412537,0.0003653929494321346,0.00018200614769011737,2000,max_epochs,10.48824118002085
mu+sigma+eps,3,128,5,1,0,100,200,300,0.007224697589874268,0.012441980242729187,0.00028179731778800487,9.998107088904362e-07,739,stopping_threshold,0.9920155800064094
mu+sigma+eps,3,128,5,1,1,101,201,301,0.011285699486732482,0.016740906834602356,0.0006188065558671951,1.1338311196595896e-05,2000,max_epochs,2.6588057819753885
mu+sigma+eps,3,128,5,1,2,102,202,302,0.009820865035057068,0.015160924673080445,0.0005043272562325001,2.760968300208333e-06,2000,max_epochs,2.6713785299798474
mu+sigma+eps,3,128,5,1,3,103,203,303,0.01873000454902649,0.028418176651000975,0.0017854417860507965,4.770469240611419e-05,2000,max_epochs,2.652724075014703
mu+sigma+eps,3,128,5,1,4,104,204,304,0.01126269567012787,0.016514527320861817,0.0005102442540228367,2.3185320969787426e-05,2000,max_epochs,2.6728970230324194
mu+sigma+eps,3,128,5,1,5,105,205,305,0.009124475359916687,0.015746436834335326,0.0005089022479951382,8.936319204622123e-07,117,stopping_threshold,0.15778784395661205
mu+sigma+eps,3,128,5,1,6,106,206,306,0.015143709063529968,0.020453333854675293,0.0009954679757356645,4.100286969332956e-05,2000,max_epochs,2.678838145977352
mu+sigma+eps,3,128,5,2,0,100,200,300,0.009512090682983398,0.014583251714706421,0.0007332058697938919,9.982225037674652e-07,1798,stopping_threshold,2.4053747769794427
mu+sigma+eps,3,128,5,2,1,101,201,301,0.014666793465614319,0.026043920993804932,0.0009420168176293373,0.00043526742956601083,2000,max_epochs,2.6650596450199373
mu+sigma+eps,3,128,5,2,2,102,202,302,0.012260424971580506,0.017690973281860353,0.0007413514032959938,9.972908401323366e-07,787,stopping_threshold,1.0487540059839375
mu+sigma+eps,3,128,5,2,3,103,203,303,0.01982373285293579,0.030335349798202516,0.001938411757349968,3.3561063901288435e-05,2000,max_epochs,2.6598604709724896
mu+sigma+eps,3,128,5,2,4,104,204,304,0.011099674344062805,0.01633172845840454,0.0004996664673089981,2.3429707653122023e-05,2000,max_epochs,2.6741241149720736
mu+sigma+eps,3,128,5,2,5,105,205,305,0.008172837495803833,0.01344096553325653,0.0004451161772012711,9.985327551476075e-07,590,stopping_threshold,0.7935016840347089
mu+sigma+eps,3,128,5,2,6,106,206,306,0.034676774740219116,0.048854407787323,0.007328955471515655,9.986630402636365e-07,865,stopping_threshold,1.1621844599721953
mu+sigma+eps,3,128,5,3,0,100,200,300,0.00935266625881195,0.016744475364685058,0.00047163626179099084,9.943040595317143e-07,671,stopping_threshold,0.9044151999987662
mu+sigma+eps,3,128,5,3,1,101,201,301,0.014257717728614807,0.02284776020050049,0.0008813746571540833,2.0540455807349645e-05,2000,max_epochs,2.578417982964311
mu+sigma+eps,3,128,5,3,2,102,202,302,0.011332926630973817,0.01642534387111664,0.0006508450098335743,9.988783631342812e-07,1580,stopping_threshold,2.0389766310108826
mu+sigma+eps,3,128,5,3,3,103,203,303,0.018046592712402342,0.02757485485076904,0.0016046892702579498,5.076516026747413e-05,2000,max_epochs,2.6241263650008477
mu+sigma+eps,3,128,5,3,4,104,204,304,0.011283047258853913,0.016513017654418944,0.0005173616111278534,2.419778502371628e-05,2000,max_epochs,2.6963736439938657
mu+sigma+eps,3,128,5,3,5,105,205,305,0.01219922137260437,0.018132726311683656,0.0008949128314852715,7.855547892177128e-07,132,stopping_threshold,0.17762802698416635
mu+sigma+eps,3,128,5,3,6,106,206,306,0.013422115325927735,0.024770137071609497,0.0007967543229460716,0.0005003094556741416,2000,max_epochs,2.6852198140113614
mu+sigma+eps,3,128,5,4,0,100,200,300,0.008611323833465577,0.013779700994491577,0.0004056012444198132,9.99163944470638e-07,947,stopping_threshold,1.2703171570319682
mu+sigma+eps,3,128,5,4,1,101,201,301,0.011163935661315919,0.01732085132598877,0.0005900236405432225,4.157329385634512e-06,2000,max_epochs,2.501463013992179
mu+sigma+eps,3,128,5,4,2,102,202,302,0.010464893817901612,0.01766656517982483,0.0005513067394495011,1.2029960089421365e-05,2000,max_epochs,2.5421758329612203
mu+sigma+eps,3,128,5,4,3,103,203,303,0.036890721797943116,0.06496304464340209,0.0053428558707237245,0.0028879090677946806,2000,max_epochs,2.6001494640368037
mu+sigma+eps,3,128,5,4,4,104,204,304,0.012003214836120605,0.017393133282661438,0.0005845635309815407,5.8347588492324576e-05,2000,max_epochs,2.6053157669957727
mu+sigma+eps,3,128,5,4,5,105,205,305,0.009517264485359191,0.014825265288352967,0.0005628156587481499,8.416191121796146e-07,143,stopping_threshold,0.18778042501071468
mu+sigma+eps,3,128,5,4,6,106,206,306,0.04700484323501587,0.06037189531326294,0.011578588604927062,1.1600553079915699e-05,2000,max_epochs,2.596264609019272
mu+sigma+eps,3,128,5,8,0,100,200,300,0.007202896356582641,0.013153666973114014,0.0002827771380543709,9.996194876293885e-07,1121,stopping_threshold,1.3679376089712605
mu+sigma+eps,3,128,5,8,1,101,201,301,0.011053070783615112,0.01682691740989685,0.0005704681538045406,6.564933755726088e-06,2000,max_epochs,2.44019524398027
mu+sigma+eps,3,128,5,8,2,102,202,302,0.00880358076095581,0.013743680119514465,0.00036043259128928185,9.971250847229385e-07,1255,stopping_threshold,1.639983596978709
mu+sigma+eps,3,128,5,8,3,103,203,303,0.018627418518066406,0.02849392795562744,0.0017809981256723404,3.767195812542923e-05,2000,max_epochs,2.591837099986151
mu+sigma+eps,3,128,5,8,4,104,204,304,0.010990600466728211,0.016169208645820617,0.0004965656250715256,2.4726648916839622e-05,2000,max_epochs,2.5420320500270464
mu+sigma+eps,3,128,5,8,5,105,205,305,0.007492413341999054,0.012844458937644958,0.0003725279625505209,9.986033546738327e-07,897,stopping_threshold,1.1541647689882666
mu+sigma+eps,3,128,5,8,6,106,206,306,0.03863112115859985,0.05457535600662231,0.009690998196601868,9.159740557151963e-07,852,stopping_threshold,1.1018085320247337
mu+sigma+eps,3,128,10,1,0,100,200,300,0.00809166246652603,0.017570576906204224,0.0006902430951595306,0.0001397432788508013,2000,max_epochs,2.567778489959892
mu+sigma+eps,3,128,10,1,1,101,201,301,0.014305959343910218,0.02063427472114563,0.001155994638800621,2.369272078794893e-05,2000,max_epochs,2.620913702005055
mu+sigma+eps,3,128,10,1,2,102,202,302,0.021070808410644532,0.024156200170516968,0.0028586794883012773,1.6987220078590326e-05,2000,max_epochs,2.6199935830081813
mu+sigma+eps,3,128,10,1,3,103,203,303,0.01765752100944519,0.026481612682342528,0.0014606844931840896,0.000349403650034219,2000,max_epochs,2.624600417970214
mu+sigma+eps,3,128,10,1,4,104,204,304,0.0086331667304039,0.015120969653129578,0.00039528828486800195,9.52513892116258e-06,2000,max_epochs,2.60793898900738
mu+sigma+eps,3,128,10,1,5,105,205,305,0.031195967674255372,0.03799734902381897,0.007630228370428085,4.5349766878644004e-05,2000,max_epochs,2.618243534991052
mu+sigma+eps,3,128,10,1,6,106,206,306,0.0070482251644134524,0.013051037907600403,0.00044106939807534215,6.798823596909642e-05,2000,max_epochs,2.629591801960487
mu+sigma+eps,3,128,10,2,0,100,200,300,0.0345608069896698,0.09483973217010498,0.0365089840888977,5.5120541219366714e-05,2000,max_epochs,2.607195871998556
mu+sigma+eps,3,128,10,2,1,101,201,301,0.014952627539634705,0.021236133813858034,0.0013020371943712234,3.2737294532125816e-05,2000,max_epochs,2.6019964320003055
mu+sigma+eps,3,128,10,2,2,102,202,302,0.014079434752464294,0.023483735799789428,0.0007674470841884613,0.000525839626789093,2000,max_epochs,2.6091314560035244
mu+sigma+eps,3,128,10,2,3,103,203,303,0.00977731853723526,0.013874511003494263,0.0005508021265268326,1.010423875413835e-05,2000,max_epochs,2.6130758009967394
mu+sigma+eps,3,128,10,2,4,104,204,304,0.009534232854843139,0.016593528509140015,0.00048261479660868643,3.518965604598634e-05,2000,max_epochs,2.5986258239718154
mu+sigma+eps,3,128,10,2,5,105,205,305,0.021937267303466797,0.03601097965240479,0.006229918777942657,1.7616785044083372e-05,2000,max_epochs,2.6025003679678775
mu+sigma+eps,3,128,10,2,6,106,206,306,0.007649802803993225,0.014610438585281372,0.00039029544219374655,5.990236604702659e-05,2000,max_epochs,2.5995565929915756
mu+sigma+eps,3,128,10,3,0,100,200,300,0.02205310571193695,0.05887641477584839,0.013323264122009277,5.4467320296680555e-05,2000,max_epochs,2.6080587040050887
mu+sigma+eps,3,128,10,3,1,101,201,301,0.015458575129508972,0.02308062672615051,0.0012631628066301346,0.0001924366079038009,2000,max_epochs,2.6171513100271113
mu+sigma+eps,3,128,10,3,2,102,202,302,0.018386635065078736,0.021653529405593872,0.0021465728878974914,1.3523135748982895e-05,2000,max_epochs,2.612513415981084
mu+sigma+eps,3,128,10,3,3,103,203,303,0.011275684118270873,0.01553090786933899,0.0007737493962049484,1.344467636954505e-05,2000,max_epochs,2.610026084992569
mu+sigma+eps,3,128,10,3,4,104,204,304,0.008879541039466858,0.014975521445274352,0.00044074029475450516,1.3579096957982983e-05,2000,max_epochs,2.5992432499770075
mu+sigma+eps,3,128,10,3,5,105,205,305,0.03535905051231384,0.05261373519897461,0.015322702527046204,2.2068485122872517e-05,2000,max_epochs,2.607760342012625
mu+sigma+eps,3,128,10,3,6,106,206,306,0.013912272453308106,0.026279816389083863,0.0009047487080097199,0.0006001193542033434,2000,max_epochs,2.610722653043922
mu+sigma+eps,3,128,10,4,0,100,200,300,0.02254944920539856,0.060441086769104,0.014359746754169464,4.8758160119177774e-05,2000,max_epochs,2.6060676380293444
mu+sigma+eps,3,128,10,4,1,101,201,301,0.01573034358024597,0.02278975987434387,0.001329340860247612,8.999655256047845e-05,2000,max_epochs,2.6077001160010695
mu+sigma+eps,3,128,10,4,2,102,202,302,0.011890593647956848,0.015090087413787841,0.0007595865800976753,1.507090109953424e-05,2000,max_epochs,2.605591482948512
mu+sigma+eps,3,128,10,4,3,103,203,303,0.012763542175292969,0.01752562665939331,0.0009042385593056679,9.237405902240425e-05,2000,max_epochs,2.619397818983998
mu+sigma+eps,3,128,10,4,4,104,204,304,0.009616366386413574,0.015537869811058045,0.000489020075649023,4.810627069673501e-05,2000,max_epochs,2.60890156700043
mu+sigma+eps,3,128,10,4,5,105,205,305,0.036489740371704105,0.04984391975402832,0.008557149827480317,0.0001676689862506464,2000,max_epochs,2.612806879042182
mu+sigma+eps,3,128,10,4,6,106,206,306,0.02020448589324951,0.039577749729156494,0.0017956621199846268,0.0010847928933799267,2000,max_epochs,2.6066733729676344
mu+sigma+eps,3,128,10,8,0,100,200,300,0.00782703197002411,0.015300237894058228,0.0003764178864657879,0.00022661230468656868,2000,max_epochs,2.6037039009970613
mu+sigma+eps,3,128,10,8,1,101,201,301,0.014325246334075928,0.02033304953575134,0.0011737344488501548,3.303477569716051e-05,2000,max_epochs,2.603161241975613
mu+sigma+eps,3,128,10,8,2,102,202,302,0.0337498939037323,0.03692234897613526,0.009276432633399964,1.8295651898370124e-05,2000,max_epochs,2.593302010965999
mu+sigma+eps,3,128,10,8,3,103,203,303,0.008953839421272277,0.012978264927864075,0.0004267907291650772,1.3064039194432553e-05,2000,max_epochs,2.5772975930012763
mu+sigma+eps,3,128,10,8,4,104,204,304,0.009160659432411193,0.015389928579330444,0.00042498207837343217,1.3925519851909485e-05,2000,max_epochs,2.5736046679667197
mu+sigma+eps,3,128,10,8,5,105,205,305,0.02486289048194885,0.05335835075378418,0.0073722746968269345,0.001015190384350717,2000,max_epochs,2.5817699520266615
mu+sigma+eps,3,128,10,8,6,106,206,306,0.006987256765365601,0.012971333622932435,0.00039371485263109206,5.6531582231400535e-05,2000,max_epochs,2.5981090550194494
mu+sigma+eps,3,128,100,1,0,100,200,300,0.09732749557495117,0.2001343479156494,0.0446840763092041,0.032234180718660355,2000,max_epochs,2.6387003579875454
mu+sigma+eps,3,128,100,1,1,101,201,301,0.0061749363541603085,0.010551023244857788,0.00019494589045643808,0.00012342484842520207,2000,max_epochs,2.6361731099896133
mu+sigma+eps,3,128,100,1,2,102,202,302,0.0067993332743644715,0.011342294812202454,0.00025905922614037993,0.00010121743980562314,2000,max_epochs,2.635669995972421
mu+sigma+eps,3,128,100,1,3,103,203,303,0.006375542342662811,0.011052065134048461,0.00018715527653694153,0.00019661230908241123,2000,max_epochs,2.6350134790409356
mu+sigma+eps,3,128,100,1,4,104,204,304,0.006199467957019806,0.010121759414672851,0.0002714360933750868,0.00013606528227683157,2000,max_epochs,2.6364522069925442
mu+sigma+eps,3,128,100,1,5,105,205,305,0.006486466825008392,0.010643085360527039,0.0002335199899971485,0.00011885143612744287,2000,max_epochs,2.6322735519497655
mu+sigma+eps,3,128,100,1,6,106,206,306,0.007707843244075775,0.011560624957084657,0.00044427525624632835,0.00011545035522431135,2000,max_epochs,2.6408707100199535
mu+sigma+eps,3,128,100,2,0,100,200,300,0.01271509289741516,0.0205964777469635,0.0013272038660943509,0.0003093521227128804,2000,max_epochs,2.6127197389723733
mu+sigma+eps,3,128,100,2,1,101,201,301,0.006778261125087738,0.010899037718772889,0.00027131919004023074,0.00011899137462023646,2000,max_epochs,2.586252496985253
mu+sigma+eps,3,128,100,2,2,102,202,302,0.00632327926158905,0.010935908436775207,0.00021859147772192956,0.00010044215014204383,2000,max_epochs,2.5948387520038523
mu+sigma+eps,3,128,100,2,3,103,203,303,0.006213797986507416,0.01032090127468109,0.00022452411055564882,0.00010494016896700487,2000,max_epochs,2.5932694129878655
mu+sigma+eps,3,128,100,2,4,104,204,304,0.005711593151092529,0.009688083171844483,0.00016649093106389047,0.00014278817980084568,2000,max_epochs,2.6020201080245897
mu+sigma+eps,3,128,100,2,5,105,205,305,0.005819797813892365,0.01039375650882721,0.00018937969766557217,0.0001242659636773169,2000,max_epochs,2.6203967109904625
mu+sigma+eps,3,128,100,2,6,106,206,306,0.031321020603179935,0.06265347576141357,0.004418255269527435,0.003284536302089691,2000,max_epochs,2.621854042983614
mu+sigma+eps,3,128,100,3,0,100,200,300,0.007644774854183197,0.012409732222557068,0.00039603739976882933,0.00017116093658842146,2000,max_epochs,2.6171755010145716
mu+sigma+eps,3,128,100,3,1,101,201,301,0.00648884105682373,0.010617998600006104,0.00023293157480657102,0.00012041286390740424,2000,max_epochs,2.622025621996727
mu+sigma+eps,3,128,100,3,2,102,202,302,0.006283238470554352,0.010116788744926452,0.00019689355231821537,7.52229752833955e-05,2000,max_epochs,2.62789680599235
mu+sigma+eps,3,128,100,3,3,103,203,303,0.0030770236253738403,0.0058601474761962894,7.208020007237792e-05,4.836150401388295e-05,2000,max_epochs,2.6033849570085295
mu+sigma+eps,3,128,100,3,4,104,204,304,0.003587153911590576,0.006058037996292114,6.654510647058487e-05,5.47050112800207e-05,2000,max_epochs,2.620092046970967
mu+sigma+eps,3,128,100,3,5,105,205,305,0.005861799001693726,0.010303201198577881,0.00017870993167161942,0.00012476183474063873,2000,max_epochs,2.6190595499938354
mu+sigma+eps,3,128,100,3,6,106,206,306,0.029731821060180665,0.05777051067352295,0.0037965561151504516,0.004357609432190657,2000,max_epochs,2.6081856439705007
mu+sigma+eps,3,128,100,4,0,100,200,300,0.007154219329357147,0.010979966521263122,0.00027379996702075007,0.00010819451563293114,2000,max_epochs,2.6095000919885933
mu+sigma+eps,3,128,100,4,1,101,201,301,0.006857486426830292,0.010781381607055664,0.00030059080198407176,0.0001250922796316445,2000,max_epochs,2.5653539600316435
mu+sigma+eps,3,128,100,4,2,102,202,302,0.006059141874313355,0.00989735585451126,0.00017819574661552906,8.862955291988328e-05,2000,max_epochs,2.5620857689646073
mu+sigma+eps,3,128,100,4,3,103,203,303,0.006185740828514099,0.010133507132530212,0.00022048556804656983,0.00010618698433972895,2000,max_epochs,2.558135821018368
mu+sigma+eps,3,128,100,4,4,104,204,304,0.003194954127073288,0.005988718152046203,6.121222861111165e-05,7.371516403509304e-05,2000,max_epochs,2.5903594269766472
mu+sigma+eps,3,128,100,4,5,105,205,305,0.007944756925106048,0.014606949806213378,0.00030552229285240175,0.00020320217299740762,2000,max_epochs,2.556708688964136
mu+sigma+eps,3,128,100,4,6,106,206,306,0.00773591822385788,0.012201575875282287,0.00032136084884405134,0.00013726142060477287,2000,max_epochs,2.5534229850163683
mu+sigma+eps,3,128,100,8,0,100,200,300,0.033531734943389895,0.06893053722381592,0.005392220497131348,0.003095427295193076,2000,max_epochs,2.589606048015412
mu+sigma+eps,3,128,100,8,1,101,201,301,0.008677754640579224,0.012868958830833435,0.0008882866706699133,0.00011528729373821989,2000,max_epochs,2.6067825889913365
mu+sigma+eps,3,128,100,8,2,102,202,302,0.005727231442928314,0.009565176844596863,0.0001640255097299814,8.842099487083033e-05,2000,max_epochs,2.596325671998784
mu+sigma+eps,3,128,100,8,3,103,203,303,0.07295254135131836,0.14898503303527832,0.0245145628452301,0.02298160456120968,2000,max_epochs,2.5729631860158406
mu+sigma+eps,3,128,100,8,4,104,204,304,0.005802923798561096,0.009811579287052154,0.00016653890907764434,0.0001388056989526376,2000,max_epochs,2.584591662976891
mu+sigma+eps,3,128,100,8,5,105,205,305,0.026278928995132445,0.05323448371887207,0.003363245815038681,0.003149069380015135,2000,max_epochs,2.562621371005662
mu+sigma+eps,3,128,100,8,6,106,206,306,0.0037421590983867646,0.00675776469707489,9.143033623695374e-05,5.257361044641584e-05,2000,max_epochs,2.603330106998328
mu+sigma+eps,3,128,1000,1,0,100,200,300,0.006111022353172302,0.010669546008110046,0.0001708623580634594,0.00014694161433726548,2000,max_epochs,10.396378124016337
mu+sigma+eps,3,128,1000,1,1,101,201,301,0.01349533712863922,0.026939577341079712,0.0009101359099149704,0.0008752347668632865,2000,max_epochs,10.66131726198364
mu+sigma+eps,3,128,1000,1,2,102,202,302,0.005526030600070953,0.00963028621673584,0.00014860255643725395,0.00015133215638343244,2000,max_epochs,10.017050929949619
mu+sigma+eps,3,128,1000,1,3,103,203,303,0.010871307849884033,0.021821749687194823,0.0006459604278206825,0.0003497250808868557,2000,max_epochs,10.378133227000944
mu+sigma+eps,3,128,1000,1,4,104,204,304,0.007757332265377045,0.014820650219917297,0.000349979855120182,0.00030223951127845793,2000,max_epochs,10.25085819803644
mu+sigma+eps,3,128,1000,1,5,105,205,305,0.0057813553214073185,0.01026551592350006,0.00021136669255793095,0.0002808954501524568,2000,max_epochs,10.173636997991707
mu+sigma+eps,3,128,1000,1,6,106,206,306,0.0056972488164901735,0.010065414667129517,0.00015523549355566502,0.0004439382443670183,2000,max_epochs,9.884060169977602
mu+sigma+eps,3,128,1000,2,0,100,200,300,0.005838219344615936,0.011344841122627259,0.00014442139118909836,4.442127764923498e-05,2000,max_epochs,9.85270228999434
mu+sigma+eps,3,128,1000,2,1,101,201,301,0.001559290647506714,0.00304588308930397,2.258336963132024e-05,2.1616050187731162e-05,2000,max_epochs,10.183587640989572
mu+sigma+eps,3,128,1000,2,2,102,202,302,0.02192052412033081,0.03949277925491333,0.0017904493510723114,0.005424491882324219,2000,max_epochs,10.43262971402146
mu+sigma+eps,3,128,1000,2,3,103,203,303,0.005418921828269959,0.009421332001686097,0.00016418303176760673,0.00015474514506058767,2000,max_epochs,10.434417829965241
mu+sigma+eps,3,128,1000,2,4,104,204,304,0.006530331909656525,0.010655343294143678,0.0001914639975875616,0.00020647602470126003,2000,max_epochs,10.432156849012244
mu+sigma+eps,3,128,1000,2,5,105,205,305,0.003641987204551697,0.006823002338409424,8.720433432608843e-05,8.373555220896379e-05,2000,max_epochs,10.442704988003243
mu+sigma+eps,3,128,1000,2,6,106,206,306,0.00799365484714508,0.015857035398483276,0.00028504547104239464,0.0006113278954289854,2000,max_epochs,10.464762591989711
mu+sigma+eps,3,128,1000,3,0,100,200,300,0.0032143572568893433,0.006558973789215088,7.395343342795968e-05,0.00046680049985297955,2000,max_epochs,10.454352569999173
mu+sigma+eps,3,128,1000,3,1,101,201,301,0.007082936048507691,0.012448947191238404,0.00019197964109480382,0.00010477633471600711,2000,max_epochs,10.456735068990383
mu+sigma+eps,3,128,1000,3,2,102,202,302,0.0054604712724685665,0.009455143809318542,0.0001492054769769311,0.00014706157438922673,2000,max_epochs,10.458876134012826
mu+sigma+eps,3,128,1000,3,3,103,203,303,0.006549698531627655,0.01223898422718048,0.00025844793394207957,0.000253806529333815,2000,max_epochs,10.459748322027735
mu+sigma+eps,3,128,1000,3,4,104,204,304,0.002505342796444893,0.004920145481824875,4.513003141619265e-05,0.00038831096520880237,2000,max_epochs,10.508732287038583
mu+sigma+eps,3,128,1000,3,5,105,205,305,0.003114427298307419,0.005406435251235962,5.7564277201890944e-05,5.0170662987511606e-05,2000,max_epochs,10.518336006032769
mu+sigma+eps,3,128,1000,3,6,106,206,306,0.0015187995731830598,0.002878304302692413,1.163764635566622e-05,7.0242977599264125e-06,2000,max_epochs,10.56682902900502
mu+sigma+eps,3,128,1000,4,0,100,200,300,0.0014026427567005158,0.00268292561173439,1.2438159203156829e-05,1.956202878500335e-05,2000,max_epochs,10.590150682022795
mu+sigma+eps,3,128,1000,4,1,101,201,301,0.007251131176948547,0.01323101031780243,0.00023873110488057135,0.00023678659240249545,2000,max_epochs,10.600914587965235
mu+sigma+eps,3,128,1000,4,2,102,202,302,0.003476560980081558,0.006563708007335663,7.559679634869098e-05,4.779188882093877e-05,2000,max_epochs,10.625214857980609
mu+sigma+eps,3,128,1000,4,3,103,203,303,0.0021013598740100862,0.004208913803100586,2.5757265044376255e-05,6.960270088165999e-05,2000,max_epochs,10.595320533961058
mu+sigma+eps,3,128,1000,4,4,104,204,304,0.005544654011726379,0.010199940800666808,0.0001780020333826542,0.0001641561351134442,2000,max_epochs,10.584486626030412
mu+sigma+eps,3,128,1000,4,5,105,205,305,0.005668963432312012,0.0101812824010849,0.00020473716780543326,0.0005551126677310094,2000,max_epochs,10.65418121701805
mu+sigma+eps,3,128,1000,4,6,106,206,306,0.004484749376773834,0.007813281893730163,9.77342426776886e-05,0.0001047608750523068,2000,max_epochs,10.612735969014466
mu+sigma+eps,3,128,1000,8,0,100,200,300,0.005534991502761841,0.009530320644378662,0.0001534759718924761,0.00014304335124325007,2000,max_epochs,10.63140796404332
mu+sigma+eps,3,128,1000,8,1,101,201,301,0.0019335993081331254,0.00386485493183136,2.1658168639987708e-05,2.1342406864278017e-05,2000,max_epochs,10.625483525043819
mu+sigma+eps,3,128,1000,8,2,102,202,302,0.005809671819210053,0.0110028874874115,0.00020988572388887404,0.0004411523551680148,2000,max_epochs,10.612059936975129
mu+sigma+eps,3,128,1000,8,3,103,203,303,0.0075623633861541745,0.0154884192943573,0.0002852732539176941,9.291787678375841e-05,2000,max_epochs,10.56487887504045
mu+sigma+eps,3,128,1000,8,4,104,204,304,0.0083385591506958,0.01664312195777893,0.00042207382991909983,0.00043532168841920794,2000,max_epochs,10.595989505993202
mu+sigma+eps,3,128,1000,8,5,105,205,305,0.0010721511840820312,0.0020117130875587463,6.820580922067165e-06,4.9335631425492467e-05,2000,max_epochs,10.59344714100007
mu+sigma+eps,3,128,1000,8,6,106,206,306,0.010653782963752747,0.020511427164077757,0.0004466064050793648,0.0003880055658519268,2000,max_epochs,10.562178512045648
mu+sigma+eps,3,256,5,1,0,100,200,300,0.011865477323532105,0.0232138135433197,0.0008946933448314667,9.987136309064226e-07,1385,stopping_threshold,1.8152691340073943
mu+sigma+eps,3,256,5,1,1,101,201,301,0.025589823961257935,0.04034611511230469,0.00275931179523468,0.0006556202424690127,2000,max_epochs,2.5989540950395167
mu+sigma+eps,3,256,5,1,2,102,202,302,0.010010258197784424,0.0164145131111145,0.0005226711668074131,7.195169928309042e-06,2000,max_epochs,2.60376416798681
mu+sigma+eps,3,256,5,1,3,103,203,303,0.026401401996612547,0.04346417951583862,0.0036326460540294647,8.908148743103084e-07,725,stopping_threshold,0.9394138579955325
mu+sigma+eps,3,256,5,1,4,104,204,304,0.06283296203613281,0.06365925288200379,0.0793331948518753,2.6881287340074778e-05,2000,max_epochs,2.578007098985836
mu+sigma+eps,3,256,5,1,5,105,205,305,0.0068881607055664065,0.012062216401100159,0.00028773726150393487,9.994879519581445e-07,1558,stopping_threshold,2.0002814090112224
mu+sigma+eps,3,256,5,1,6,106,206,306,0.03203771018981934,0.04157754850387573,0.005605731368064881,2.7079999199486338e-05,2000,max_epochs,2.5758919079671614
mu+sigma+eps,3,256,5,2,0,100,200,300,0.0069955774545669555,0.011980417490005493,0.00026807224191725256,9.97282086245832e-07,1036,stopping_threshold,1.3181640130351298
mu+sigma+eps,3,256,5,2,1,101,201,301,0.01693063545227051,0.025184585094451904,0.0013102094456553459,0.00011198835272807628,2000,max_epochs,2.549575333017856
mu+sigma+eps,3,256,5,2,2,102,202,302,0.012457449674606323,0.01888735830783844,0.0008003208860754967,9.970690371119417e-07,565,stopping_threshold,0.728394464997109
mu+sigma+eps,3,256,5,2,3,103,203,303,0.018776492595672607,0.03691682529449463,0.003975934356451035,9.845547310760594e-07,470,stopping_threshold,0.6056948020122945
mu+sigma+eps,3,256,5,2,4,104,204,304,0.013530220031738281,0.01946719241142273,0.0007874396517872811,6.586188828805462e-05,2000,max_epochs,2.577819971018471
mu+sigma+eps,3,256,5,2,5,105,205,305,0.010728434145450593,0.014973555564880371,0.0007194764129817486,9.986243867388112e-07,1764,stopping_threshold,2.2727904209750704
mu+sigma+eps,3,256,5,2,6,106,206,306,0.03621929621696472,0.05099220561981201,0.008653321385383606,9.891298304864904e-07,995,stopping_threshold,1.2696499400190078
mu+sigma+eps,3,256,5,3,0,100,200,300,0.014192167520523071,0.02942519736289978,0.001569106623530388,9.987937801270164e-07,987,stopping_threshold,1.2308032449800521
mu+sigma+eps,3,256,5,3,1,101,201,301,0.01908876848220825,0.02951795792579651,0.0015831599161028863,0.00036082780570723116,2000,max_epochs,2.5804994479985908
mu+sigma+eps,3,256,5,3,2,102,202,302,0.01002320808172226,0.014738673448562622,0.0005205635502934456,1.3729573993259692e-06,2000,max_epochs,2.607491511036642
mu+sigma+eps,3,256,5,3,3,103,203,303,0.019131062746047974,0.03759498500823975,0.003952711313962937,9.964486480384949e-07,583,stopping_threshold,0.7663471240084618
mu+sigma+eps,3,256,5,3,4,104,204,304,0.01544300401210785,0.02286598515510559,0.000978631392121315,0.0002487633901182562,2000,max_epochs,2.641266666003503
mu+sigma+eps,3,256,5,3,5,105,205,305,0.007610278904438019,0.012401208639144897,0.00033029591664671896,9.992752438847674e-07,1562,stopping_threshold,2.0265158289694227
mu+sigma+eps,3,256,5,3,6,106,206,306,0.020483392596244814,0.0277454776763916,0.002216926768422127,5.6340544688282534e-05,2000,max_epochs,2.602567720983643
mu+sigma+eps,3,256,5,4,0,100,200,300,0.009157534718513488,0.015464229822158813,0.00041054824367165566,1.2532311757240677e-06,2000,max_epochs,2.6068943020072766
mu+sigma+eps,3,256,5,4,1,101,201,301,0.015152101159095764,0.021960872888565065,0.0011559304893016815,4.745804744743509e-06,2000,max_epochs,2.620657158026006
mu+sigma+eps,3,256,5,4,2,102,202,302,0.010084916472434997,0.016653870582580565,0.0005023897923529148,8.261656148533802e-06,2000,max_epochs,2.604560774983838
mu+sigma+eps,3,256,5,4,3,103,203,303,0.019163217306137084,0.036984169483184816,0.003749908298254013,9.987852536141872e-07,464,stopping_threshold,0.6046227249898948
mu+sigma+eps,3,256,5,4,4,104,204,304,0.015250905871391296,0.02236016631126404,0.0009482759237289429,0.00010655989171937108,2000,max_epochs,2.6010951689677313
mu+sigma+eps,3,256,5,4,5,105,205,305,0.007620302259922027,0.01243881869316101,0.0003241683691740036,9.987614930651034e-07,1709,stopping_threshold,2.2286459400202148
mu+sigma+eps,3,256,5,4,6,106,206,306,0.04000256419181824,0.05542251825332642,0.006544712901115418,0.001121552661061287,2000,max_epochs,2.597001107991673
mu+sigma+eps,3,256,5,8,0,100,200,300,0.007524439454078674,0.012792332172393799,0.000327411774545908,9.548023172101239e-07,683,stopping_threshold,0.8897751070326194
mu+sigma+eps,3,256,5,8,1,101,201,301,0.012710232973098754,0.018904402494430542,0.0007584768533706665,5.525276719708927e-06,2000,max_epochs,2.609067426994443
mu+sigma+eps,3,256,5,8,2,102,202,302,0.00942499566078186,0.014121986865997315,0.00043680671602487565,9.984895541492733e-07,1954,stopping_threshold,2.5413463370059617
mu+sigma+eps,3,256,5,8,3,103,203,303,0.018700177669525146,0.036168106555938724,0.0038901797533035277,8.9581607198852e-07,390,stopping_threshold,0.507044546015095
mu+sigma+eps,3,256,5,8,4,104,204,304,0.014798056960105896,0.023599636316299438,0.0009015297815203666,0.001667045638896525,2000,max_epochs,2.6027774999965914
mu+sigma+eps,3,256,5,8,5,105,205,305,0.00812178134918213,0.012699146151542664,0.0002918553873896599,7.931447180453688e-05,2000,max_epochs,2.601976932026446
mu+sigma+eps,3,256,5,8,6,106,206,306,0.07630561685562134,0.1011833724975586,0.03529180335998535,9.950416597348521e-07,1039,stopping_threshold,1.356049678986892
mu+sigma+eps,3,256,10,1,0,100,200,300,0.016915011048316955,0.03901938581466675,0.0030213474333286284,0.00014408637071028352,2000,max_epochs,2.6237630340037867
mu+sigma+eps,3,256,10,1,1,101,201,301,0.016916480541229247,0.023405178785324096,0.0017605030909180642,7.299768185475841e-05,2000,max_epochs,2.624054318992421
mu+sigma+eps,3,256,10,1,2,102,202,302,0.014692687392234803,0.019004346728324892,0.0013258872032165527,1.673438418947626e-05,2000,max_epochs,2.6192686849972233
mu+sigma+eps,3,256,10,1,3,103,203,303,0.01574023461341858,0.027659672737121582,0.0011228321567177773,0.00038903398672118783,2000,max_epochs,2.6430279549676925
mu+sigma+eps,3,256,10,1,4,104,204,304,0.012119224309921265,0.01852276611328125,0.0006578927859663963,7.557951903436333e-06,2000,max_epochs,2.625034280004911
mu+sigma+eps,3,256,10,1,5,105,205,305,0.04456842827796936,0.05128456449508667,0.021254166722297668,3.136653685942292e-05,2000,max_epochs,2.6196291370433755
mu+sigma+eps,3,256,10,1,6,106,206,306,0.006666370451450348,0.011662706613540649,0.0002315844390541315,7.078743510646746e-05,2000,max_epochs,2.633808941987809
mu+sigma+eps,3,256,10,2,0,100,200,300,0.018561501741409303,0.043367663383483884,0.003981672525405884,0.0002019705716520548,2000,max_epochs,2.6050607840297744
mu+sigma+eps,3,256,10,2,1,101,201,301,0.0248608238697052,0.03180297517776489,0.0039082178026437755,5.2272302127676085e-05,2000,max_epochs,2.6112674320465885
mu+sigma+eps,3,256,10,2,2,102,202,302,0.034771435737609865,0.0644510531425476,0.004887302368879318,0.005929193925112486,2000,max_epochs,2.6076461189659312
mu+sigma+eps,3,256,10,2,3,103,203,303,0.009614506542682647,0.013636413812637329,0.0004965658560395241,9.525409041089006e-06,2000,max_epochs,2.6053175370325334
mu+sigma+eps,3,256,10,2,4,104,204,304,0.010748440265655518,0.01718286597728729,0.0005216647647321224,2.5414794436073862e-05,2000,max_epochs,2.604895247030072
mu+sigma+eps,3,256,10,2,5,105,205,305,0.05353159475326538,0.07035444164276124,0.03442995285987854,2.1625959561788477e-05,2000,max_epochs,2.6253175149904564
mu+sigma+eps,3,256,10,2,6,106,206,306,0.007240480005741119,0.013874109148979187,0.000601778570562601,5.183012763154693e-05,2000,max_epochs,2.6325268230284564
mu+sigma+eps,3,256,10,3,0,100,200,300,0.015177960276603699,0.03607489442825317,0.002974661558866501,3.4486129152355716e-05,2000,max_epochs,2.647958268993534
mu+sigma+eps,3,256,10,3,1,101,201,301,0.03942221736907959,0.06915974903106689,0.006441027879714966,0.00262374896556139,2000,max_epochs,2.640265272988472
mu+sigma+eps,3,256,10,3,2,102,202,302,0.016041022300720215,0.020483765363693236,0.001435269832611084,1.0451361049490515e-05,2000,max_epochs,2.641109908989165
mu+sigma+eps,3,256,10,3,3,103,203,303,0.00991716992855072,0.014017470955848694,0.000532432522624731,8.05076979304431e-06,2000,max_epochs,2.639794820046518
mu+sigma+eps,3,256,10,3,4,104,204,304,0.008894013226032256,0.014459236860275268,0.00039419510215520857,1.7524791473988444e-05,2000,max_epochs,2.64699910802301
mu+sigma+eps,3,256,10,3,5,105,205,305,0.044506494283676146,0.05728094959259033,0.021347992479801178,2.1767831640318036e-05,2000,max_epochs,2.645404771959875
mu+sigma+eps,3,256,10,3,6,106,206,306,0.030308412551879882,0.06009934282302856,0.004088968575000763,0.0036712985020130873,2000,max_epochs,2.648896605009213
mu+sigma+eps,3,256,10,4,0,100,200,300,0.013818617463111877,0.03223178339004516,0.0022524421662092208,3.084382478846237e-05,2000,max_epochs,2.632022579025943
mu+sigma+eps,3,256,10,4,1,101,201,301,0.015206222534179687,0.020864829897880553,0.0014471310526132583,7.480291969841346e-05,2000,max_epochs,2.6358005949878134
mu+sigma+eps,3,256,10,4,2,102,202,302,0.017079737424850465,0.02171917724609375,0.001656373605132103,2.4730077711865306e-05,2000,max_epochs,2.6408706659567542
mu+sigma+eps,3,256,10,4,3,103,203,303,0.009375795245170593,0.01362591803073883,0.00046356793120503427,1.7292031770921312e-05,2000,max_epochs,2.6426684799953364
mu+sigma+eps,3,256,10,4,4,104,204,304,0.009895326793193817,0.015522084951400757,0.0004625608064234257,1.5095423805178143e-05,2000,max_epochs,2.6425649779848754
mu+sigma+eps,3,256,10,4,5,105,205,305,0.05465657043457031,0.07275886535644531,0.0319088020324707,0.00023038625658955425,2000,max_epochs,2.64266938297078
mu+sigma+eps,3,256,10,4,6,106,206,306,0.006887758374214173,0.012088305234909058,0.00023784244060516356,7.122922397684306e-05,2000,max_epochs,2.642557676997967
mu+sigma+eps,3,256,10,8,0,100,200,300,0.015247233748435974,0.02853892970085144,0.001190211996436119,0.0004720661963801831,2000,max_epochs,2.6415658539626747
mu+sigma+eps,3,256,10,8,1,101,201,301,0.015906283259391786,0.021722299337387084,0.0016800329610705375,6.480012234533206e-05,2000,max_epochs,2.648726772982627
mu+sigma+eps,3,256,10,8,2,102,202,302,0.021025294542312622,0.025794144630432128,0.002470580205321312,7.923342309368309e-06,2000,max_epochs,2.6402403689571656
mu+sigma+eps,3,256,10,8,3,103,203,303,0.007698220849037171,0.011932093143463135,0.00031026391685009,1.5529254596913233e-05,2000,max_epochs,2.639936982013751
mu+sigma+eps,3,256,10,8,4,104,204,304,0.01170154082775116,0.018131198048591615,0.0006260350085794925,7.4515323831292335e-06,2000,max_epochs,2.639128807000816
mu+sigma+eps,3,256,10,8,5,105,205,305,0.06961908340454101,0.10192640972137451,0.03025821626186371,0.004459662828594446,2000,max_epochs,2.647168091032654
mu+sigma+eps,3,256,10,8,6,106,206,306,0.007815673232078553,0.015097822308540345,0.0005315345786511899,1.6208306988119148e-05,2000,max_epochs,2.6407748900237493
mu+sigma+eps,3,256,100,1,0,100,200,300,0.012383912563323975,0.024986119031906128,0.0008524968177080155,0.0004021860659122467,2000,max_epochs,2.6822365740081295
mu+sigma+eps,3,256,100,1,1,101,201,301,0.006777435183525086,0.011328338265419007,0.00025995289906859397,0.00020293857960496098,2000,max_epochs,2.683201198989991
mu+sigma+eps,3,256,100,1,2,102,202,302,0.00721144187450409,0.012548895001411438,0.00027831207402050496,0.00017233607650268823,2000,max_epochs,2.677711841999553
mu+sigma+eps,3,256,100,1,3,103,203,303,0.00979933226108551,0.018561731219291687,0.0004468282274901867,0.0003554502909537405,2000,max_epochs,2.6844327329890803
mu+sigma+eps,3,256,100,1,4,104,204,304,0.005545415282249451,0.009493536293506622,0.00015400850772857665,0.00012883084127679467,2000,max_epochs,2.677974471997004
mu+sigma+eps,3,256,100,1,5,105,205,305,0.010073736250400544,0.014207232832908631,0.001177038785070181,0.00012591601989697665,2000,max_epochs,2.679628872021567
mu+sigma+eps,3,256,100,1,6,106,206,306,0.007387588143348694,0.011412877917289734,0.0004217875860631466,0.00011321932106511667,2000,max_epochs,2.6947738099843264
mu+sigma+eps,3,256,100,2,0,100,200,300,0.018740897178649903,0.03508917474746704,0.0014423591196537017,0.0012200732016935945,2000,max_epochs,2.664515699027106
mu+sigma+eps,3,256,100,2,1,101,201,301,0.00665289157629013,0.010715831756591796,0.0002413306087255478,0.00011986223398707807,2000,max_epochs,2.659812661993783
mu+sigma+eps,3,256,100,2,2,102,202,302,0.01015966945886612,0.014844051480293274,0.0018742724657058716,9.635002788854763e-05,2000,max_epochs,2.63631243200507
mu+sigma+eps,3,256,100,2,3,103,203,303,0.005494648039340973,0.00962930953502655,0.0001496239500120282,0.00011714847641997039,2000,max_epochs,2.6253925869823433
mu+sigma+eps,3,256,100,2,4,104,204,304,0.005619155645370483,0.00962530279159546,0.0001538522457703948,0.000133494395413436,2000,max_epochs,2.6325472500175238
mu+sigma+eps,3,256,100,2,5,105,205,305,0.011454652547836303,0.021516289710998535,0.0006730869933962822,0.0005412640748545527,2000,max_epochs,2.61984245700296
mu+sigma+eps,3,256,100,2,6,106,206,306,0.00801228404045105,0.012643680214881896,0.0005658005364239215,0.0001126207789639011,2000,max_epochs,2.6243993249954656
mu+sigma+eps,3,256,100,3,0,100,200,300,0.007027795255184174,0.011818691968917846,0.00025727430544793603,0.00020488094014581293,2000,max_epochs,2.623426568985451
mu+sigma+eps,3,256,100,3,1,101,201,301,0.0064953407645225525,0.010564581394195556,0.00022699377313256265,0.0001193610587506555,2000,max_epochs,2.6332638920284808
mu+sigma+eps,3,256,100,3,2,102,202,302,0.00921561324596405,0.01259579610824585,0.0024279347509145737,7.991809252416715e-05,2000,max_epochs,2.635912148980424
mu+sigma+eps,3,256,100,3,3,103,203,303,0.0021200761049985886,0.004289293318986893,3.5110387485474345e-05,2.5216120775439776e-05,2000,max_epochs,2.5965981250046752
mu+sigma+eps,3,256,100,3,4,104,204,304,0.005508579730987549,0.009494436025619507,0.0001504824236035347,0.000132223722175695,2000,max_epochs,2.585948772961274
mu+sigma+eps,3,256,100,3,5,105,205,305,0.006002381205558777,0.010401757955551148,0.00017961053736507892,0.00013540250074584037,2000,max_epochs,2.5934900360298343
mu+sigma+eps,3,256,100,3,6,106,206,306,0.008364022612571716,0.012207225680351257,0.0008221797607839107,0.00013387284707278013,2000,max_epochs,2.589112100948114
mu+sigma+eps,3,256,100,4,0,100,200,300,0.0068802757263183596,0.01073247492313385,0.000219232939183712,0.00011100119445472956,2000,max_epochs,2.5907423840253614
mu+sigma+eps,3,256,100,4,1,101,201,301,0.007224495112895965,0.011112228274345397,0.0003574488013982773,0.00010665643640095368,2000,max_epochs,2.5916519929887727
mu+sigma+eps,3,256,100,4,2,102,202,302,0.006497365772724152,0.010386828064918517,0.0002094581089913845,0.00010813366679940373,2000,max_epochs,2.591963418002706
mu+sigma+eps,3,256,100,4,3,103,203,303,0.006289388477802277,0.011030076384544372,0.0001772935353219509,0.00012513119145296514,2000,max_epochs,2.587493947998155
mu+sigma+eps,3,256,100,4,4,104,204,304,0.008415597319602966,0.016163480162620543,0.00039939618483185766,0.0004409956745803356,2000,max_epochs,2.585135311994236
mu+sigma+eps,3,256,100,4,5,105,205,305,0.005260688185691834,0.008773975491523743,0.00014805187284946443,9.649943240219727e-05,2000,max_epochs,2.588678343978245
mu+sigma+eps,3,256,100,4,6,106,206,306,0.014319579720497131,0.027413235425949097,0.0010847017392516137,0.0009503301698714495,2000,max_epochs,2.59447689098306
mu+sigma+eps,3,256,100,8,0,100,200,300,0.01323111629486084,0.023580936431884764,0.0007047075405716896,0.00017466230201534927,2000,max_epochs,2.6060272969771177
mu+sigma+eps,3,256,100,8,1,101,201,301,0.006627938747406006,0.010761196851730347,0.00023795155994594096,0.00011689196981023997,2000,max_epochs,2.6001673769787885
mu+sigma+eps,3,256,100,8,2,102,202,302,0.006563941359519958,0.010453117609024048,0.00022081325016915797,0.00010668241884559393,2000,max_epochs,2.5979999529663473
mu+sigma+eps,3,256,100,8,3,103,203,303,0.00553429001569748,0.009668904066085815,0.0001537111634388566,0.00011826411355286837,2000,max_epochs,2.596099353977479
mu+sigma+eps,3,256,100,8,4,104,204,304,0.0055985419750213625,0.009582575798034667,0.00015324181877076625,0.00013261155982036144,2000,max_epochs,2.607072504993994
mu+sigma+eps,3,256,100,8,5,105,205,305,0.022552217483520508,0.040885091304779055,0.0029899400770664213,0.0011540971463546157,2000,max_epochs,2.594518574012909
mu+sigma+eps,3,256,100,8,6,106,206,306,0.03852212142944336,0.07438584041595458,0.0062250342965126035,0.0010541584342718124,2000,max_epochs,2.594081274000928
mu+sigma+eps,3,256,1000,1,0,100,200,300,0.012259819388389588,0.025156394243240357,0.0008268011808395386,0.0006501730438321829,2000,max_epochs,13.541718571039382
mu+sigma+eps,3,256,1000,1,1,101,201,301,0.011092766165733337,0.02178479790687561,0.0006114156767725945,0.0005643160063773393,2000,max_epochs,13.577806824003346
mu+sigma+eps,3,256,1000,1,2,102,202,302,0.009900222957134247,0.019097481966018678,0.0004597135595977306,0.0004288272433914244,2000,max_epochs,13.552961467008572
mu+sigma+eps,3,256,1000,1,3,103,203,303,0.006182560980319976,0.011204912662506103,0.00018747853115200997,0.0012723415801301598,2000,max_epochs,13.59929139004089
mu+sigma+eps,3,256,1000,1,4,104,204,304,0.008339193642139435,0.01663977324962616,0.00042253227531909943,0.00042381207412108777,2000,max_epochs,13.576647966983728
mu+sigma+eps,3,256,1000,1,5,105,205,305,0.005809204995632171,0.009962946772575379,0.0001645635962486267,0.00021718121517915278,2000,max_epochs,13.597950819006655
mu+sigma+eps,3,256,1000,1,6,106,206,306,0.01495387351512909,0.028505038499832155,0.0009753187969326973,0.0007284762253984808,2000,max_epochs,13.56856385897845
mu+sigma+eps,3,256,1000,2,0,100,200,300,0.0019887358844280245,0.0037738119065761568,2.7816932881250976e-05,0.00020070189342368395,2000,max_epochs,14.208837181970011
mu+sigma+eps,3,256,1000,2,1,101,201,301,0.0020507364571094515,0.004012632668018341,2.5335020618513228e-05,2.158362921909429e-05,2000,max_epochs,14.159968063002452
mu+sigma+eps,3,256,1000,2,2,102,202,302,0.004237661361694336,0.007594650268554688,0.00010522351413965226,9.751052979845553e-05,2000,max_epochs,14.19560466700932
mu+sigma+eps,3,256,1000,2,3,103,203,303,0.0016315142661333085,0.0032492795288562777,1.575708750169724e-05,1.0331223980756476e-05,2000,max_epochs,14.16164188995026
mu+sigma+eps,3,256,1000,2,4,104,204,304,0.006606272876262665,0.013330716133117676,0.00024712458997964856,0.0002623323656152934,2000,max_epochs,14.162560979952104
mu+sigma+eps,3,256,1000,2,5,105,205,305,0.005436658024787903,0.009443870306015015,0.00016874325461685658,0.00022043777198996396,2000,max_epochs,14.124337666959036
mu+sigma+eps,3,256,1000,2,6,106,206,306,0.02062031888961792,0.03985461664199829,0.0017227153182029723,0.0030309076197445393,2000,max_epochs,14.157491212012246
mu+sigma+eps,3,256,1000,3,0,100,200,300,0.007827078700065613,0.015676586985588072,0.00028249925188720225,0.000299229663098231,2000,max_epochs,14.096112179046031
mu+sigma+eps,3,256,1000,3,1,101,201,301,0.0025284866243600844,0.004523850291967392,3.08028575964272e-05,5.214704762329347e-05,2000,max_epochs,14.136311292008031
mu+sigma+eps,3,256,1000,3,2,102,202,302,0.0019274310916662216,0.0039426076710224155,2.585853496566415e-05,2.3975839430931954e-05,2000,max_epochs,14.095994702947792
mu+sigma+eps,3,256,1000,3,3,103,203,303,0.006235272288322448,0.011363192558288574,0.0002046173308044672,0.00021114596840925514,2000,max_epochs,14.132911184045952
mu+sigma+eps,3,256,1000,3,4,104,204,304,0.007582444250583648,0.014667155504226684,0.00025557598285377023,0.00013530359917785973,2000,max_epochs,14.124458116013557
mu+sigma+eps,3,256,1000,3,5,105,205,305,0.0027411091923713682,0.005438405275344849,3.5982696572318674e-05,2.7092737844213842e-05,2000,max_epochs,14.175613684987184
mu+sigma+eps,3,256,1000,3,6,106,206,306,0.006165504574775695,0.010479945063591003,0.00016937310807406901,0.00018838721537031233,2000,max_epochs,14.126607063983101
mu+sigma+eps,3,256,1000,4,0,100,200,300,0.003966097205877304,0.007035131871700287,8.649155590683221e-05,7.940418453654274e-05,2000,max_epochs,14.23120163497515
mu+sigma+eps,3,256,1000,4,1,101,201,301,0.009018794417381286,0.017214013576507568,0.0003844563029706478,0.00038123339880257844,2000,max_epochs,14.196228446962778
mu+sigma+eps,3,256,1000,4,2,102,202,302,0.010204380989074707,0.019918426275253295,0.00045276911929249765,0.0009707283014431596,2000,max_epochs,14.207214543013833
mu+sigma+eps,3,256,1000,4,3,103,203,303,0.0013869104683399201,0.002987806558609009,2.0310378400608896e-05,2.1980350706144236e-05,2000,max_epochs,14.161469882994425
mu+sigma+eps,3,256,1000,4,4,104,204,304,0.005548480570316315,0.009320474743843078,0.00015375715680420398,0.00016137119859922677,2000,max_epochs,14.192221792996861
mu+sigma+eps,3,256,1000,4,5,105,205,305,0.002333057135343552,0.0046303971707820895,2.718712971545756e-05,8.749535452807322e-06,2000,max_epochs,14.159275404002983
mu+sigma+eps,3,256,1000,4,6,106,206,306,0.005556493282318115,0.009537749886512757,0.00014107273519039154,0.00015417724894359707,2000,max_epochs,14.200762867985759
mu+sigma+eps,3,256,1000,8,0,100,200,300,0.0027383526861667635,0.005308534383773804,5.13406996615231e-05,4.499653258244507e-05,2000,max_epochs,14.209736899996642
mu+sigma+eps,3,256,1000,8,1,101,201,301,0.0104066241979599,0.02027585220336914,0.0005303132981061935,0.0005224871220998466,2000,max_epochs,14.233785882999655
mu+sigma+eps,3,256,1000,8,2,102,202,302,0.009438091695308685,0.018224589943885802,0.000420854389667511,0.00039135898486711084,2000,max_epochs,14.185556454001926
mu+sigma+eps,3,256,1000,8,3,103,203,303,0.0025984896421432494,0.00497619491815567,4.2079674545675516e-05,4.1136661253403874e-05,2000,max_epochs,14.23654271097621
mu+sigma+eps,3,256,1000,8,4,104,204,304,0.005506253868341446,0.00923790431022644,0.00014061493705958128,0.00015466447465587406,2000,max_epochs,14.199341194005683
mu+sigma+eps,3,256,1000,8,5,105,205,305,0.007417872369289398,0.014916900396347046,0.00024696414172649384,0.00021585930802393705,2000,max_epochs,14.231373100017663
mu+sigma+eps,3,256,1000,8,6,106,206,306,0.004921972692012787,0.009387731075286865,0.00010273031704127789,9.1423490899615e-05,2000,max_epochs,14.216558234998956
mu+sigma+eps,3,512,5,1,0,100,200,300,0.007284200489521026,0.012631215810775757,0.0002962117288261652,9.981239372791606e-07,1353,stopping_threshold,1.7756800160277635
mu+sigma+eps,3,512,5,1,1,101,201,301,0.01716382384300232,0.02333404302597046,0.00149374707788229,7.919142262835521e-06,2000,max_epochs,2.6189205100527033
mu+sigma+eps,3,512,5,1,2,102,202,302,0.011481225848197937,0.017954829692840575,0.0006345627158880234,8.673511729284655e-06,2000,max_epochs,2.6243274419684894
mu+sigma+eps,3,512,5,1,3,103,203,303,0.02740014123916626,0.040032154560089114,0.004077508449554444,9.266383858630434e-05,2000,max_epochs,2.620518820011057
mu+sigma+eps,3,512,5,1,4,104,204,304,0.012397082090377808,0.017662801265716552,0.0006115955971181393,2.0046803911100142e-05,2000,max_epochs,2.6177293270011432
mu+sigma+eps,3,512,5,1,5,105,205,305,0.008559610664844513,0.014399176001548768,0.00046283401548862456,9.172354111797176e-07,126,stopping_threshold,0.16560735303210095
mu+sigma+eps,3,512,5,1,6,106,206,306,0.042080162525177,0.055118220806121825,0.010285298466682434,8.002562935871538e-06,2000,max_epochs,2.6146020730375312
mu+sigma+eps,3,512,5,2,0,100,200,300,0.00672788006067276,0.011683406829833985,0.00024773289635777475,2.9522950626414968e-06,2000,max_epochs,2.6050359910004772
mu+sigma+eps,3,512,5,2,1,101,201,301,0.07154754114151,0.14441419887542725,0.023196935176849367,0.026386786252260208,2000,max_epochs,2.6071087830350734
mu+sigma+eps,3,512,5,2,2,102,202,302,0.011154638648033142,0.016329376578330994,0.0005918390415608883,3.924872999050422e-06,2000,max_epochs,2.605195073003415
mu+sigma+eps,3,512,5,2,3,103,203,303,0.01988988780975342,0.038396833419799804,0.003968850940465927,9.937059530784609e-07,631,stopping_threshold,0.8211112290155143
mu+sigma+eps,3,512,5,2,4,104,204,304,0.012078641414642334,0.017416452884674073,0.0005851746052503586,2.0581268472597003e-05,2000,max_epochs,2.607030240993481
mu+sigma+eps,3,512,5,2,5,105,205,305,0.008371549546718598,0.013490310668945312,0.0004629322774708271,9.994605534302536e-07,1056,stopping_threshold,1.3509749870281667
mu+sigma+eps,3,512,5,2,6,106,206,306,0.1375781135559082,0.16665946960449218,0.09437950229644776,9.935567959473701e-07,1203,stopping_threshold,1.5293208570219576
mu+sigma+eps,3,512,5,3,0,100,200,300,0.007102510690689087,0.012163837790489197,0.0002697990518063307,9.96607468550792e-07,1347,stopping_threshold,1.711882907024119
mu+sigma+eps,3,512,5,3,1,101,201,301,0.013545437097549438,0.0200185706615448,0.0008716780990362167,9.953572543963674e-07,1794,stopping_threshold,2.2704752019490115
mu+sigma+eps,3,512,5,3,2,102,202,302,0.011971994519233704,0.01696295213699341,0.0006788037270307541,2.7671701445797225e-06,2000,max_epochs,2.540753710025456
mu+sigma+eps,3,512,5,3,3,103,203,303,0.02102577209472656,0.04074715328216553,0.004084770858287811,9.97612914943602e-07,1055,stopping_threshold,1.3368324879556894
mu+sigma+eps,3,512,5,3,4,104,204,304,0.011785321354866029,0.017274801373481752,0.000557247456163168,2.0796314856852405e-05,2000,max_epochs,2.5302499830140732
mu+sigma+eps,3,512,5,3,5,105,205,305,0.01268227231502533,0.018308658957481384,0.0009445454254746437,7.992435939740972e-07,139,stopping_threshold,0.17782235698541626
mu+sigma+eps,3,512,5,3,6,106,206,306,0.03702914428710938,0.050868927001953126,0.008358031034469604,0.000473598949611187,2000,max_epochs,2.534036880999338
mu+sigma+eps,3,512,5,4,0,100,200,300,0.00739228743314743,0.013108201503753662,0.00031895789876580237,9.978126627174788e-07,1596,stopping_threshold,2.0251809030305594
mu+sigma+eps,3,512,5,4,1,101,201,301,0.014483655452728271,0.02090380334854126,0.0010108998492360116,1.2034734027110972e-06,2000,max_epochs,2.5381327720242552
mu+sigma+eps,3,512,5,4,2,102,202,302,0.011790496468544007,0.018420575261116026,0.0006489851847290992,9.655134817876387e-06,2000,max_epochs,2.537312898959499
mu+sigma+eps,3,512,5,4,3,103,203,303,0.01988159704208374,0.03768917417526245,0.003665848195552826,9.890437695503351e-07,612,stopping_threshold,0.7757727240095846
mu+sigma+eps,3,512,5,4,4,104,204,304,0.012672616600990295,0.018016150832176208,0.0006552870646119118,2.216061511717271e-05,2000,max_epochs,2.534722920972854
mu+sigma+eps,3,512,5,4,5,105,205,305,0.009630841076374054,0.014969167351722717,0.0005786915607750416,9.829929012994398e-07,167,stopping_threshold,0.21326297899940982
mu+sigma+eps,3,512,5,4,6,106,206,306,0.10311082744598389,0.1242007474899292,0.047022563934326175,8.800662908470258e-05,2000,max_epochs,2.5410049919737503
mu+sigma+eps,3,512,5,8,0,100,200,300,0.0071848278045654294,0.01250203537940979,0.00026584073901176453,5.878105639567366e-06,2000,max_epochs,2.5251562689663842
mu+sigma+eps,3,512,5,8,1,101,201,301,0.011999336957931518,0.017812350273132323,0.0006618795096874238,3.0117571441223845e-06,2000,max_epochs,2.536100599972997
mu+sigma+eps,3,512,5,8,2,102,202,302,0.011664220571517944,0.017181658744812013,0.0006390488557517529,9.65975323197199e-06,2000,max_epochs,2.5323880899813958
mu+sigma+eps,3,512,5,8,3,103,203,303,0.01952608060836792,0.037104084968566896,0.0038561515510082247,7.728811510787637e-07,496,stopping_threshold,0.6313247050275095
mu+sigma+eps,3,512,5,8,4,104,204,304,0.012337425112724305,0.017760367393493653,0.0006032242253422737,2.4165412469301373e-05,2000,max_epochs,2.53181522997329
mu+sigma+eps,3,512,5,8,5,105,205,305,0.007479968667030335,0.01272834575176239,0.0003558473475277424,9.983466497942572e-07,1307,stopping_threshold,1.6589432330220006
mu+sigma+eps,3,512,5,8,6,106,206,306,0.09685011863708497,0.12551554679870605,0.04893481302261352,9.975556167773902e-07,876,stopping_threshold,1.1121511950041167
mu+sigma+eps,3,512,10,1,0,100,200,300,0.03446801137924194,0.09514832353591919,0.037851871490478514,3.32708987116348e-05,2000,max_epochs,2.5716825110139325
mu+sigma+eps,3,512,10,1,1,101,201,301,0.027215842247009278,0.044017531394958495,0.0034605977833271026,0.000604126718826592,2000,max_epochs,2.5681877059978433
mu+sigma+eps,3,512,10,1,2,102,202,302,0.009565463721752166,0.01386292552947998,0.0005465963594615459,1.4949805517971981e-05,2000,max_epochs,2.574683837010525
mu+sigma+eps,3,512,10,1,3,103,203,303,0.017243734359741213,0.0214009268283844,0.002219315975904465,6.905189366079867e-06,2000,max_epochs,2.5677230209694244
mu+sigma+eps,3,512,10,1,4,104,204,304,0.024608843564987184,0.03054426908493042,0.0039016673117876054,5.956969289400149e-06,2000,max_epochs,2.5639540359843522
mu+sigma+eps,3,512,10,1,5,105,205,305,0.05773914527893066,0.06257134437561035,0.05698892819881439,3.146070594084449e-05,2000,max_epochs,2.570874853990972
mu+sigma+eps,3,512,10,1,6,106,206,306,0.006952579498291016,0.011740973711013795,0.0002455634791404009,6.896224658703431e-05,2000,max_epochs,2.5676939760451205
mu+sigma+eps,3,512,10,2,0,100,200,300,0.03949289584159851,0.108951509475708,0.0483582649230957,8.808669372228906e-05,2000,max_epochs,2.546326770039741
mu+sigma+eps,3,512,10,2,1,101,201,301,0.016001275420188903,0.02148910093307495,0.0018292977064847946,6.109629612183198e-05,2000,max_epochs,2.6020920709706843
mu+sigma+eps,3,512,10,2,2,102,202,302,0.009456004858016967,0.014169863224029541,0.00048182481899857523,2.7564490665099584e-05,2000,max_epochs,2.5980490769725293
mu+sigma+eps,3,512,10,2,3,103,203,303,0.010181775450706481,0.01431010127067566,0.000575291458517313,1.115743816626491e-05,2000,max_epochs,2.607254056027159
mu+sigma+eps,3,512,10,2,4,104,204,304,0.02811041831970215,0.04104873991012573,0.0038317992389202116,0.000821512658149004,2000,max_epochs,2.6177924359799363
mu+sigma+eps,3,512,10,2,5,105,205,305,0.11083894252777099,0.1255412883758545,0.22704461860656738,9.243068234354723e-06,2000,max_epochs,2.6119002089835703
mu+sigma+eps,3,512,10,2,6,106,206,306,0.009785802721977235,0.019347163558006288,0.0010367314517498016,7.435891166096553e-05,2000,max_epochs,2.611028646992054
mu+sigma+eps,3,512,10,3,0,100,200,300,0.043244799375534056,0.12143837928771972,0.09175103902816772,0.0013129044091328979,2000,max_epochs,2.617250692041125
mu+sigma+eps,3,512,10,3,1,101,201,301,0.038614953994750977,0.06565809535980224,0.006254750370979309,0.016254575923085213,2000,max_epochs,2.557437352021225
mu+sigma+eps,3,512,10,3,2,102,202,302,0.009164835691452027,0.013379404425621032,0.00046376869827508926,1.1493313650134951e-05,2000,max_epochs,2.5521942659979686
mu+sigma+eps,3,512,10,3,3,103,203,303,0.01811640429496765,0.029890140533447265,0.0013366301655769349,0.0007666898309253156,2000,max_epochs,2.550067540956661
mu+sigma+eps,3,512,10,3,4,104,204,304,0.032905676126480106,0.05127610874176025,0.0053716527819633484,0.0027838051319122314,2000,max_epochs,2.61063234397443
mu+sigma+eps,3,512,10,3,5,105,205,305,0.03501682233810425,0.051743698596954345,0.015511369824409486,1.3432833839033265e-05,2000,max_epochs,2.62123970198445
mu+sigma+eps,3,512,10,3,6,106,206,306,0.007189728677272796,0.01192109990119934,0.00026768395490944384,5.667527511832304e-05,2000,max_epochs,2.671234594017733
mu+sigma+eps,3,512,10,4,0,100,200,300,0.012737715125083923,0.031335368156433105,0.002923519968986511,5.362954834708944e-05,2000,max_epochs,2.666700721019879
mu+sigma+eps,3,512,10,4,1,101,201,301,0.020274647116661073,0.029541255950927735,0.0024154921621084213,0.0002072725910693407,2000,max_epochs,2.6375295580364764
mu+sigma+eps,3,512,10,4,2,102,202,302,0.017638596415519715,0.02168246865272522,0.002773641973733902,3.305554128019139e-05,2000,max_epochs,2.5704622049815953
mu+sigma+eps,3,512,10,4,3,103,203,303,0.016462628364562987,0.02206120538711548,0.0017018021419644355,0.00011305617226753384,2000,max_epochs,2.5803622569656
mu+sigma+eps,3,512,10,4,4,104,204,304,0.023832502841949463,0.02891926145553589,0.003959305316209793,8.823255484458059e-06,2000,max_epochs,2.5923356879502535
mu+sigma+eps,3,512,10,4,5,105,205,305,0.021597371459007263,0.027235590696334838,0.004238422408699989,3.762622509384528e-05,2000,max_epochs,2.566977280017454
mu+sigma+eps,3,512,10,4,6,106,206,306,0.007188131988048553,0.011861470222473145,0.0002641954682767391,5.8348152379039675e-05,2000,max_epochs,2.618622932001017
mu+sigma+eps,3,512,10,8,0,100,200,300,0.05290904974937439,0.1504361629486084,0.1352289800643921,0.000114034628495574,2000,max_epochs,2.6332307039992884
mu+sigma+eps,3,512,10,8,1,101,201,301,0.016745185017585755,0.022660191535949708,0.0019846645891666414,4.0742434066487476e-05,2000,max_epochs,2.6330130840069614
mu+sigma+eps,3,512,10,8,2,102,202,302,0.00881512212753296,0.012643064379692077,0.0003966120295226574,1.5717414498794824e-05,2000,max_epochs,2.663948775967583
mu+sigma+eps,3,512,10,8,3,103,203,303,0.008552189946174621,0.012559594511985779,0.0003817085735499859,1.7991213098866865e-05,2000,max_epochs,2.681653550011106
mu+sigma+eps,3,512,10,8,4,104,204,304,0.018026819586753846,0.02309913444519043,0.001858915761113167,0.0001599178503965959,2000,max_epochs,2.6668775840080343
mu+sigma+eps,3,512,10,8,5,105,205,305,0.05125514888763428,0.07009570598602295,0.03672254407405853,8.308468750328757e-06,2000,max_epochs,2.662328701990191
mu+sigma+eps,3,512,10,8,6,106,206,306,0.007998159348964692,0.01594389760494232,0.0011329087540507318,3.613310036598705e-05,2000,max_epochs,2.6708634549868293
mu+sigma+eps,3,512,100,1,0,100,200,300,0.015988052010536193,0.02993386173248291,0.0010679610520601273,0.0005388652207329869,2000,max_epochs,3.1027963590458967
mu+sigma+eps,3,512,100,1,1,101,201,301,0.012338448524475097,0.023217241764068603,0.0006954286769032479,0.0005622769240289927,2000,max_epochs,3.103445601009298
mu+sigma+eps,3,512,100,1,2,102,202,302,0.009178258538246154,0.013516527891159058,0.0011659258641302586,9.568797395331785e-05,2000,max_epochs,3.1043452069861814
mu+sigma+eps,3,512,100,1,3,103,203,303,0.005624135375022888,0.00971228814125061,0.00017114279232919216,0.00011950157204410061,2000,max_epochs,3.0997052749735303
mu+sigma+eps,3,512,100,1,4,104,204,304,0.00556929337978363,0.009609269380569458,0.00015475597325712443,0.00012715310731437057,2000,max_epochs,3.1010990899521858
mu+sigma+eps,3,512,100,1,5,105,205,305,0.0062802438735961915,0.010590304851531982,0.00021510049141943455,0.00014003177057020366,2000,max_epochs,3.086826538958121
mu+sigma+eps,3,512,100,1,6,106,206,306,0.006012883067131042,0.010292667508125306,0.0001868066545575857,0.00011930439359275624,2000,max_epochs,3.049458422989119
mu+sigma+eps,3,512,100,2,0,100,200,300,0.007541067600250244,0.012644254446029663,0.0003316414933651686,0.00019937663455493748,2000,max_epochs,3.0672780689783394
mu+sigma+eps,3,512,100,2,1,101,201,301,0.006289772689342499,0.010421721935272217,0.0002127906810492277,0.00011960264237131923,2000,max_epochs,3.073301348951645
mu+sigma+eps,3,512,100,2,2,102,202,302,0.008166150510311127,0.01178983747959137,0.0009151023533195258,7.712316437391564e-05,2000,max_epochs,3.0634835019591264
mu+sigma+eps,3,512,100,2,3,103,203,303,0.006703549265861511,0.012485034346580505,0.0002608785331249237,0.00019385773339308798,2000,max_epochs,3.067057202977594
mu+sigma+eps,3,512,100,2,4,104,204,304,0.00539042180776596,0.009415662288665772,0.00014964777696877717,0.00013640255201607943,2000,max_epochs,3.0688956750091165
mu+sigma+eps,3,512,100,2,5,105,205,305,0.006105923533439636,0.010193690776824952,0.0002237920593470335,0.00015140676987357438,2000,max_epochs,3.070782604976557
mu+sigma+eps,3,512,100,2,6,106,206,306,0.0100405592918396,0.019613543033599853,0.0004943879023194313,0.0005584564642049372,2000,max_epochs,3.0608575569931418
mu+sigma+eps,3,512,100,3,0,100,200,300,0.008468670606613158,0.015344964027404786,0.0003756984621286392,0.00026871656882576644,2000,max_epochs,3.0430885489913635
mu+sigma+eps,3,512,100,3,1,101,201,301,0.006250041842460632,0.010404319763183593,0.00020705579034984112,0.0001207268942380324,2000,max_epochs,3.0700530280009843
mu+sigma+eps,3,512,100,3,2,102,202,302,0.007886097371578216,0.011525817513465882,0.000853085158392787,8.28963311505504e-05,2000,max_epochs,3.0403401009971276
mu+sigma+eps,3,512,100,3,3,103,203,303,0.005154744982719422,0.008913001954555511,0.00013868016470223665,0.00010173146438319236,2000,max_epochs,3.0603349749580957
mu+sigma+eps,3,512,100,3,4,104,204,304,0.0034039107263088226,0.005996022880077362,5.9550282545387746e-05,5.401866292231716e-05,2000,max_epochs,3.0383370330091566
mu+sigma+eps,3,512,100,3,5,105,205,305,0.006596426665782929,0.011904867887496949,0.000256420474499464,0.0008671009563840926,2000,max_epochs,3.0900209469837137
mu+sigma+eps,3,512,100,3,6,106,206,306,0.06095201253890991,0.12079213905334472,0.01598146116733551,0.01704971306025982,2000,max_epochs,3.1183990049757995
mu+sigma+eps,3,512,100,4,0,100,200,300,0.006490530848503113,0.010430761694908142,0.00018653242290019988,0.00010970133007504046,2000,max_epochs,3.107670083991252
mu+sigma+eps,3,512,100,4,1,101,201,301,0.006254376053810119,0.010396135926246643,0.00020248959958553314,0.00012059302389388904,2000,max_epochs,3.0644591440213844
mu+sigma+eps,3,512,100,4,2,102,202,302,0.0077155444622039795,0.011435775637626648,0.0006511209625750781,8.538780821254477e-05,2000,max_epochs,3.050878722977359
mu+sigma+eps,3,512,100,4,3,103,203,303,0.015138213276863098,0.030567073583602906,0.0012257108092308044,0.0001555274793645367,2000,max_epochs,3.045478040992748
mu+sigma+eps,3,512,100,4,4,104,204,304,0.005443910896778106,0.009455381035804749,0.00015116798598319292,0.00013121166557539254,2000,max_epochs,3.0373618450248614
mu+sigma+eps,3,512,100,4,5,105,205,305,0.006608604252338409,0.01027252185344696,0.00033310764841735363,8.099745900835842e-05,2000,max_epochs,3.092131989018526
mu+sigma+eps,3,512,100,4,6,106,206,306,0.02587121057510376,0.05179972267150879,0.0030570575892925264,0.0021626194939017296,2000,max_epochs,3.0720396260148846
mu+sigma+eps,3,512,100,8,0,100,200,300,0.008581703841686248,0.01496385931968689,0.0003108515702188015,0.0005438615335151553,2000,max_epochs,3.0826684100320563
